,Mjob,Fjob,traveltime,studytime,failures,internet,freetime,absences,G1,G2,G3,Average,approved
0,2.0,3.0,2.0,2.0,0.0,0.0,3.0,4.0,0.0,11.0,11.0,7.0,0.0
1,2.0,0.0,1.0,2.0,0.0,1.0,3.0,2.0,9.0,11.0,11.0,10.0,0.0
2,2.0,0.0,1.0,2.0,0.0,1.0,3.0,6.0,12.0,13.0,12.0,12.0,0.0
3,4.0,1.0,1.0,3.0,0.0,1.0,2.0,0.0,14.0,14.0,14.0,14.0,0.0
4,0.0,0.0,1.0,2.0,0.0,0.0,3.0,0.0,11.0,13.0,13.0,12.0,0.0
5,1.0,0.0,1.0,2.0,0.0,1.0,4.0,6.0,12.0,12.0,13.0,12.0,0.0
6,0.0,0.0,1.0,2.0,0.0,1.0,4.0,0.0,13.0,12.0,13.0,12.0,0.0
7,0.0,3.0,2.0,2.0,0.0,0.0,1.0,2.0,10.0,13.0,13.0,12.0,0.0
8,1.0,0.0,1.0,2.0,0.0,1.0,2.0,0.0,15.0,16.0,17.0,16.0,1.0
9,0.0,0.0,1.0,2.0,0.0,1.0,5.0,0.0,12.0,12.0,13.0,12.0,0.0
10,3.0,4.0,1.0,2.0,0.0,1.0,3.0,2.0,14.0,14.0,14.0,14.0,0.0
11,1.0,0.0,3.0,3.0,0.0,1.0,2.0,0.0,10.0,12.0,13.0,11.0,0.0
12,4.0,1.0,1.0,1.0,0.0,1.0,3.0,0.0,12.0,13.0,12.0,12.0,0.0
13,3.0,0.0,2.0,2.0,0.0,1.0,4.0,0.0,12.0,12.0,13.0,12.0,0.0
14,0.0,0.0,1.0,3.0,0.0,1.0,5.0,0.0,14.0,14.0,15.0,14.0,0.0
15,4.0,0.0,1.0,1.0,0.0,1.0,4.0,6.0,17.0,17.0,17.0,17.0,1.0
16,1.0,1.0,1.0,3.0,0.0,1.0,2.0,10.0,13.0,13.0,14.0,13.0,0.0
17,0.0,0.0,3.0,2.0,0.0,0.0,3.0,2.0,13.0,14.0,14.0,13.0,0.0
18,1.0,1.0,1.0,1.0,3.0,1.0,5.0,2.0,8.0,8.0,7.0,7.0,0.0
19,4.0,0.0,1.0,1.0,0.0,1.0,1.0,6.0,12.0,12.0,12.0,12.0,0.0
20,3.0,0.0,1.0,2.0,0.0,1.0,4.0,0.0,12.0,13.0,14.0,13.0,0.0
21,4.0,4.0,1.0,1.0,0.0,1.0,4.0,0.0,11.0,12.0,12.0,11.0,0.0
22,3.0,0.0,1.0,2.0,0.0,1.0,5.0,0.0,12.0,13.0,14.0,13.0,0.0
23,0.0,0.0,2.0,2.0,0.0,1.0,4.0,2.0,10.0,10.0,10.0,10.0,0.0
24,1.0,4.0,1.0,3.0,0.0,1.0,3.0,2.0,10.0,11.0,10.0,10.0,0.0
25,1.0,1.0,1.0,1.0,0.0,1.0,2.0,6.0,10.0,11.0,12.0,11.0,0.0
26,0.0,0.0,1.0,1.0,0.0,1.0,2.0,8.0,11.0,12.0,12.0,11.0,0.0
27,4.0,1.0,1.0,1.0,0.0,1.0,2.0,0.0,11.0,11.0,11.0,11.0,0.0
28,1.0,0.0,1.0,2.0,0.0,1.0,3.0,2.0,12.0,12.0,13.0,12.0,0.0
29,3.0,3.0,1.0,2.0,0.0,1.0,4.0,4.0,12.0,11.0,12.0,11.0,0.0
30,4.0,1.0,1.0,2.0,0.0,1.0,4.0,0.0,10.0,11.0,11.0,10.0,0.0
31,1.0,1.0,2.0,2.0,0.0,1.0,3.0,2.0,15.0,15.0,15.0,15.0,1.0
32,3.0,2.0,1.0,2.0,0.0,1.0,5.0,0.0,13.0,14.0,15.0,14.0,0.0
33,0.0,0.0,1.0,2.0,0.0,1.0,3.0,0.0,13.0,12.0,12.0,12.0,0.0
34,0.0,0.0,1.0,1.0,0.0,1.0,4.0,4.0,12.0,12.0,12.0,12.0,0.0
35,0.0,0.0,2.0,1.0,0.0,0.0,5.0,4.0,11.0,11.0,11.0,11.0,0.0
36,3.0,1.0,1.0,3.0,0.0,1.0,4.0,0.0,14.0,14.0,14.0,14.0,0.0
37,0.0,3.0,2.0,3.0,0.0,1.0,4.0,4.0,13.0,13.0,13.0,13.0,0.0
38,1.0,4.0,1.0,3.0,0.0,1.0,3.0,2.0,11.0,12.0,12.0,11.0,0.0
39,2.0,0.0,1.0,1.0,0.0,0.0,3.0,8.0,14.0,13.0,12.0,13.0,0.0
40,0.0,0.0,2.0,2.0,0.0,1.0,3.0,16.0,11.0,11.0,10.0,10.0,0.0
41,3.0,0.0,1.0,1.0,0.0,1.0,4.0,8.0,10.0,11.0,11.0,10.0,0.0
42,1.0,3.0,1.0,2.0,0.0,1.0,3.0,0.0,14.0,15.0,15.0,14.0,0.0
43,1.0,1.0,1.0,1.0,0.0,1.0,4.0,0.0,9.0,10.0,10.0,9.0,0.0
44,0.0,2.0,2.0,2.0,1.0,1.0,3.0,14.0,10.0,11.0,11.0,10.0,0.0
45,0.0,0.0,1.0,2.0,0.0,1.0,2.0,4.0,10.0,11.0,11.0,10.0,0.0
46,0.0,1.0,1.0,2.0,0.0,1.0,3.0,6.0,13.0,12.0,13.0,12.0,0.0
47,4.0,1.0,1.0,4.0,0.0,1.0,2.0,2.0,17.0,17.0,17.0,17.0,1.0
48,3.0,0.0,1.0,2.0,0.0,0.0,3.0,4.0,11.0,12.0,13.0,12.0,0.0
49,1.0,3.0,1.0,2.0,0.0,1.0,4.0,2.0,13.0,12.0,12.0,12.0,0.0
50,1.0,1.0,3.0,2.0,0.0,1.0,3.0,0.0,14.0,13.0,13.0,13.0,0.0
51,4.0,0.0,1.0,2.0,0.0,1.0,3.0,0.0,16.0,14.0,16.0,15.0,1.0
52,4.0,4.0,2.0,1.0,0.0,0.0,5.0,4.0,10.0,9.0,9.0,9.0,0.0
53,1.0,1.0,1.0,1.0,0.0,1.0,3.0,0.0,13.0,12.0,12.0,12.0,0.0
54,0.0,0.0,1.0,1.0,0.0,1.0,3.0,0.0,13.0,12.0,13.0,12.0,0.0
55,0.0,0.0,1.0,2.0,0.0,1.0,3.0,2.0,12.0,13.0,12.0,12.0,0.0
56,1.0,1.0,1.0,2.0,0.0,1.0,3.0,0.0,15.0,14.0,15.0,14.0,0.0
57,3.0,4.0,1.0,2.0,0.0,0.0,2.0,8.0,15.0,15.0,16.0,15.0,1.0
58,0.0,2.0,1.0,2.0,0.0,1.0,3.0,0.0,14.0,13.0,14.0,13.0,0.0
59,1.0,0.0,1.0,2.0,0.0,1.0,2.0,2.0,16.0,15.0,16.0,15.0,1.0
60,4.0,3.0,1.0,2.0,0.0,0.0,4.0,0.0,17.0,16.0,16.0,16.0,1.0
61,1.0,1.0,4.0,1.0,0.0,1.0,5.0,0.0,10.0,10.0,16.0,12.0,0.0
62,0.0,1.0,1.0,2.0,0.0,1.0,4.0,0.0,13.0,13.0,10.0,12.0,0.0
63,3.0,4.0,1.0,3.0,0.0,1.0,4.0,0.0,14.0,13.0,13.0,13.0,0.0
64,1.0,1.0,1.0,2.0,0.0,1.0,4.0,0.0,13.0,12.0,12.0,12.0,0.0
65,3.0,1.0,3.0,2.0,0.0,1.0,4.0,2.0,16.0,15.0,16.0,15.0,1.0
66,0.0,1.0,1.0,4.0,0.0,1.0,3.0,0.0,11.0,12.0,12.0,11.0,0.0
67,1.0,0.0,1.0,4.0,0.0,1.0,3.0,0.0,10.0,9.0,10.0,9.0,0.0
68,4.0,1.0,2.0,2.0,0.0,1.0,1.0,0.0,11.0,10.0,11.0,10.0,0.0
69,0.0,0.0,2.0,4.0,0.0,1.0,4.0,6.0,15.0,15.0,15.0,15.0,1.0
70,0.0,0.0,2.0,4.0,0.0,1.0,3.0,2.0,13.0,11.0,11.0,11.0,0.0
71,0.0,0.0,1.0,4.0,0.0,1.0,3.0,0.0,11.0,9.0,10.0,10.0,0.0
72,0.0,0.0,1.0,2.0,0.0,1.0,3.0,2.0,13.0,11.0,11.0,11.0,0.0
73,0.0,0.0,1.0,1.0,0.0,0.0,3.0,0.0,13.0,13.0,14.0,13.0,0.0
74,0.0,1.0,1.0,2.0,0.0,1.0,3.0,4.0,11.0,11.0,11.0,11.0,0.0
75,3.0,0.0,1.0,2.0,0.0,1.0,3.0,0.0,11.0,11.0,11.0,11.0,0.0
76,3.0,0.0,2.0,4.0,0.0,1.0,4.0,0.0,12.0,11.0,11.0,11.0,0.0
77,0.0,0.0,1.0,4.0,0.0,1.0,2.0,1.0,13.0,13.0,13.0,13.0,0.0
78,0.0,0.0,2.0,1.0,3.0,1.0,5.0,0.0,9.0,9.0,10.0,9.0,0.0
79,2.0,0.0,1.0,2.0,0.0,1.0,4.0,14.0,12.0,11.0,11.0,11.0,0.0
80,0.0,1.0,1.0,1.0,0.0,1.0,2.0,0.0,11.0,11.0,12.0,11.0,0.0
81,0.0,0.0,1.0,3.0,0.0,1.0,3.0,2.0,10.0,9.0,9.0,9.0,0.0
82,1.0,0.0,1.0,2.0,0.0,1.0,4.0,4.0,12.0,11.0,11.0,11.0,0.0
83,1.0,1.0,2.0,2.0,0.0,1.0,3.0,2.0,13.0,12.0,13.0,12.0,0.0
84,0.0,0.0,1.0,2.0,0.0,1.0,3.0,2.0,13.0,12.0,12.0,12.0,0.0
85,1.0,1.0,2.0,2.0,0.0,1.0,4.0,4.0,12.0,11.0,12.0,11.0,0.0
86,2.0,0.0,1.0,2.0,0.0,0.0,3.0,6.0,13.0,11.0,11.0,11.0,0.0
87,0.0,0.0,1.0,3.0,0.0,1.0,3.0,4.0,15.0,15.0,15.0,15.0,1.0
88,1.0,0.0,2.0,2.0,0.0,1.0,4.0,6.0,12.0,10.0,11.0,11.0,0.0
89,3.0,4.0,1.0,2.0,0.0,0.0,1.0,6.0,9.0,9.0,10.0,9.0,0.0
90,0.0,0.0,1.0,3.0,0.0,1.0,3.0,2.0,9.0,11.0,11.0,10.0,0.0
91,1.0,0.0,1.0,1.0,0.0,1.0,5.0,6.0,14.0,13.0,13.0,13.0,0.0
92,0.0,0.0,1.0,2.0,0.0,0.0,3.0,0.0,12.0,13.0,12.0,12.0,0.0
93,3.0,1.0,2.0,2.0,0.0,1.0,3.0,2.0,13.0,14.0,14.0,13.0,0.0
94,1.0,4.0,1.0,4.0,0.0,1.0,3.0,2.0,11.0,12.0,12.0,11.0,0.0
95,2.0,0.0,2.0,4.0,0.0,1.0,1.0,4.0,13.0,13.0,13.0,13.0,0.0
96,1.0,0.0,2.0,1.0,0.0,1.0,3.0,6.0,9.0,11.0,11.0,10.0,0.0
97,0.0,0.0,1.0,2.0,0.0,0.0,3.0,0.0,13.0,12.0,12.0,12.0,0.0
98,0.0,0.0,1.0,1.0,0.0,1.0,3.0,4.0,12.0,13.0,13.0,12.0,0.0
99,0.0,2.0,1.0,3.0,0.0,1.0,3.0,2.0,12.0,13.0,13.0,12.0,0.0
100,1.0,1.0,1.0,1.0,0.0,1.0,5.0,12.0,9.0,9.0,8.0,8.0,0.0
101,1.0,3.0,1.0,3.0,0.0,1.0,4.0,0.0,16.0,16.0,16.0,16.0,1.0
102,1.0,0.0,1.0,1.0,0.0,1.0,3.0,2.0,12.0,13.0,12.0,12.0,0.0
103,1.0,0.0,2.0,2.0,0.0,1.0,3.0,16.0,11.0,10.0,10.0,10.0,0.0
104,1.0,0.0,1.0,2.0,0.0,1.0,4.0,0.0,16.0,16.0,16.0,16.0,1.0
105,0.0,4.0,1.0,4.0,0.0,0.0,3.0,10.0,10.0,10.0,10.0,10.0,0.0
106,0.0,0.0,1.0,4.0,0.0,1.0,1.0,4.0,10.0,10.0,10.0,10.0,0.0
107,1.0,0.0,1.0,3.0,0.0,1.0,3.0,4.0,13.0,14.0,14.0,13.0,0.0
108,0.0,0.0,4.0,4.0,0.0,1.0,3.0,8.0,12.0,10.0,11.0,11.0,0.0
109,4.0,4.0,1.0,3.0,0.0,1.0,4.0,2.0,15.0,15.0,14.0,14.0,0.0
110,3.0,3.0,1.0,1.0,0.0,1.0,5.0,4.0,13.0,14.0,14.0,13.0,0.0
111,1.0,0.0,1.0,3.0,0.0,1.0,1.0,4.0,11.0,11.0,11.0,11.0,0.0
112,2.0,0.0,1.0,2.0,1.0,1.0,1.0,12.0,8.0,10.0,10.0,9.0,0.0
113,3.0,0.0,1.0,1.0,0.0,1.0,5.0,10.0,18.0,17.0,18.0,17.0,1.0
114,4.0,1.0,1.0,2.0,0.0,1.0,4.0,4.0,10.0,9.0,10.0,9.0,0.0
115,3.0,3.0,1.0,2.0,0.0,1.0,4.0,6.0,16.0,14.0,14.0,14.0,0.0
116,0.0,3.0,2.0,2.0,0.0,0.0,4.0,4.0,16.0,15.0,16.0,15.0,1.0
117,0.0,1.0,2.0,1.0,0.0,1.0,4.0,6.0,14.0,14.0,15.0,14.0,0.0
118,0.0,0.0,3.0,2.0,1.0,1.0,2.0,14.0,12.0,11.0,11.0,11.0,0.0
119,0.0,0.0,1.0,1.0,0.0,1.0,4.0,2.0,14.0,13.0,14.0,13.0,0.0
120,2.0,1.0,1.0,2.0,0.0,1.0,2.0,0.0,14.0,14.0,14.0,14.0,0.0
121,1.0,1.0,1.0,4.0,0.0,1.0,5.0,6.0,14.0,13.0,13.0,13.0,0.0
122,0.0,4.0,2.0,2.0,0.0,1.0,2.0,2.0,14.0,12.0,13.0,13.0,0.0
123,4.0,0.0,1.0,1.0,0.0,1.0,4.0,4.0,12.0,13.0,13.0,12.0,0.0
124,0.0,0.0,1.0,2.0,0.0,1.0,4.0,0.0,12.0,11.0,11.0,11.0,0.0
125,1.0,1.0,1.0,1.0,0.0,1.0,5.0,2.0,9.0,9.0,9.0,9.0,0.0
126,0.0,0.0,1.0,2.0,0.0,1.0,3.0,0.0,10.0,11.0,11.0,10.0,0.0
127,2.0,0.0,1.0,2.0,2.0,0.0,4.0,0.0,9.0,10.0,11.0,10.0,0.0
128,3.0,3.0,1.0,1.0,0.0,1.0,5.0,8.0,14.0,14.0,15.0,14.0,0.0
129,0.0,0.0,2.0,3.0,0.0,1.0,2.0,4.0,13.0,12.0,13.0,12.0,0.0
130,1.0,3.0,2.0,3.0,0.0,1.0,2.0,0.0,10.0,11.0,12.0,11.0,0.0
131,1.0,0.0,1.0,2.0,3.0,1.0,4.0,10.0,10.0,9.0,8.0,9.0,0.0
132,0.0,0.0,3.0,1.0,0.0,1.0,2.0,8.0,11.0,10.0,11.0,10.0,0.0
133,2.0,0.0,3.0,1.0,0.0,1.0,3.0,6.0,11.0,12.0,13.0,12.0,0.0
134,0.0,0.0,1.0,1.0,0.0,1.0,4.0,2.0,13.0,12.0,12.0,12.0,0.0
135,1.0,0.0,1.0,1.0,0.0,1.0,2.0,12.0,15.0,13.0,14.0,14.0,0.0
136,2.0,0.0,4.0,1.0,0.0,0.0,2.0,4.0,9.0,9.0,11.0,9.0,0.0
137,0.0,0.0,1.0,1.0,1.0,0.0,3.0,12.0,13.0,11.0,11.0,11.0,0.0
138,2.0,3.0,4.0,2.0,0.0,0.0,3.0,2.0,12.0,11.0,11.0,11.0,0.0
139,1.0,2.0,1.0,3.0,0.0,1.0,3.0,4.0,13.0,14.0,15.0,14.0,0.0
140,2.0,0.0,3.0,2.0,0.0,0.0,4.0,2.0,10.0,9.0,10.0,9.0,0.0
141,2.0,0.0,4.0,2.0,0.0,0.0,1.0,0.0,14.0,13.0,13.0,13.0,0.0
142,1.0,1.0,2.0,1.0,0.0,1.0,3.0,2.0,11.0,11.0,12.0,11.0,0.0
143,0.0,1.0,1.0,3.0,0.0,1.0,3.0,10.0,12.0,11.0,11.0,11.0,0.0
144,0.0,1.0,2.0,1.0,0.0,0.0,3.0,8.0,12.0,11.0,11.0,11.0,0.0
145,0.0,0.0,2.0,1.0,0.0,1.0,3.0,4.0,9.0,9.0,10.0,9.0,0.0
146,1.0,0.0,1.0,2.0,2.0,0.0,4.0,0.0,10.0,10.0,10.0,10.0,0.0
147,3.0,3.0,2.0,1.0,0.0,1.0,3.0,6.0,13.0,14.0,14.0,13.0,0.0
148,0.0,0.0,3.0,1.0,1.0,1.0,5.0,2.0,8.0,9.0,9.0,8.0,0.0
149,3.0,1.0,2.0,4.0,0.0,1.0,2.0,6.0,9.0,11.0,11.0,10.0,0.0
150,1.0,1.0,1.0,2.0,0.0,0.0,3.0,24.0,9.0,8.0,9.0,8.0,0.0
151,1.0,1.0,1.0,3.0,0.0,1.0,3.0,0.0,15.0,13.0,13.0,13.0,0.0
152,1.0,1.0,2.0,1.0,0.0,1.0,3.0,4.0,12.0,11.0,11.0,11.0,0.0
153,3.0,1.0,1.0,3.0,0.0,1.0,2.0,2.0,13.0,13.0,13.0,13.0,0.0
154,2.0,2.0,1.0,1.0,0.0,1.0,4.0,4.0,10.0,11.0,11.0,10.0,0.0
155,0.0,0.0,1.0,1.0,0.0,1.0,4.0,22.0,9.0,7.0,6.0,7.0,0.0
156,0.0,1.0,1.0,2.0,0.0,1.0,4.0,0.0,12.0,12.0,12.0,12.0,0.0
157,2.0,0.0,2.0,1.0,0.0,1.0,4.0,0.0,11.0,10.0,10.0,10.0,0.0
158,4.0,1.0,1.0,2.0,1.0,1.0,3.0,2.0,11.0,11.0,11.0,11.0,0.0
159,2.0,0.0,1.0,2.0,0.0,1.0,3.0,6.0,13.0,12.0,13.0,12.0,0.0
160,2.0,1.0,1.0,2.0,0.0,0.0,3.0,6.0,11.0,11.0,11.0,11.0,0.0
161,3.0,3.0,1.0,1.0,0.0,1.0,3.0,16.0,9.0,9.0,8.0,8.0,0.0
162,1.0,0.0,4.0,1.0,0.0,1.0,5.0,0.0,12.0,11.0,11.0,11.0,0.0
163,0.0,0.0,1.0,1.0,2.0,1.0,3.0,0.0,11.0,9.0,0.0,6.0,0.0
164,2.0,0.0,1.0,1.0,1.0,0.0,4.0,6.0,9.0,10.0,10.0,9.0,0.0
165,1.0,1.0,2.0,3.0,0.0,1.0,2.0,2.0,13.0,13.0,13.0,13.0,0.0
166,1.0,2.0,1.0,1.0,0.0,1.0,5.0,6.0,11.0,9.0,11.0,10.0,0.0
167,0.0,3.0,1.0,1.0,0.0,0.0,2.0,0.0,13.0,13.0,13.0,13.0,0.0
168,2.0,1.0,1.0,2.0,0.0,0.0,4.0,0.0,7.0,8.0,8.0,7.0,0.0
169,0.0,0.0,1.0,1.0,3.0,0.0,2.0,14.0,9.0,8.0,10.0,9.0,0.0
170,2.0,0.0,3.0,1.0,3.0,0.0,2.0,6.0,11.0,10.0,11.0,10.0,0.0
171,2.0,0.0,3.0,1.0,0.0,0.0,2.0,4.0,12.0,10.0,11.0,11.0,0.0
172,0.0,1.0,1.0,2.0,1.0,1.0,5.0,0.0,10.0,10.0,1.0,7.0,0.0
173,4.0,1.0,2.0,1.0,2.0,1.0,4.0,0.0,9.0,8.0,10.0,9.0,0.0
174,2.0,0.0,2.0,1.0,1.0,1.0,3.0,8.0,8.0,8.0,9.0,8.0,0.0
175,0.0,0.0,2.0,2.0,2.0,1.0,4.0,4.0,7.0,6.0,8.0,7.0,0.0
176,0.0,0.0,2.0,1.0,0.0,0.0,4.0,2.0,8.0,9.0,10.0,9.0,0.0
177,2.0,1.0,1.0,1.0,1.0,1.0,3.0,2.0,9.0,8.0,8.0,8.0,0.0
178,0.0,1.0,4.0,2.0,0.0,0.0,3.0,0.0,8.0,8.0,8.0,8.0,0.0
179,1.0,1.0,2.0,1.0,3.0,0.0,5.0,10.0,8.0,7.0,8.0,7.0,0.0
180,0.0,0.0,1.0,2.0,0.0,1.0,3.0,0.0,9.0,10.0,11.0,10.0,0.0
181,4.0,1.0,1.0,2.0,0.0,1.0,2.0,0.0,17.0,17.0,18.0,17.0,1.0
182,0.0,0.0,1.0,2.0,0.0,1.0,1.0,0.0,12.0,12.0,13.0,12.0,0.0
183,4.0,4.0,1.0,2.0,0.0,1.0,4.0,0.0,16.0,16.0,17.0,16.0,1.0
184,0.0,0.0,3.0,1.0,1.0,1.0,4.0,4.0,9.0,9.0,10.0,9.0,0.0
185,0.0,0.0,2.0,2.0,0.0,1.0,3.0,0.0,16.0,17.0,18.0,17.0,1.0
186,3.0,0.0,1.0,2.0,0.0,1.0,4.0,0.0,11.0,9.0,10.0,10.0,0.0
187,2.0,1.0,1.0,2.0,0.0,1.0,3.0,0.0,14.0,13.0,13.0,13.0,0.0
188,0.0,0.0,2.0,2.0,0.0,1.0,4.0,0.0,14.0,14.0,15.0,14.0,0.0
189,3.0,0.0,2.0,2.0,0.0,1.0,4.0,0.0,10.0,11.0,11.0,10.0,0.0
190,1.0,0.0,2.0,2.0,0.0,1.0,4.0,0.0,13.0,12.0,14.0,13.0,0.0
191,0.0,0.0,1.0,2.0,0.0,1.0,3.0,4.0,11.0,9.0,10.0,10.0,0.0
192,3.0,1.0,1.0,1.0,0.0,1.0,3.0,8.0,10.0,9.0,11.0,10.0,0.0
193,0.0,0.0,1.0,2.0,0.0,1.0,2.0,4.0,11.0,11.0,13.0,11.0,0.0
194,3.0,0.0,1.0,2.0,0.0,1.0,4.0,4.0,11.0,10.0,11.0,10.0,0.0
195,1.0,0.0,1.0,2.0,0.0,1.0,2.0,0.0,11.0,12.0,13.0,12.0,0.0
196,1.0,1.0,1.0,2.0,0.0,0.0,4.0,0.0,17.0,18.0,17.0,17.0,1.0
197,0.0,0.0,1.0,2.0,0.0,1.0,3.0,32.0,14.0,13.0,14.0,13.0,0.0
198,0.0,0.0,1.0,2.0,0.0,1.0,2.0,8.0,14.0,15.0,16.0,15.0,1.0
199,1.0,1.0,1.0,2.0,0.0,1.0,3.0,6.0,11.0,13.0,14.0,12.0,0.0
200,1.0,1.0,1.0,1.0,0.0,1.0,3.0,0.0,10.0,9.0,11.0,10.0,0.0
201,0.0,0.0,1.0,2.0,0.0,1.0,2.0,0.0,13.0,14.0,16.0,14.0,0.0
202,4.0,0.0,1.0,2.0,0.0,1.0,3.0,10.0,12.0,13.0,14.0,13.0,0.0
203,2.0,0.0,1.0,2.0,0.0,0.0,1.0,6.0,9.0,9.0,10.0,9.0,0.0
204,1.0,1.0,1.0,2.0,0.0,1.0,3.0,6.0,12.0,12.0,13.0,12.0,0.0
205,2.0,1.0,1.0,2.0,0.0,1.0,3.0,0.0,12.0,11.0,12.0,11.0,0.0
206,2.0,1.0,2.0,2.0,0.0,1.0,4.0,16.0,10.0,11.0,12.0,11.0,0.0
207,1.0,1.0,1.0,1.0,0.0,1.0,3.0,0.0,11.0,10.0,10.0,10.0,0.0
208,0.0,0.0,2.0,1.0,0.0,1.0,3.0,0.0,13.0,12.0,12.0,12.0,0.0
209,1.0,1.0,1.0,2.0,0.0,1.0,3.0,8.0,14.0,15.0,16.0,15.0,1.0
210,1.0,3.0,1.0,1.0,0.0,1.0,2.0,4.0,13.0,13.0,14.0,13.0,0.0
211,3.0,0.0,3.0,1.0,0.0,1.0,3.0,16.0,10.0,11.0,12.0,11.0,0.0
212,1.0,3.0,2.0,1.0,1.0,1.0,2.0,30.0,14.0,15.0,16.0,15.0,1.0
213,3.0,3.0,1.0,2.0,0.0,1.0,5.0,0.0,11.0,10.0,11.0,10.0,0.0
214,4.0,0.0,1.0,2.0,0.0,1.0,3.0,2.0,14.0,14.0,15.0,14.0,0.0
215,0.0,0.0,1.0,2.0,0.0,0.0,4.0,4.0,11.0,12.0,12.0,11.0,0.0
216,0.0,0.0,1.0,2.0,0.0,0.0,4.0,0.0,14.0,15.0,15.0,14.0,0.0
217,0.0,0.0,1.0,1.0,0.0,1.0,3.0,21.0,13.0,13.0,13.0,13.0,0.0
218,1.0,1.0,2.0,4.0,0.0,1.0,3.0,6.0,13.0,13.0,13.0,13.0,0.0
219,2.0,1.0,1.0,3.0,1.0,1.0,4.0,14.0,8.0,9.0,8.0,8.0,0.0
220,1.0,0.0,1.0,2.0,0.0,1.0,3.0,2.0,11.0,11.0,12.0,11.0,0.0
221,3.0,0.0,1.0,2.0,0.0,1.0,3.0,4.0,14.0,15.0,15.0,14.0,0.0
222,2.0,0.0,2.0,1.0,0.0,0.0,3.0,2.0,12.0,13.0,13.0,12.0,0.0
223,3.0,0.0,2.0,3.0,0.0,1.0,4.0,0.0,11.0,12.0,12.0,11.0,0.0
224,0.0,0.0,1.0,4.0,0.0,1.0,3.0,4.0,12.0,12.0,12.0,12.0,0.0
225,1.0,0.0,1.0,2.0,0.0,1.0,3.0,15.0,13.0,12.0,12.0,12.0,0.0
226,0.0,0.0,1.0,2.0,0.0,1.0,3.0,0.0,13.0,13.0,13.0,13.0,0.0
227,1.0,0.0,1.0,2.0,0.0,1.0,4.0,10.0,12.0,11.0,11.0,11.0,0.0
228,1.0,0.0,1.0,1.0,0.0,0.0,2.0,6.0,12.0,11.0,11.0,11.0,0.0
229,0.0,0.0,2.0,2.0,0.0,1.0,4.0,2.0,14.0,16.0,15.0,15.0,1.0
230,0.0,0.0,1.0,2.0,0.0,1.0,4.0,16.0,11.0,9.0,10.0,10.0,0.0
231,1.0,4.0,1.0,2.0,0.0,1.0,2.0,10.0,10.0,10.0,10.0,10.0,0.0
232,2.0,0.0,2.0,1.0,0.0,0.0,3.0,4.0,12.0,13.0,13.0,12.0,0.0
233,2.0,2.0,1.0,3.0,0.0,1.0,3.0,0.0,12.0,12.0,13.0,12.0,0.0
234,2.0,1.0,2.0,2.0,0.0,1.0,2.0,0.0,11.0,10.0,11.0,10.0,0.0
235,2.0,0.0,1.0,3.0,0.0,0.0,3.0,12.0,12.0,12.0,12.0,12.0,0.0
236,1.0,3.0,1.0,2.0,0.0,1.0,3.0,0.0,13.0,13.0,14.0,13.0,0.0
237,0.0,0.0,2.0,2.0,3.0,1.0,3.0,9.0,10.0,9.0,10.0,9.0,0.0
238,3.0,1.0,1.0,3.0,0.0,1.0,3.0,4.0,15.0,16.0,16.0,15.0,1.0
239,0.0,0.0,1.0,2.0,0.0,1.0,3.0,4.0,8.0,8.0,8.0,8.0,0.0
240,0.0,0.0,1.0,2.0,0.0,1.0,3.0,2.0,17.0,18.0,17.0,17.0,1.0
241,1.0,1.0,1.0,2.0,0.0,1.0,3.0,0.0,10.0,11.0,11.0,10.0,0.0
242,2.0,0.0,4.0,2.0,0.0,1.0,3.0,2.0,9.0,10.0,11.0,10.0,0.0
243,0.0,0.0,2.0,3.0,0.0,1.0,2.0,0.0,15.0,15.0,16.0,15.0,1.0
244,4.0,0.0,1.0,2.0,0.0,1.0,2.0,0.0,14.0,12.0,12.0,12.0,0.0
245,0.0,0.0,2.0,2.0,0.0,1.0,5.0,0.0,12.0,13.0,13.0,12.0,0.0
246,3.0,3.0,1.0,2.0,0.0,1.0,5.0,0.0,13.0,13.0,13.0,13.0,0.0
247,4.0,0.0,1.0,2.0,0.0,1.0,2.0,0.0,13.0,13.0,14.0,13.0,0.0
248,0.0,0.0,2.0,2.0,0.0,1.0,4.0,2.0,9.0,9.0,9.0,9.0,0.0
249,2.0,0.0,2.0,3.0,0.0,1.0,3.0,0.0,12.0,12.0,12.0,12.0,0.0
250,0.0,0.0,1.0,2.0,0.0,1.0,4.0,0.0,16.0,16.0,16.0,16.0,1.0
251,0.0,0.0,1.0,1.0,0.0,1.0,5.0,4.0,9.0,10.0,10.0,9.0,0.0
252,0.0,0.0,1.0,2.0,0.0,1.0,3.0,0.0,14.0,13.0,13.0,13.0,0.0
253,1.0,0.0,2.0,2.0,1.0,1.0,3.0,18.0,10.0,10.0,10.0,10.0,0.0
254,2.0,1.0,1.0,2.0,1.0,1.0,3.0,16.0,9.0,8.0,10.0,9.0,0.0
255,0.0,0.0,2.0,1.0,1.0,1.0,1.0,14.0,8.0,7.0,7.0,7.0,0.0
256,0.0,2.0,1.0,1.0,1.0,1.0,4.0,26.0,7.0,8.0,8.0,7.0,0.0
257,3.0,3.0,1.0,1.0,0.0,1.0,2.0,6.0,10.0,8.0,9.0,9.0,0.0
258,0.0,0.0,1.0,2.0,0.0,0.0,4.0,4.0,14.0,14.0,15.0,14.0,0.0
259,2.0,2.0,1.0,3.0,0.0,1.0,3.0,10.0,11.0,10.0,10.0,10.0,0.0
260,0.0,0.0,1.0,1.0,0.0,1.0,3.0,4.0,12.0,11.0,11.0,11.0,0.0
261,2.0,1.0,3.0,2.0,0.0,0.0,1.0,2.0,13.0,13.0,13.0,13.0,0.0
262,0.0,0.0,4.0,1.0,1.0,1.0,5.0,14.0,9.0,9.0,8.0,8.0,0.0
263,0.0,1.0,1.0,2.0,0.0,1.0,5.0,16.0,8.0,7.0,8.0,7.0,0.0
264,0.0,0.0,1.0,1.0,1.0,1.0,1.0,8.0,11.0,9.0,10.0,10.0,0.0
265,2.0,0.0,2.0,3.0,0.0,1.0,3.0,4.0,15.0,14.0,15.0,14.0,0.0
266,3.0,0.0,1.0,2.0,0.0,0.0,3.0,4.0,15.0,14.0,14.0,14.0,0.0
267,4.0,0.0,2.0,2.0,0.0,1.0,5.0,8.0,15.0,15.0,15.0,15.0,1.0
268,3.0,0.0,2.0,2.0,0.0,1.0,3.0,0.0,12.0,12.0,12.0,12.0,0.0
269,3.0,0.0,1.0,1.0,0.0,1.0,4.0,7.0,14.0,14.0,15.0,14.0,0.0
270,1.0,1.0,1.0,1.0,0.0,1.0,3.0,4.0,14.0,15.0,15.0,14.0,0.0
271,3.0,1.0,1.0,2.0,0.0,1.0,3.0,2.0,11.0,11.0,12.0,11.0,0.0
272,0.0,0.0,2.0,3.0,0.0,1.0,3.0,2.0,13.0,14.0,15.0,14.0,0.0
273,1.0,0.0,2.0,3.0,0.0,1.0,2.0,10.0,11.0,11.0,11.0,11.0,0.0
274,2.0,0.0,1.0,2.0,0.0,0.0,3.0,10.0,10.0,9.0,10.0,9.0,0.0
275,0.0,0.0,2.0,3.0,0.0,1.0,4.0,10.0,12.0,10.0,11.0,11.0,0.0
276,0.0,0.0,3.0,1.0,0.0,1.0,3.0,7.0,15.0,16.0,16.0,15.0,1.0
277,0.0,1.0,1.0,2.0,0.0,0.0,3.0,4.0,11.0,10.0,11.0,10.0,0.0
278,0.0,0.0,2.0,1.0,0.0,1.0,2.0,2.0,9.0,12.0,13.0,11.0,0.0
279,1.0,1.0,1.0,1.0,3.0,1.0,4.0,12.0,7.0,8.0,5.0,6.0,0.0
280,0.0,1.0,1.0,2.0,0.0,1.0,3.0,8.0,10.0,9.0,10.0,9.0,0.0
281,0.0,0.0,1.0,1.0,0.0,1.0,3.0,0.0,11.0,12.0,11.0,11.0,0.0
282,1.0,0.0,2.0,1.0,0.0,1.0,4.0,8.0,7.0,8.0,7.0,7.0,0.0
283,2.0,0.0,3.0,2.0,1.0,1.0,3.0,4.0,9.0,11.0,10.0,10.0,0.0
284,1.0,1.0,1.0,1.0,2.0,1.0,2.0,4.0,7.0,8.0,6.0,7.0,0.0
285,0.0,0.0,2.0,1.0,0.0,0.0,3.0,2.0,14.0,13.0,12.0,13.0,0.0
286,0.0,0.0,1.0,1.0,0.0,1.0,4.0,0.0,12.0,12.0,13.0,12.0,0.0
287,4.0,0.0,2.0,1.0,1.0,1.0,4.0,0.0,9.0,10.0,10.0,9.0,0.0
288,0.0,0.0,1.0,2.0,0.0,1.0,3.0,2.0,12.0,12.0,13.0,12.0,0.0
289,3.0,1.0,1.0,4.0,0.0,1.0,2.0,2.0,14.0,15.0,17.0,15.0,1.0
290,1.0,1.0,1.0,2.0,0.0,1.0,3.0,0.0,10.0,10.0,11.0,10.0,0.0
291,1.0,0.0,3.0,2.0,1.0,1.0,4.0,4.0,11.0,10.0,11.0,10.0,0.0
292,0.0,0.0,1.0,3.0,0.0,1.0,3.0,2.0,11.0,12.0,14.0,12.0,0.0
293,0.0,2.0,1.0,3.0,0.0,0.0,4.0,4.0,11.0,12.0,14.0,12.0,0.0
294,0.0,0.0,1.0,2.0,0.0,0.0,2.0,4.0,11.0,11.0,13.0,11.0,0.0
295,1.0,2.0,1.0,2.0,0.0,1.0,3.0,4.0,11.0,13.0,14.0,12.0,0.0
296,0.0,0.0,1.0,2.0,0.0,1.0,2.0,2.0,16.0,16.0,16.0,16.0,1.0
297,0.0,1.0,2.0,1.0,0.0,0.0,2.0,0.0,9.0,10.0,10.0,9.0,0.0
298,1.0,1.0,1.0,4.0,0.0,1.0,4.0,2.0,10.0,11.0,12.0,11.0,0.0
299,0.0,0.0,2.0,2.0,0.0,1.0,2.0,8.0,10.0,12.0,12.0,11.0,0.0
300,1.0,0.0,1.0,2.0,0.0,1.0,1.0,2.0,15.0,15.0,15.0,15.0,1.0
301,3.0,0.0,1.0,2.0,0.0,1.0,3.0,2.0,10.0,10.0,11.0,10.0,0.0
302,0.0,0.0,1.0,3.0,0.0,0.0,3.0,2.0,10.0,11.0,12.0,11.0,0.0
303,0.0,0.0,1.0,3.0,0.0,0.0,2.0,2.0,15.0,12.0,13.0,13.0,0.0
304,2.0,1.0,1.0,3.0,0.0,1.0,3.0,0.0,11.0,12.0,13.0,12.0,0.0
305,0.0,0.0,2.0,1.0,0.0,1.0,4.0,8.0,8.0,8.0,9.0,8.0,0.0
306,0.0,0.0,2.0,2.0,0.0,1.0,2.0,6.0,15.0,16.0,16.0,15.0,1.0
307,1.0,0.0,1.0,2.0,0.0,1.0,4.0,0.0,11.0,11.0,14.0,12.0,0.0
308,3.0,0.0,2.0,2.0,0.0,1.0,3.0,8.0,10.0,11.0,12.0,11.0,0.0
309,4.0,0.0,1.0,2.0,0.0,1.0,4.0,4.0,10.0,12.0,14.0,12.0,0.0
310,0.0,0.0,2.0,2.0,0.0,1.0,3.0,12.0,8.0,9.0,10.0,9.0,0.0
311,0.0,1.0,1.0,2.0,0.0,1.0,3.0,16.0,11.0,12.0,12.0,11.0,0.0
312,0.0,1.0,1.0,4.0,0.0,1.0,5.0,10.0,16.0,16.0,16.0,16.0,1.0
313,0.0,0.0,2.0,2.0,0.0,0.0,4.0,2.0,13.0,13.0,13.0,13.0,0.0
314,2.0,2.0,1.0,2.0,0.0,0.0,5.0,2.0,16.0,17.0,18.0,17.0,1.0
315,0.0,0.0,1.0,2.0,0.0,1.0,2.0,8.0,14.0,14.0,15.0,14.0,0.0
316,2.0,4.0,2.0,2.0,0.0,1.0,3.0,6.0,15.0,16.0,16.0,15.0,1.0
317,1.0,0.0,2.0,2.0,0.0,1.0,4.0,6.0,12.0,12.0,12.0,12.0,0.0
318,0.0,1.0,2.0,2.0,0.0,1.0,1.0,15.0,12.0,9.0,10.0,10.0,0.0
319,3.0,1.0,2.0,1.0,0.0,1.0,2.0,6.0,11.0,12.0,12.0,11.0,0.0
320,4.0,4.0,1.0,2.0,1.0,1.0,4.0,2.0,14.0,12.0,13.0,13.0,0.0
321,0.0,1.0,3.0,3.0,0.0,1.0,2.0,8.0,13.0,15.0,15.0,14.0,0.0
322,1.0,1.0,1.0,2.0,1.0,1.0,3.0,0.0,9.0,8.0,10.0,9.0,0.0
323,3.0,1.0,2.0,1.0,0.0,1.0,2.0,0.0,10.0,10.0,10.0,10.0,0.0
324,2.0,0.0,2.0,1.0,0.0,1.0,4.0,10.0,10.0,10.0,11.0,10.0,0.0
325,1.0,0.0,2.0,1.0,0.0,1.0,5.0,22.0,11.0,11.0,10.0,10.0,0.0
326,3.0,1.0,1.0,1.0,0.0,1.0,4.0,18.0,13.0,13.0,13.0,13.0,0.0
327,2.0,0.0,2.0,4.0,0.0,0.0,2.0,2.0,17.0,17.0,18.0,17.0,1.0
328,0.0,0.0,2.0,2.0,0.0,1.0,4.0,0.0,12.0,13.0,13.0,12.0,0.0
329,0.0,0.0,1.0,2.0,0.0,1.0,4.0,12.0,12.0,12.0,14.0,12.0,0.0
330,0.0,0.0,2.0,2.0,0.0,1.0,3.0,10.0,12.0,13.0,14.0,13.0,0.0
331,0.0,0.0,1.0,2.0,0.0,1.0,3.0,0.0,12.0,12.0,12.0,12.0,0.0
332,2.0,2.0,1.0,3.0,0.0,1.0,3.0,0.0,18.0,18.0,18.0,18.0,1.0
333,1.0,3.0,1.0,3.0,0.0,1.0,3.0,0.0,13.0,13.0,14.0,13.0,0.0
334,1.0,1.0,1.0,3.0,0.0,1.0,2.0,0.0,14.0,15.0,15.0,14.0,0.0
335,3.0,3.0,1.0,2.0,0.0,1.0,4.0,0.0,17.0,17.0,17.0,17.0,1.0
336,3.0,0.0,1.0,2.0,0.0,1.0,3.0,2.0,15.0,16.0,16.0,15.0,1.0
337,4.0,1.0,1.0,3.0,0.0,1.0,2.0,0.0,17.0,18.0,18.0,17.0,1.0
338,1.0,0.0,2.0,4.0,0.0,0.0,1.0,0.0,18.0,19.0,19.0,18.0,1.0
339,1.0,0.0,2.0,3.0,0.0,1.0,4.0,0.0,14.0,15.0,15.0,14.0,0.0
340,4.0,0.0,1.0,1.0,0.0,1.0,4.0,0.0,14.0,15.0,15.0,14.0,0.0
341,4.0,0.0,2.0,2.0,0.0,1.0,3.0,2.0,14.0,13.0,13.0,13.0,0.0
342,0.0,0.0,2.0,2.0,0.0,1.0,4.0,0.0,13.0,14.0,14.0,13.0,0.0
343,0.0,0.0,1.0,4.0,0.0,1.0,3.0,0.0,16.0,17.0,17.0,16.0,1.0
344,3.0,3.0,1.0,1.0,0.0,1.0,4.0,0.0,18.0,18.0,17.0,17.0,1.0
345,4.0,0.0,1.0,2.0,0.0,1.0,2.0,0.0,14.0,15.0,15.0,14.0,0.0
346,0.0,3.0,2.0,1.0,0.0,1.0,1.0,0.0,12.0,13.0,13.0,12.0,0.0
347,1.0,1.0,2.0,3.0,0.0,1.0,3.0,0.0,7.0,7.0,8.0,7.0,0.0
348,0.0,0.0,2.0,3.0,0.0,1.0,3.0,0.0,16.0,16.0,16.0,16.0,1.0
349,4.0,4.0,1.0,4.0,0.0,1.0,2.0,0.0,18.0,18.0,18.0,18.0,1.0
350,2.0,1.0,2.0,3.0,1.0,1.0,3.0,0.0,9.0,10.0,11.0,10.0,0.0
351,1.0,0.0,1.0,1.0,2.0,0.0,5.0,0.0,14.0,15.0,15.0,14.0,0.0
352,0.0,1.0,1.0,2.0,0.0,0.0,5.0,0.0,10.0,10.0,11.0,10.0,0.0
353,0.0,3.0,1.0,2.0,0.0,0.0,4.0,2.0,10.0,10.0,11.0,10.0,0.0
354,1.0,0.0,2.0,2.0,0.0,1.0,3.0,2.0,12.0,12.0,15.0,13.0,0.0
355,0.0,0.0,2.0,2.0,0.0,1.0,2.0,2.0,11.0,12.0,14.0,12.0,0.0
356,3.0,3.0,1.0,1.0,0.0,1.0,4.0,2.0,15.0,16.0,17.0,16.0,1.0
357,0.0,0.0,1.0,3.0,0.0,1.0,3.0,2.0,14.0,15.0,17.0,15.0,1.0
358,4.0,1.0,2.0,1.0,0.0,1.0,2.0,8.0,12.0,12.0,15.0,13.0,0.0
359,2.0,1.0,1.0,3.0,0.0,1.0,3.0,2.0,15.0,15.0,17.0,15.0,1.0
360,2.0,0.0,1.0,2.0,0.0,1.0,1.0,8.0,11.0,12.0,14.0,12.0,0.0
361,4.0,0.0,2.0,2.0,0.0,1.0,4.0,9.0,11.0,10.0,10.0,10.0,0.0
362,3.0,0.0,1.0,2.0,0.0,1.0,4.0,0.0,12.0,11.0,13.0,12.0,0.0
363,0.0,0.0,1.0,1.0,0.0,1.0,4.0,4.0,11.0,12.0,14.0,12.0,0.0
364,4.0,4.0,1.0,1.0,0.0,1.0,3.0,2.0,14.0,15.0,17.0,15.0,1.0
365,1.0,1.0,1.0,2.0,0.0,1.0,2.0,14.0,15.0,14.0,17.0,15.0,1.0
366,1.0,0.0,1.0,2.0,0.0,1.0,3.0,0.0,12.0,12.0,13.0,12.0,0.0
367,0.0,0.0,1.0,2.0,0.0,1.0,2.0,2.0,11.0,12.0,14.0,12.0,0.0
368,0.0,0.0,1.0,1.0,0.0,1.0,2.0,2.0,8.0,9.0,11.0,9.0,0.0
369,0.0,0.0,3.0,3.0,0.0,0.0,5.0,12.0,10.0,10.0,11.0,10.0,0.0
370,0.0,0.0,3.0,2.0,2.0,1.0,3.0,2.0,8.0,8.0,9.0,8.0,0.0
371,0.0,0.0,1.0,1.0,0.0,1.0,3.0,2.0,10.0,10.0,10.0,10.0,0.0
372,0.0,0.0,1.0,2.0,0.0,0.0,2.0,4.0,14.0,13.0,13.0,13.0,0.0
373,1.0,1.0,1.0,3.0,0.0,1.0,3.0,0.0,11.0,11.0,10.0,10.0,0.0
374,1.0,1.0,1.0,3.0,0.0,1.0,4.0,0.0,17.0,18.0,17.0,17.0,1.0
375,2.0,2.0,2.0,3.0,0.0,1.0,3.0,0.0,14.0,14.0,15.0,14.0,0.0
376,0.0,0.0,2.0,3.0,0.0,1.0,5.0,0.0,14.0,14.0,14.0,14.0,0.0
377,0.0,0.0,1.0,3.0,0.0,1.0,3.0,0.0,13.0,14.0,13.0,13.0,0.0
378,0.0,1.0,1.0,1.0,0.0,1.0,3.0,0.0,17.0,18.0,17.0,17.0,1.0
379,1.0,0.0,4.0,1.0,0.0,1.0,4.0,2.0,11.0,10.0,10.0,10.0,0.0
380,3.0,1.0,1.0,3.0,0.0,1.0,4.0,0.0,13.0,12.0,13.0,12.0,0.0
381,3.0,3.0,2.0,3.0,0.0,1.0,3.0,4.0,15.0,14.0,15.0,14.0,0.0
382,2.0,0.0,1.0,1.0,0.0,1.0,2.0,2.0,11.0,12.0,11.0,11.0,0.0
383,0.0,0.0,1.0,4.0,0.0,1.0,5.0,0.0,11.0,11.0,12.0,11.0,0.0
384,2.0,1.0,1.0,1.0,0.0,0.0,3.0,0.0,11.0,10.0,10.0,10.0,0.0
385,2.0,0.0,4.0,2.0,0.0,0.0,2.0,2.0,10.0,9.0,10.0,9.0,0.0
386,2.0,0.0,1.0,3.0,0.0,1.0,4.0,0.0,15.0,15.0,15.0,15.0,1.0
387,0.0,0.0,1.0,1.0,0.0,1.0,4.0,6.0,15.0,14.0,15.0,14.0,0.0
388,1.0,1.0,1.0,2.0,0.0,1.0,3.0,8.0,10.0,11.0,12.0,11.0,0.0
389,0.0,0.0,1.0,2.0,0.0,1.0,3.0,0.0,10.0,9.0,12.0,10.0,0.0
390,2.0,0.0,2.0,4.0,0.0,0.0,4.0,6.0,14.0,13.0,14.0,13.0,0.0
391,1.0,0.0,1.0,3.0,0.0,1.0,4.0,8.0,11.0,13.0,14.0,12.0,0.0
392,0.0,0.0,1.0,2.0,0.0,1.0,3.0,0.0,12.0,13.0,15.0,13.0,0.0
393,1.0,1.0,1.0,4.0,0.0,1.0,3.0,4.0,14.0,14.0,15.0,14.0,0.0
394,0.0,0.0,1.0,2.0,0.0,1.0,3.0,0.0,14.0,14.0,16.0,14.0,0.0
395,3.0,1.0,1.0,2.0,0.0,1.0,3.0,0.0,12.0,12.0,13.0,12.0,0.0
396,1.0,0.0,1.0,2.0,0.0,1.0,3.0,6.0,16.0,16.0,17.0,16.0,1.0
397,2.0,2.0,1.0,2.0,0.0,1.0,3.0,18.0,10.0,12.0,14.0,12.0,0.0
398,2.0,0.0,1.0,3.0,0.0,1.0,3.0,0.0,11.0,12.0,14.0,12.0,0.0
399,0.0,1.0,1.0,3.0,0.0,1.0,4.0,4.0,14.0,16.0,17.0,15.0,1.0
400,3.0,1.0,1.0,3.0,0.0,1.0,3.0,4.0,15.0,14.0,17.0,15.0,1.0
401,3.0,0.0,1.0,3.0,0.0,1.0,4.0,0.0,14.0,13.0,14.0,13.0,0.0
402,4.0,0.0,1.0,3.0,0.0,1.0,4.0,0.0,11.0,12.0,13.0,12.0,0.0
403,1.0,0.0,2.0,2.0,0.0,1.0,3.0,10.0,12.0,15.0,15.0,14.0,0.0
404,1.0,0.0,1.0,2.0,0.0,1.0,3.0,4.0,12.0,16.0,16.0,14.0,0.0
405,2.0,0.0,2.0,1.0,1.0,1.0,2.0,16.0,10.0,11.0,11.0,10.0,0.0
406,0.0,2.0,1.0,1.0,1.0,1.0,1.0,6.0,10.0,13.0,13.0,12.0,0.0
407,0.0,0.0,1.0,3.0,2.0,1.0,3.0,0.0,9.0,12.0,12.0,11.0,0.0
408,1.0,1.0,1.0,2.0,0.0,1.0,4.0,11.0,9.0,11.0,12.0,10.0,0.0
409,0.0,0.0,1.0,2.0,0.0,1.0,3.0,9.0,13.0,14.0,15.0,14.0,0.0
410,1.0,1.0,1.0,2.0,0.0,1.0,3.0,0.0,13.0,17.0,17.0,15.0,1.0
411,4.0,0.0,1.0,3.0,0.0,1.0,4.0,2.0,12.0,15.0,15.0,14.0,0.0
412,3.0,0.0,1.0,2.0,0.0,1.0,2.0,0.0,14.0,17.0,17.0,16.0,1.0
413,2.0,0.0,2.0,2.0,2.0,1.0,3.0,21.0,9.0,10.0,10.0,9.0,0.0
414,0.0,0.0,2.0,3.0,0.0,1.0,2.0,8.0,11.0,15.0,15.0,13.0,0.0
415,3.0,0.0,1.0,1.0,1.0,1.0,2.0,5.0,9.0,10.0,11.0,10.0,0.0
416,0.0,0.0,1.0,2.0,0.0,1.0,4.0,10.0,16.0,18.0,18.0,17.0,1.0
417,2.0,0.0,1.0,3.0,0.0,1.0,3.0,5.0,14.0,17.0,17.0,16.0,1.0
418,0.0,1.0,1.0,1.0,0.0,1.0,1.0,13.0,13.0,14.0,14.0,13.0,0.0
419,0.0,0.0,1.0,1.0,0.0,1.0,3.0,10.0,7.0,11.0,11.0,9.0,0.0
420,1.0,0.0,2.0,2.0,0.0,1.0,1.0,10.0,14.0,17.0,17.0,16.0,1.0
421,0.0,0.0,2.0,1.0,1.0,1.0,3.0,5.0,8.0,10.0,10.0,9.0,0.0
422,1.0,0.0,1.0,2.0,0.0,1.0,1.0,4.0,10.0,13.0,13.0,12.0,0.0
423,2.0,0.0,2.0,1.0,0.0,1.0,3.0,11.0,10.0,11.0,11.0,10.0,0.0
424,0.0,0.0,2.0,2.0,0.0,1.0,4.0,0.0,12.0,12.0,12.0,12.0,0.0
425,2.0,1.0,1.0,1.0,1.0,0.0,1.0,6.0,10.0,10.0,10.0,10.0,0.0
426,2.0,0.0,2.0,1.0,0.0,1.0,4.0,4.0,10.0,10.0,11.0,10.0,0.0
427,2.0,1.0,2.0,2.0,0.0,0.0,5.0,0.0,16.0,17.0,17.0,16.0,1.0
428,2.0,0.0,2.0,1.0,0.0,0.0,3.0,0.0,6.0,8.0,9.0,7.0,0.0
429,2.0,0.0,1.0,2.0,0.0,0.0,3.0,5.0,10.0,11.0,11.0,10.0,0.0
430,0.0,0.0,1.0,3.0,0.0,1.0,4.0,0.0,10.0,11.0,11.0,10.0,0.0
431,2.0,0.0,1.0,2.0,1.0,0.0,5.0,0.0,10.0,10.0,10.0,10.0,0.0
432,0.0,0.0,1.0,1.0,1.0,1.0,4.0,0.0,6.0,6.0,7.0,6.0,0.0
433,3.0,0.0,2.0,1.0,0.0,1.0,5.0,0.0,13.0,14.0,14.0,13.0,0.0
434,2.0,0.0,2.0,4.0,0.0,0.0,2.0,4.0,10.0,9.0,11.0,10.0,0.0
435,2.0,1.0,2.0,2.0,0.0,1.0,4.0,0.0,10.0,10.0,10.0,10.0,0.0
436,0.0,1.0,2.0,1.0,1.0,1.0,4.0,4.0,6.0,7.0,8.0,7.0,0.0
437,0.0,0.0,2.0,1.0,0.0,0.0,2.0,0.0,12.0,11.0,12.0,11.0,0.0
438,0.0,0.0,2.0,1.0,0.0,1.0,5.0,2.0,10.0,11.0,12.0,11.0,0.0
439,0.0,1.0,2.0,1.0,0.0,1.0,1.0,0.0,14.0,16.0,16.0,15.0,1.0
440,2.0,1.0,2.0,2.0,0.0,0.0,4.0,0.0,7.0,0.0,0.0,2.0,0.0
441,0.0,0.0,1.0,2.0,0.0,1.0,4.0,4.0,8.0,9.0,9.0,8.0,0.0
442,4.0,1.0,1.0,2.0,0.0,1.0,3.0,0.0,12.0,13.0,14.0,13.0,0.0
443,4.0,1.0,1.0,2.0,0.0,1.0,3.0,7.0,7.0,9.0,8.0,8.0,0.0
444,0.0,4.0,3.0,2.0,0.0,0.0,4.0,4.0,9.0,10.0,11.0,10.0,0.0
445,0.0,0.0,4.0,2.0,0.0,0.0,4.0,8.0,7.0,9.0,9.0,8.0,0.0
446,2.0,2.0,1.0,2.0,0.0,1.0,3.0,0.0,11.0,11.0,11.0,11.0,0.0
447,0.0,0.0,3.0,1.0,0.0,0.0,5.0,8.0,8.0,10.0,9.0,9.0,0.0
448,3.0,3.0,2.0,3.0,0.0,1.0,2.0,6.0,16.0,16.0,17.0,16.0,1.0
449,0.0,1.0,2.0,1.0,0.0,0.0,1.0,3.0,11.0,13.0,13.0,12.0,0.0
450,0.0,1.0,3.0,2.0,0.0,1.0,5.0,2.0,15.0,15.0,15.0,15.0,1.0
451,0.0,0.0,2.0,2.0,0.0,0.0,3.0,0.0,10.0,11.0,11.0,10.0,0.0
452,0.0,0.0,3.0,2.0,0.0,1.0,4.0,4.0,9.0,10.0,11.0,10.0,0.0
453,0.0,1.0,1.0,3.0,1.0,0.0,3.0,0.0,10.0,8.0,8.0,8.0,0.0
454,0.0,1.0,1.0,3.0,1.0,0.0,3.0,3.0,9.0,8.0,8.0,8.0,0.0
455,2.0,0.0,1.0,2.0,0.0,1.0,4.0,0.0,9.0,10.0,9.0,9.0,0.0
456,2.0,0.0,1.0,2.0,0.0,0.0,4.0,0.0,13.0,14.0,15.0,14.0,0.0
457,2.0,1.0,1.0,1.0,0.0,1.0,5.0,4.0,10.0,11.0,11.0,10.0,0.0
458,0.0,0.0,4.0,4.0,0.0,1.0,3.0,0.0,13.0,10.0,13.0,12.0,0.0
459,2.0,0.0,4.0,3.0,0.0,0.0,4.0,2.0,10.0,9.0,10.0,9.0,0.0
460,2.0,0.0,2.0,2.0,0.0,1.0,3.0,1.0,11.0,10.0,11.0,10.0,0.0
461,2.0,0.0,2.0,1.0,0.0,1.0,2.0,0.0,13.0,12.0,14.0,13.0,0.0
462,2.0,2.0,3.0,2.0,0.0,0.0,2.0,0.0,13.0,14.0,14.0,13.0,0.0
463,0.0,0.0,1.0,3.0,0.0,0.0,4.0,2.0,14.0,11.0,12.0,12.0,0.0
464,2.0,0.0,2.0,1.0,0.0,0.0,4.0,6.0,11.0,11.0,11.0,11.0,0.0
465,0.0,0.0,1.0,2.0,1.0,1.0,4.0,9.0,9.0,8.0,8.0,8.0,0.0
466,0.0,1.0,2.0,1.0,0.0,0.0,2.0,0.0,10.0,9.0,11.0,10.0,0.0
467,0.0,1.0,3.0,2.0,0.0,1.0,3.0,1.0,14.0,13.0,14.0,13.0,0.0
468,4.0,0.0,3.0,1.0,0.0,0.0,3.0,1.0,13.0,12.0,13.0,12.0,0.0
469,0.0,3.0,1.0,2.0,0.0,0.0,3.0,0.0,13.0,12.0,13.0,12.0,0.0
470,1.0,0.0,1.0,2.0,0.0,1.0,5.0,4.0,13.0,12.0,12.0,12.0,0.0
471,2.0,0.0,2.0,2.0,1.0,0.0,4.0,2.0,12.0,11.0,12.0,11.0,0.0
472,0.0,0.0,3.0,1.0,0.0,0.0,3.0,0.0,14.0,14.0,16.0,14.0,0.0
473,2.0,1.0,2.0,1.0,0.0,1.0,4.0,4.0,10.0,8.0,10.0,9.0,0.0
474,2.0,0.0,3.0,1.0,0.0,1.0,2.0,2.0,10.0,11.0,11.0,10.0,0.0
475,0.0,1.0,2.0,3.0,0.0,0.0,3.0,0.0,12.0,13.0,14.0,13.0,0.0
476,0.0,0.0,1.0,1.0,0.0,1.0,4.0,2.0,10.0,8.0,8.0,8.0,0.0
477,1.0,1.0,2.0,1.0,0.0,1.0,3.0,11.0,12.0,10.0,11.0,11.0,0.0
478,2.0,0.0,2.0,2.0,3.0,0.0,4.0,0.0,7.0,7.0,8.0,7.0,0.0
479,0.0,2.0,1.0,1.0,0.0,0.0,5.0,4.0,9.0,9.0,10.0,9.0,0.0
480,2.0,1.0,1.0,1.0,1.0,1.0,4.0,0.0,9.0,9.0,10.0,9.0,0.0
481,2.0,0.0,3.0,1.0,0.0,0.0,5.0,2.0,9.0,10.0,11.0,10.0,0.0
482,2.0,0.0,2.0,1.0,0.0,0.0,2.0,0.0,9.0,10.0,9.0,9.0,0.0
483,0.0,0.0,3.0,2.0,0.0,1.0,4.0,1.0,9.0,10.0,11.0,10.0,0.0
484,0.0,0.0,1.0,1.0,0.0,0.0,3.0,6.0,7.0,7.0,8.0,7.0,0.0
485,2.0,0.0,2.0,2.0,0.0,1.0,3.0,0.0,11.0,10.0,11.0,10.0,0.0
486,0.0,1.0,1.0,1.0,1.0,1.0,4.0,1.0,9.0,10.0,10.0,9.0,0.0
487,0.0,0.0,2.0,3.0,2.0,0.0,3.0,6.0,7.0,9.0,10.0,8.0,0.0
488,2.0,1.0,1.0,3.0,1.0,0.0,3.0,6.0,7.0,9.0,9.0,8.0,0.0
489,0.0,0.0,2.0,1.0,1.0,1.0,4.0,0.0,8.0,9.0,10.0,9.0,0.0
490,2.0,2.0,2.0,1.0,1.0,1.0,2.0,4.0,9.0,11.0,10.0,10.0,0.0
491,0.0,0.0,2.0,2.0,1.0,1.0,1.0,12.0,7.0,8.0,9.0,8.0,0.0
492,4.0,0.0,1.0,2.0,0.0,0.0,3.0,2.0,8.0,10.0,10.0,9.0,0.0
493,0.0,2.0,2.0,1.0,0.0,0.0,4.0,5.0,9.0,9.0,10.0,9.0,0.0
494,2.0,0.0,1.0,2.0,0.0,1.0,4.0,0.0,8.0,9.0,9.0,8.0,0.0
495,0.0,0.0,1.0,1.0,0.0,1.0,5.0,0.0,14.0,13.0,13.0,13.0,0.0
496,1.0,1.0,1.0,1.0,0.0,1.0,4.0,2.0,14.0,14.0,14.0,14.0,0.0
497,1.0,2.0,2.0,4.0,1.0,0.0,4.0,0.0,10.0,11.0,10.0,10.0,0.0
498,0.0,1.0,1.0,2.0,0.0,1.0,3.0,0.0,14.0,13.0,14.0,13.0,0.0
499,1.0,0.0,1.0,1.0,0.0,0.0,2.0,0.0,17.0,16.0,16.0,16.0,1.0
500,0.0,0.0,1.0,1.0,1.0,1.0,3.0,12.0,6.0,7.0,7.0,6.0,0.0
501,0.0,0.0,1.0,1.0,0.0,1.0,2.0,8.0,14.0,12.0,13.0,13.0,0.0
502,1.0,1.0,3.0,4.0,1.0,0.0,3.0,2.0,10.0,8.0,9.0,9.0,0.0
503,0.0,0.0,1.0,4.0,0.0,1.0,2.0,0.0,14.0,14.0,14.0,14.0,0.0
504,0.0,0.0,1.0,3.0,0.0,1.0,4.0,0.0,12.0,13.0,13.0,12.0,0.0
505,2.0,0.0,2.0,1.0,0.0,1.0,4.0,0.0,11.0,11.0,11.0,11.0,0.0
506,2.0,1.0,2.0,2.0,1.0,1.0,3.0,8.0,11.0,9.0,10.0,10.0,0.0
507,0.0,1.0,1.0,3.0,0.0,0.0,3.0,0.0,11.0,11.0,10.0,10.0,0.0
508,0.0,0.0,3.0,1.0,1.0,1.0,4.0,0.0,10.0,9.0,9.0,9.0,0.0
509,2.0,0.0,3.0,2.0,0.0,0.0,3.0,0.0,16.0,17.0,18.0,17.0,1.0
510,0.0,0.0,2.0,2.0,0.0,0.0,3.0,0.0,15.0,17.0,17.0,16.0,1.0
511,0.0,0.0,2.0,2.0,0.0,1.0,4.0,1.0,11.0,9.0,10.0,10.0,0.0
512,2.0,0.0,1.0,2.0,1.0,1.0,3.0,9.0,7.0,7.0,7.0,7.0,0.0
513,0.0,0.0,1.0,1.0,0.0,1.0,1.0,0.0,8.0,6.0,8.0,7.0,0.0
514,1.0,2.0,1.0,1.0,0.0,1.0,1.0,2.0,7.0,6.0,7.0,6.0,0.0
515,0.0,2.0,2.0,2.0,0.0,0.0,3.0,8.0,9.0,8.0,10.0,9.0,0.0
516,4.0,3.0,1.0,2.0,0.0,1.0,3.0,0.0,14.0,16.0,16.0,15.0,1.0
517,0.0,0.0,2.0,1.0,0.0,1.0,4.0,0.0,14.0,14.0,15.0,14.0,0.0
518,0.0,1.0,1.0,2.0,1.0,1.0,3.0,8.0,8.0,5.0,8.0,7.0,0.0
519,0.0,1.0,2.0,2.0,0.0,1.0,2.0,0.0,8.0,7.0,0.0,5.0,0.0
520,2.0,0.0,3.0,2.0,0.0,1.0,3.0,6.0,6.0,8.0,8.0,7.0,0.0
521,2.0,1.0,2.0,2.0,0.0,1.0,3.0,0.0,8.0,10.0,10.0,9.0,0.0
522,4.0,4.0,1.0,2.0,0.0,1.0,3.0,4.0,8.0,8.0,8.0,8.0,0.0
523,2.0,4.0,1.0,4.0,0.0,1.0,5.0,2.0,5.0,6.0,6.0,5.0,0.0
524,2.0,0.0,3.0,2.0,0.0,0.0,2.0,2.0,7.0,9.0,8.0,8.0,0.0
525,0.0,1.0,1.0,3.0,0.0,1.0,4.0,0.0,15.0,14.0,16.0,15.0,1.0
526,0.0,0.0,1.0,1.0,0.0,1.0,2.0,1.0,13.0,14.0,14.0,13.0,0.0
527,1.0,1.0,4.0,3.0,0.0,0.0,1.0,0.0,10.0,9.0,10.0,9.0,0.0
528,2.0,0.0,1.0,1.0,0.0,1.0,1.0,5.0,9.0,9.0,9.0,9.0,0.0
529,1.0,1.0,2.0,1.0,0.0,0.0,1.0,1.0,11.0,11.0,11.0,11.0,0.0
530,1.0,1.0,1.0,1.0,0.0,1.0,1.0,8.0,7.0,10.0,9.0,8.0,0.0
531,2.0,1.0,3.0,2.0,0.0,1.0,1.0,0.0,10.0,10.0,10.0,10.0,0.0
532,4.0,1.0,2.0,2.0,0.0,1.0,2.0,2.0,9.0,7.0,8.0,8.0,0.0
533,0.0,1.0,1.0,2.0,0.0,1.0,2.0,0.0,14.0,15.0,16.0,15.0,1.0
534,3.0,4.0,1.0,1.0,0.0,1.0,1.0,0.0,11.0,12.0,12.0,11.0,0.0
535,0.0,1.0,3.0,2.0,0.0,0.0,5.0,11.0,9.0,11.0,10.0,10.0,0.0
536,0.0,0.0,3.0,4.0,0.0,0.0,4.0,8.0,13.0,14.0,14.0,13.0,0.0
537,1.0,1.0,1.0,1.0,0.0,1.0,3.0,11.0,12.0,13.0,12.0,12.0,0.0
538,0.0,0.0,1.0,3.0,0.0,0.0,3.0,2.0,11.0,11.0,11.0,11.0,0.0
539,0.0,0.0,2.0,2.0,0.0,1.0,2.0,8.0,9.0,10.0,10.0,9.0,0.0
540,2.0,0.0,2.0,1.0,0.0,0.0,3.0,5.0,9.0,11.0,11.0,10.0,0.0
541,0.0,0.0,2.0,2.0,0.0,0.0,1.0,0.0,11.0,9.0,11.0,10.0,0.0
542,3.0,1.0,2.0,3.0,0.0,1.0,3.0,1.0,10.0,11.0,12.0,11.0,0.0
543,4.0,0.0,3.0,1.0,3.0,1.0,3.0,2.0,9.0,9.0,8.0,8.0,0.0
544,0.0,0.0,2.0,1.0,0.0,0.0,1.0,2.0,12.0,11.0,12.0,11.0,0.0
545,1.0,0.0,1.0,2.0,1.0,1.0,4.0,8.0,8.0,9.0,8.0,8.0,0.0
546,4.0,4.0,1.0,2.0,0.0,1.0,2.0,0.0,13.0,15.0,16.0,14.0,0.0
547,0.0,2.0,1.0,1.0,0.0,1.0,1.0,0.0,10.0,11.0,11.0,10.0,0.0
548,2.0,2.0,1.0,2.0,0.0,1.0,5.0,2.0,11.0,10.0,11.0,10.0,0.0
549,0.0,0.0,2.0,2.0,0.0,1.0,3.0,0.0,17.0,18.0,18.0,17.0,1.0
550,0.0,1.0,2.0,2.0,0.0,1.0,1.0,0.0,12.0,13.0,13.0,12.0,0.0
551,0.0,0.0,2.0,2.0,0.0,1.0,1.0,0.0,13.0,14.0,13.0,13.0,0.0
552,0.0,0.0,1.0,2.0,2.0,1.0,4.0,2.0,9.0,9.0,10.0,9.0,0.0
553,0.0,0.0,1.0,1.0,0.0,0.0,1.0,4.0,11.0,11.0,12.0,11.0,0.0
554,2.0,2.0,2.0,1.0,0.0,1.0,5.0,3.0,10.0,11.0,10.0,10.0,0.0
555,0.0,0.0,1.0,3.0,0.0,1.0,3.0,5.0,13.0,14.0,13.0,13.0,0.0
556,0.0,2.0,1.0,1.0,0.0,0.0,4.0,4.0,9.0,10.0,11.0,10.0,0.0
557,0.0,0.0,2.0,2.0,3.0,1.0,4.0,2.0,7.0,9.0,10.0,8.0,0.0
558,0.0,0.0,2.0,1.0,0.0,0.0,5.0,0.0,8.0,13.0,10.0,10.0,0.0
559,2.0,2.0,3.0,1.0,1.0,0.0,3.0,0.0,12.0,12.0,13.0,12.0,0.0
560,0.0,1.0,2.0,1.0,0.0,1.0,5.0,0.0,10.0,9.0,10.0,9.0,0.0
561,2.0,2.0,2.0,2.0,0.0,0.0,3.0,6.0,10.0,9.0,10.0,9.0,0.0
562,0.0,1.0,1.0,2.0,0.0,0.0,4.0,0.0,11.0,13.0,12.0,12.0,0.0
563,0.0,0.0,1.0,1.0,1.0,0.0,2.0,0.0,7.0,0.0,0.0,2.0,0.0
564,1.0,0.0,2.0,1.0,0.0,1.0,5.0,2.0,11.0,9.0,10.0,10.0,0.0
565,2.0,0.0,2.0,1.0,0.0,1.0,5.0,0.0,10.0,10.0,9.0,9.0,0.0
566,1.0,0.0,2.0,1.0,1.0,1.0,3.0,2.0,9.0,7.0,9.0,8.0,0.0
567,1.0,0.0,1.0,1.0,1.0,1.0,3.0,0.0,4.0,0.0,0.0,1.0,0.0
568,2.0,1.0,2.0,1.0,3.0,0.0,2.0,4.0,6.0,11.0,9.0,8.0,0.0
569,2.0,2.0,1.0,2.0,2.0,1.0,4.0,9.0,4.0,8.0,8.0,6.0,0.0
570,1.0,1.0,2.0,1.0,0.0,1.0,4.0,6.0,7.0,8.0,8.0,7.0,0.0
571,2.0,0.0,2.0,1.0,3.0,1.0,4.0,4.0,8.0,9.0,9.0,8.0,0.0
572,1.0,2.0,2.0,2.0,2.0,0.0,5.0,8.0,5.0,5.0,7.0,5.0,0.0
573,0.0,2.0,1.0,1.0,0.0,0.0,3.0,9.0,7.0,9.0,10.0,8.0,0.0
574,0.0,0.0,2.0,1.0,1.0,1.0,4.0,12.0,8.0,11.0,10.0,9.0,0.0
575,1.0,1.0,1.0,1.0,0.0,1.0,4.0,8.0,10.0,11.0,10.0,10.0,0.0
576,0.0,0.0,2.0,1.0,0.0,1.0,5.0,8.0,9.0,10.0,11.0,10.0,0.0
577,0.0,1.0,3.0,2.0,1.0,1.0,4.0,8.0,10.0,9.0,11.0,10.0,0.0
578,4.0,0.0,2.0,2.0,1.0,1.0,5.0,4.0,8.0,9.0,10.0,9.0,0.0
579,2.0,1.0,1.0,1.0,0.0,1.0,3.0,0.0,9.0,10.0,9.0,9.0,0.0
580,0.0,0.0,3.0,1.0,1.0,1.0,4.0,4.0,8.0,9.0,10.0,9.0,0.0
581,2.0,0.0,2.0,2.0,2.0,0.0,3.0,2.0,6.0,8.0,8.0,7.0,0.0
582,2.0,0.0,1.0,1.0,0.0,0.0,4.0,0.0,6.0,8.0,7.0,7.0,0.0
583,0.0,0.0,2.0,1.0,1.0,1.0,5.0,0.0,8.0,6.0,0.0,4.0,0.0
584,2.0,0.0,2.0,1.0,0.0,1.0,4.0,0.0,10.0,11.0,11.0,10.0,0.0
585,0.0,2.0,2.0,3.0,0.0,0.0,2.0,5.0,8.0,7.0,8.0,7.0,0.0
586,3.0,1.0,1.0,2.0,0.0,1.0,5.0,0.0,8.0,8.0,0.0,5.0,0.0
587,1.0,1.0,1.0,2.0,1.0,1.0,3.0,3.0,7.0,6.0,8.0,7.0,0.0
588,4.0,2.0,1.0,1.0,0.0,0.0,2.0,0.0,8.0,10.0,9.0,9.0,0.0
589,2.0,0.0,1.0,1.0,0.0,1.0,5.0,0.0,7.0,10.0,10.0,9.0,0.0
590,0.0,0.0,3.0,2.0,2.0,0.0,4.0,3.0,7.0,8.0,7.0,7.0,0.0
591,1.0,2.0,2.0,2.0,0.0,1.0,3.0,2.0,12.0,13.0,14.0,13.0,0.0
592,1.0,1.0,2.0,1.0,0.0,1.0,4.0,0.0,11.0,12.0,13.0,12.0,0.0
593,2.0,0.0,2.0,2.0,0.0,1.0,4.0,0.0,12.0,13.0,14.0,13.0,0.0
594,3.0,3.0,2.0,2.0,0.0,1.0,3.0,0.0,18.0,18.0,18.0,18.0,1.0
595,1.0,0.0,1.0,1.0,0.0,1.0,4.0,3.0,17.0,17.0,17.0,17.0,1.0
596,0.0,0.0,2.0,2.0,0.0,1.0,3.0,0.0,17.0,18.0,18.0,17.0,1.0
597,2.0,0.0,3.0,2.0,1.0,0.0,3.0,0.0,9.0,0.0,0.0,3.0,0.0
598,2.0,1.0,2.0,1.0,0.0,0.0,1.0,8.0,10.0,11.0,11.0,10.0,0.0
599,2.0,1.0,3.0,1.0,0.0,1.0,5.0,5.0,12.0,13.0,14.0,13.0,0.0
600,0.0,1.0,3.0,1.0,0.0,0.0,2.0,4.0,12.0,13.0,14.0,13.0,0.0
601,0.0,0.0,2.0,2.0,0.0,1.0,3.0,4.0,8.0,8.0,10.0,8.0,0.0
602,1.0,1.0,2.0,3.0,0.0,1.0,4.0,0.0,11.0,12.0,13.0,12.0,0.0
603,3.0,0.0,1.0,2.0,0.0,1.0,3.0,0.0,5.0,0.0,0.0,1.0,0.0
604,2.0,1.0,3.0,2.0,1.0,0.0,4.0,2.0,9.0,10.0,10.0,9.0,0.0
605,2.0,1.0,2.0,1.0,1.0,0.0,5.0,0.0,5.0,0.0,0.0,1.0,0.0
606,3.0,0.0,2.0,4.0,0.0,1.0,2.0,0.0,18.0,18.0,18.0,18.0,1.0
607,1.0,0.0,2.0,2.0,0.0,1.0,3.0,5.0,11.0,11.0,12.0,11.0,0.0
608,2.0,1.0,1.0,2.0,0.0,0.0,2.0,2.0,8.0,10.0,11.0,9.0,0.0
609,2.0,2.0,2.0,2.0,0.0,0.0,1.0,0.0,11.0,11.0,12.0,11.0,0.0
610,2.0,2.0,2.0,2.0,3.0,0.0,5.0,0.0,8.0,0.0,0.0,2.0,0.0
611,1.0,0.0,2.0,3.0,0.0,1.0,2.0,5.0,14.0,14.0,15.0,14.0,0.0
612,1.0,0.0,2.0,2.0,1.0,1.0,5.0,4.0,10.0,11.0,11.0,10.0,0.0
613,1.0,1.0,1.0,2.0,0.0,0.0,3.0,0.0,10.0,10.0,10.0,10.0,0.0
614,3.0,1.0,2.0,2.0,0.0,1.0,3.0,2.0,12.0,12.0,12.0,12.0,0.0
615,1.0,0.0,2.0,2.0,0.0,0.0,2.0,0.0,15.0,14.0,15.0,14.0,0.0
616,0.0,1.0,2.0,1.0,0.0,1.0,3.0,2.0,14.0,13.0,14.0,13.0,0.0
617,2.0,1.0,2.0,3.0,0.0,1.0,3.0,0.0,19.0,17.0,18.0,18.0,1.0
618,2.0,0.0,3.0,2.0,0.0,0.0,3.0,0.0,16.0,15.0,15.0,15.0,1.0
619,1.0,1.0,2.0,2.0,0.0,1.0,3.0,6.0,13.0,12.0,13.0,12.0,0.0
620,2.0,2.0,1.0,2.0,0.0,1.0,3.0,4.0,15.0,14.0,15.0,14.0,0.0
621,0.0,1.0,2.0,2.0,0.0,0.0,2.0,0.0,13.0,13.0,13.0,13.0,0.0
622,2.0,0.0,2.0,2.0,0.0,0.0,3.0,0.0,8.0,10.0,9.0,9.0,0.0
623,3.0,1.0,2.0,3.0,0.0,1.0,2.0,0.0,15.0,16.0,16.0,15.0,1.0
624,0.0,1.0,3.0,1.0,1.0,1.0,2.0,0.0,8.0,8.0,9.0,8.0,0.0
625,2.0,1.0,2.0,1.0,0.0,1.0,2.0,0.0,10.0,10.0,10.0,10.0,0.0
626,0.0,3.0,3.0,2.0,0.0,1.0,2.0,0.0,7.0,5.0,0.0,4.0,0.0
627,2.0,1.0,3.0,1.0,0.0,1.0,3.0,3.0,9.0,10.0,10.0,9.0,0.0
628,0.0,2.0,1.0,3.0,0.0,0.0,4.0,8.0,10.0,11.0,12.0,11.0,0.0
629,0.0,0.0,1.0,1.0,0.0,1.0,5.0,4.0,7.0,8.0,9.0,8.0,0.0
630,0.0,0.0,2.0,3.0,0.0,1.0,4.0,0.0,15.0,17.0,17.0,16.0,1.0
631,0.0,0.0,4.0,3.0,0.0,1.0,3.0,4.0,10.0,11.0,12.0,11.0,0.0
632,2.0,0.0,2.0,2.0,1.0,1.0,3.0,4.0,7.0,8.0,9.0,8.0,0.0
633,3.0,1.0,1.0,2.0,0.0,1.0,4.0,1.0,13.0,14.0,14.0,13.0,0.0
634,0.0,0.0,1.0,2.0,0.0,1.0,1.0,1.0,16.0,16.0,16.0,16.0,1.0
635,2.0,0.0,1.0,2.0,0.0,1.0,5.0,10.0,8.0,9.0,9.0,8.0,0.0
636,3.0,3.0,1.0,2.0,0.0,1.0,2.0,4.0,17.0,18.0,19.0,18.0,1.0
637,0.0,0.0,2.0,1.0,0.0,1.0,4.0,0.0,7.0,7.0,0.0,4.0,0.0
638,0.0,1.0,2.0,2.0,0.0,1.0,4.0,4.0,14.0,15.0,16.0,15.0,1.0
639,0.0,1.0,2.0,1.0,1.0,0.0,3.0,0.0,5.0,8.0,0.0,4.0,0.0
640,0.0,0.0,2.0,1.0,1.0,0.0,4.0,0.0,7.0,7.0,0.0,4.0,0.0
641,2.0,0.0,2.0,3.0,0.0,0.0,3.0,0.0,14.0,17.0,15.0,15.0,1.0
642,3.0,0.0,2.0,2.0,0.0,1.0,5.0,0.0,6.0,9.0,11.0,8.0,0.0
643,3.0,2.0,3.0,1.0,0.0,1.0,4.0,4.0,7.0,9.0,10.0,8.0,0.0
644,1.0,0.0,1.0,3.0,1.0,1.0,4.0,4.0,10.0,11.0,10.0,10.0,0.0
645,3.0,1.0,1.0,2.0,0.0,1.0,3.0,4.0,15.0,15.0,16.0,15.0,1.0
646,0.0,0.0,2.0,2.0,0.0,0.0,1.0,6.0,11.0,12.0,9.0,10.0,0.0
647,1.0,1.0,2.0,1.0,0.0,1.0,4.0,6.0,10.0,10.0,10.0,10.0,0.0
648,1.0,0.0,3.0,1.0,0.0,1.0,4.0,4.0,10.0,11.0,11.0,10.0,0.0
