,Branch,Customer_type,Gender,Product_line,Unit_price,Quantity,Tax_5%,Total,Payment,cogs,gross_margin_percentage,gross_income,Rating,product_is_good
0,0.0,0.0,0.0,5.0,74.0,7.0,26.0,548.0,0.0,522.0,4.0,26.0,9.0,1.0
1,2.0,1.0,0.0,2.0,15.0,5.0,3.0,80.0,1.0,76.0,4.0,3.0,9.0,1.0
2,0.0,1.0,1.0,4.0,46.0,7.0,16.0,340.0,2.0,324.0,4.0,16.0,7.0,1.0
3,0.0,0.0,1.0,5.0,58.0,8.0,23.0,489.0,0.0,465.0,4.0,23.0,8.0,1.0
4,0.0,1.0,1.0,3.0,86.0,7.0,30.0,634.0,0.0,604.0,4.0,30.0,5.0,0.0
5,2.0,1.0,1.0,2.0,85.0,7.0,29.0,627.0,0.0,597.0,4.0,29.0,4.0,0.0
6,0.0,0.0,0.0,2.0,68.0,6.0,20.0,433.0,0.0,413.0,4.0,20.0,5.0,0.0
7,2.0,1.0,0.0,4.0,73.0,10.0,36.0,772.0,0.0,735.0,4.0,36.0,8.0,1.0
8,0.0,0.0,0.0,5.0,36.0,2.0,3.0,76.0,2.0,72.0,4.0,3.0,7.0,1.0
9,1.0,0.0,0.0,1.0,54.0,3.0,8.0,172.0,2.0,164.0,4.0,8.0,5.0,0.0
10,1.0,0.0,0.0,0.0,14.0,4.0,2.0,60.0,0.0,57.0,4.0,2.0,4.0,0.0
11,1.0,0.0,1.0,2.0,25.0,4.0,5.0,107.0,1.0,102.0,4.0,5.0,6.0,0.0
12,0.0,1.0,0.0,2.0,46.0,5.0,11.0,246.0,0.0,234.0,4.0,11.0,7.0,1.0
13,0.0,1.0,1.0,1.0,43.0,10.0,21.0,453.0,0.0,431.0,4.0,21.0,8.0,1.0
14,0.0,1.0,0.0,5.0,71.0,10.0,35.0,749.0,1.0,713.0,4.0,35.0,5.0,0.0
15,1.0,0.0,0.0,3.0,93.0,6.0,28.0,590.0,1.0,562.0,4.0,28.0,4.0,0.0
16,0.0,0.0,0.0,5.0,68.0,7.0,24.0,506.0,2.0,482.0,4.0,24.0,4.0,0.0
17,0.0,1.0,1.0,3.0,72.0,6.0,21.0,457.0,2.0,435.0,4.0,21.0,6.0,0.0
18,0.0,1.0,1.0,1.0,54.0,3.0,8.0,172.0,2.0,164.0,4.0,8.0,8.0,1.0
19,1.0,1.0,0.0,4.0,40.0,2.0,4.0,84.0,0.0,80.0,4.0,4.0,4.0,0.0
20,2.0,0.0,1.0,2.0,86.0,5.0,21.0,451.0,0.0,430.0,4.0,21.0,4.0,0.0
21,1.0,1.0,1.0,5.0,87.0,3.0,13.0,277.0,0.0,263.0,4.0,13.0,5.0,0.0
22,1.0,1.0,1.0,4.0,33.0,2.0,3.0,69.0,2.0,66.0,4.0,3.0,4.0,0.0
23,0.0,1.0,1.0,2.0,34.0,5.0,8.0,181.0,0.0,172.0,4.0,8.0,9.0,1.0
24,0.0,0.0,1.0,3.0,88.0,3.0,13.0,279.0,0.0,265.0,4.0,13.0,6.0,0.0
25,0.0,0.0,0.0,4.0,52.0,8.0,21.0,441.0,2.0,420.0,4.0,21.0,8.0,1.0
26,1.0,1.0,1.0,0.0,33.0,1.0,1.0,35.0,1.0,33.0,4.0,1.0,6.0,0.0
27,0.0,1.0,0.0,0.0,87.0,2.0,8.0,184.0,2.0,175.0,4.0,8.0,7.0,1.0
28,1.0,1.0,0.0,1.0,88.0,5.0,22.0,463.0,1.0,441.0,4.0,22.0,9.0,1.0
29,0.0,1.0,1.0,5.0,24.0,9.0,11.0,235.0,1.0,224.0,4.0,11.0,7.0,1.0
30,1.0,1.0,1.0,0.0,94.0,5.0,23.0,494.0,2.0,470.0,4.0,23.0,4.0,0.0
31,1.0,0.0,1.0,3.0,78.0,9.0,35.0,737.0,1.0,702.0,4.0,35.0,4.0,0.0
32,1.0,1.0,1.0,3.0,83.0,8.0,33.0,703.0,1.0,670.0,4.0,33.0,5.0,0.0
33,0.0,1.0,1.0,5.0,96.0,2.0,9.0,202.0,2.0,193.0,4.0,9.0,5.0,0.0
34,2.0,0.0,0.0,1.0,99.0,4.0,19.0,417.0,0.0,397.0,4.0,19.0,7.0,1.0
35,2.0,0.0,0.0,3.0,68.0,1.0,3.0,71.0,0.0,68.0,4.0,3.0,6.0,0.0
36,0.0,0.0,1.0,3.0,62.0,5.0,15.0,328.0,0.0,313.0,4.0,15.0,7.0,1.0
37,0.0,1.0,0.0,2.0,60.0,9.0,27.0,575.0,0.0,547.0,4.0,27.0,4.0,0.0
38,2.0,1.0,0.0,5.0,54.0,8.0,21.0,461.0,0.0,439.0,4.0,21.0,7.0,1.0
39,1.0,0.0,1.0,4.0,30.0,8.0,12.0,253.0,1.0,240.0,4.0,12.0,7.0,1.0
40,1.0,0.0,0.0,4.0,86.0,1.0,4.0,91.0,0.0,86.0,4.0,4.0,7.0,1.0
41,2.0,0.0,1.0,4.0,56.0,2.0,5.0,117.0,1.0,112.0,4.0,5.0,6.0,0.0
42,1.0,0.0,0.0,3.0,69.0,6.0,20.0,435.0,1.0,414.0,4.0,20.0,5.0,0.0
43,2.0,0.0,0.0,1.0,98.0,8.0,39.0,829.0,1.0,789.0,4.0,39.0,7.0,1.0
44,2.0,0.0,1.0,5.0,15.0,2.0,1.0,32.0,1.0,30.0,4.0,1.0,7.0,1.0
45,1.0,0.0,0.0,2.0,93.0,4.0,18.0,394.0,1.0,375.0,4.0,18.0,9.0,1.0
46,1.0,0.0,1.0,5.0,56.0,9.0,25.0,535.0,2.0,510.0,4.0,25.0,8.0,1.0
47,1.0,0.0,0.0,1.0,20.0,9.0,9.0,189.0,0.0,180.0,4.0,9.0,4.0,0.0
48,1.0,0.0,1.0,2.0,18.0,6.0,5.0,119.0,2.0,113.0,4.0,5.0,8.0,1.0
49,2.0,0.0,0.0,0.0,82.0,10.0,41.0,867.0,0.0,826.0,4.0,41.0,7.0,1.0
50,2.0,0.0,1.0,1.0,91.0,7.0,31.0,671.0,1.0,639.0,4.0,31.0,9.0,1.0
51,0.0,0.0,0.0,1.0,44.0,5.0,11.0,234.0,1.0,222.0,4.0,11.0,8.0,1.0
52,1.0,0.0,0.0,0.0,17.0,4.0,3.0,75.0,0.0,71.0,4.0,3.0,6.0,0.0
53,2.0,0.0,1.0,0.0,15.0,1.0,0.0,16.0,2.0,15.0,4.0,0.0,6.0,0.0
54,1.0,1.0,1.0,4.0,16.0,2.0,1.0,33.0,0.0,32.0,4.0,1.0,6.0,0.0
55,2.0,1.0,0.0,2.0,85.0,8.0,34.0,722.0,1.0,687.0,4.0,34.0,8.0,1.0
56,0.0,0.0,1.0,4.0,44.0,2.0,4.0,93.0,1.0,88.0,4.0,4.0,5.0,0.0
57,0.0,1.0,1.0,5.0,89.0,8.0,35.0,752.0,0.0,716.0,4.0,35.0,6.0,0.0
58,0.0,0.0,0.0,4.0,72.0,10.0,36.0,759.0,1.0,723.0,4.0,36.0,5.0,0.0
59,2.0,1.0,1.0,2.0,30.0,6.0,9.0,192.0,1.0,183.0,4.0,9.0,9.0,1.0
60,2.0,0.0,0.0,3.0,24.0,3.0,3.0,77.0,2.0,74.0,4.0,3.0,10.0,1.0
61,2.0,1.0,1.0,4.0,55.0,6.0,16.0,351.0,0.0,334.0,4.0,16.0,7.0,1.0
62,1.0,0.0,0.0,3.0,55.0,9.0,24.0,520.0,0.0,495.0,4.0,24.0,10.0,1.0
63,0.0,0.0,1.0,3.0,15.0,10.0,7.0,166.0,2.0,158.0,4.0,7.0,8.0,1.0
64,1.0,0.0,1.0,5.0,75.0,4.0,15.0,318.0,1.0,302.0,4.0,15.0,7.0,1.0
65,0.0,0.0,1.0,5.0,15.0,10.0,7.0,166.0,1.0,158.0,4.0,7.0,5.0,0.0
66,2.0,1.0,0.0,5.0,33.0,2.0,3.0,70.0,0.0,66.0,4.0,3.0,6.0,0.0
67,1.0,0.0,0.0,0.0,97.0,6.0,29.0,614.0,0.0,585.0,4.0,29.0,9.0,1.0
68,0.0,1.0,1.0,3.0,78.0,10.0,39.0,827.0,1.0,787.0,4.0,39.0,6.0,0.0
69,0.0,0.0,0.0,5.0,18.0,1.0,0.0,19.0,1.0,18.0,4.0,0.0,4.0,0.0
70,2.0,1.0,1.0,1.0,89.0,10.0,44.0,939.0,2.0,894.0,4.0,44.0,9.0,1.0
71,2.0,1.0,1.0,0.0,62.0,10.0,31.0,652.0,1.0,621.0,4.0,31.0,5.0,0.0
72,1.0,0.0,0.0,1.0,48.0,3.0,7.0,152.0,0.0,145.0,4.0,7.0,4.0,0.0
73,2.0,1.0,0.0,2.0,75.0,6.0,22.0,478.0,1.0,455.0,4.0,22.0,8.0,1.0
74,0.0,1.0,1.0,4.0,74.0,9.0,33.0,705.0,0.0,672.0,4.0,33.0,9.0,1.0
75,2.0,1.0,0.0,2.0,41.0,10.0,20.0,437.0,2.0,416.0,4.0,20.0,5.0,0.0
76,2.0,0.0,1.0,0.0,49.0,9.0,22.0,463.0,2.0,441.0,4.0,22.0,8.0,1.0
77,0.0,0.0,0.0,0.0,20.0,9.0,9.0,189.0,2.0,180.0,4.0,9.0,5.0,0.0
78,2.0,0.0,0.0,1.0,78.0,10.0,39.0,822.0,0.0,783.0,4.0,39.0,6.0,0.0
79,2.0,1.0,0.0,5.0,20.0,5.0,5.0,106.0,1.0,101.0,4.0,5.0,6.0,0.0
80,2.0,1.0,0.0,5.0,99.0,6.0,29.0,624.0,2.0,595.0,4.0,29.0,5.0,0.0
81,1.0,1.0,0.0,1.0,96.0,3.0,14.0,304.0,0.0,290.0,4.0,14.0,6.0,0.0
82,2.0,1.0,1.0,1.0,19.0,8.0,7.0,161.0,0.0,154.0,4.0,7.0,6.0,0.0
83,2.0,0.0,0.0,1.0,80.0,4.0,16.0,337.0,2.0,321.0,4.0,16.0,8.0,1.0
84,2.0,0.0,1.0,3.0,48.0,5.0,12.0,256.0,1.0,244.0,4.0,12.0,6.0,0.0
85,2.0,1.0,0.0,3.0,83.0,7.0,29.0,610.0,0.0,581.0,4.0,29.0,4.0,0.0
86,2.0,1.0,1.0,0.0,76.0,5.0,19.0,401.0,1.0,382.0,4.0,19.0,9.0,1.0
87,0.0,0.0,1.0,1.0,49.0,7.0,17.0,362.0,2.0,345.0,4.0,17.0,7.0,1.0
88,0.0,1.0,1.0,3.0,42.0,1.0,2.0,44.0,1.0,42.0,4.0,2.0,5.0,0.0
89,1.0,1.0,0.0,5.0,76.0,6.0,23.0,485.0,1.0,461.0,4.0,23.0,6.0,0.0
90,2.0,0.0,0.0,4.0,47.0,4.0,9.0,198.0,1.0,189.0,4.0,9.0,7.0,1.0
91,2.0,1.0,0.0,3.0,44.0,10.0,22.0,471.0,0.0,448.0,4.0,22.0,8.0,1.0
92,0.0,0.0,0.0,3.0,21.0,7.0,7.0,161.0,0.0,153.0,4.0,7.0,5.0,0.0
93,1.0,0.0,1.0,5.0,64.0,9.0,28.0,608.0,2.0,579.0,4.0,28.0,8.0,1.0
94,2.0,1.0,1.0,5.0,89.0,1.0,4.0,94.0,2.0,89.0,4.0,4.0,6.0,0.0
95,0.0,1.0,1.0,2.0,97.0,1.0,4.0,102.0,0.0,97.0,4.0,4.0,7.0,1.0
96,1.0,1.0,1.0,5.0,87.0,10.0,43.0,922.0,0.0,878.0,4.0,43.0,5.0,0.0
97,2.0,1.0,0.0,2.0,12.0,6.0,3.0,78.0,1.0,74.0,4.0,3.0,4.0,0.0
98,0.0,1.0,1.0,1.0,52.0,3.0,7.0,166.0,0.0,158.0,4.0,7.0,9.0,1.0
99,1.0,1.0,1.0,4.0,82.0,6.0,24.0,521.0,1.0,496.0,4.0,24.0,7.0,1.0
100,2.0,0.0,1.0,0.0,48.0,1.0,2.0,51.0,1.0,48.0,4.0,2.0,4.0,0.0
101,2.0,1.0,1.0,0.0,78.0,9.0,35.0,742.0,1.0,706.0,4.0,35.0,7.0,1.0
102,2.0,1.0,0.0,2.0,23.0,9.0,10.0,218.0,1.0,207.0,4.0,10.0,4.0,0.0
103,0.0,1.0,1.0,1.0,58.0,6.0,17.0,367.0,1.0,349.0,4.0,17.0,9.0,1.0
104,1.0,1.0,1.0,5.0,30.0,7.0,10.0,223.0,1.0,212.0,4.0,10.0,8.0,1.0
105,0.0,0.0,1.0,2.0,88.0,10.0,44.0,931.0,0.0,886.0,4.0,44.0,7.0,1.0
106,2.0,1.0,1.0,0.0,27.0,6.0,8.0,172.0,2.0,164.0,4.0,8.0,7.0,1.0
107,0.0,1.0,1.0,3.0,62.0,6.0,18.0,391.0,1.0,372.0,4.0,18.0,7.0,1.0
108,2.0,1.0,0.0,1.0,33.0,9.0,15.0,321.0,1.0,305.0,4.0,15.0,4.0,0.0
109,2.0,0.0,1.0,2.0,81.0,10.0,40.0,860.0,1.0,819.0,4.0,40.0,9.0,1.0
110,1.0,0.0,0.0,3.0,16.0,2.0,1.0,34.0,0.0,32.0,4.0,1.0,4.0,0.0
111,2.0,0.0,0.0,5.0,98.0,3.0,14.0,309.0,2.0,294.0,4.0,14.0,7.0,1.0
112,1.0,1.0,0.0,0.0,72.0,7.0,25.0,535.0,1.0,509.0,4.0,25.0,8.0,1.0
113,0.0,0.0,1.0,4.0,58.0,9.0,26.0,548.0,0.0,522.0,4.0,26.0,4.0,0.0
114,2.0,0.0,0.0,4.0,80.0,9.0,36.0,763.0,2.0,727.0,4.0,36.0,9.0,1.0
115,2.0,1.0,0.0,0.0,27.0,3.0,4.0,85.0,2.0,81.0,4.0,4.0,7.0,1.0
116,1.0,0.0,1.0,0.0,21.0,5.0,5.0,115.0,0.0,109.0,4.0,5.0,5.0,0.0
117,1.0,0.0,1.0,0.0,51.0,1.0,2.0,53.0,0.0,51.0,4.0,2.0,5.0,0.0
118,0.0,1.0,0.0,1.0,10.0,10.0,5.0,115.0,0.0,109.0,4.0,5.0,6.0,0.0
119,1.0,1.0,1.0,4.0,53.0,2.0,5.0,112.0,0.0,106.0,4.0,5.0,4.0,0.0
120,0.0,1.0,0.0,2.0,99.0,8.0,39.0,836.0,2.0,796.0,4.0,39.0,5.0,0.0
121,2.0,0.0,1.0,3.0,57.0,7.0,19.0,419.0,2.0,399.0,4.0,19.0,6.0,0.0
122,1.0,0.0,1.0,3.0,99.0,9.0,44.0,944.0,2.0,899.0,4.0,44.0,4.0,0.0
123,2.0,0.0,1.0,4.0,63.0,8.0,25.0,536.0,2.0,511.0,4.0,25.0,4.0,0.0
124,1.0,0.0,0.0,0.0,56.0,8.0,22.0,474.0,0.0,451.0,4.0,22.0,7.0,1.0
125,0.0,1.0,0.0,4.0,93.0,7.0,32.0,688.0,2.0,655.0,4.0,32.0,4.0,0.0
126,0.0,1.0,0.0,3.0,32.0,5.0,8.0,169.0,1.0,161.0,4.0,8.0,9.0,1.0
127,2.0,1.0,0.0,0.0,31.0,9.0,14.0,299.0,2.0,285.0,4.0,14.0,5.0,0.0
128,2.0,0.0,0.0,1.0,68.0,8.0,27.0,575.0,0.0,548.0,4.0,27.0,8.0,1.0
129,1.0,1.0,0.0,3.0,90.0,9.0,40.0,853.0,0.0,812.0,4.0,40.0,7.0,1.0
130,1.0,1.0,0.0,0.0,39.0,7.0,13.0,291.0,1.0,277.0,4.0,13.0,7.0,1.0
131,0.0,0.0,0.0,3.0,92.0,6.0,27.0,580.0,1.0,552.0,4.0,27.0,8.0,1.0
132,1.0,1.0,0.0,3.0,34.0,4.0,6.0,146.0,1.0,139.0,4.0,6.0,7.0,1.0
133,1.0,0.0,1.0,2.0,87.0,6.0,26.0,550.0,2.0,524.0,4.0,26.0,8.0,1.0
134,2.0,1.0,0.0,5.0,81.0,6.0,24.0,512.0,0.0,487.0,4.0,24.0,5.0,0.0
135,2.0,1.0,1.0,0.0,90.0,3.0,13.0,284.0,1.0,270.0,4.0,13.0,6.0,0.0
136,0.0,1.0,0.0,2.0,26.0,5.0,6.0,138.0,2.0,131.0,4.0,6.0,8.0,1.0
137,0.0,0.0,0.0,4.0,34.0,6.0,10.0,216.0,1.0,206.0,4.0,10.0,9.0,1.0
138,1.0,1.0,1.0,3.0,51.0,10.0,25.0,545.0,1.0,519.0,4.0,25.0,8.0,1.0
139,0.0,1.0,1.0,3.0,72.0,8.0,29.0,609.0,0.0,580.0,4.0,29.0,9.0,1.0
140,2.0,0.0,0.0,3.0,89.0,10.0,44.0,942.0,2.0,898.0,4.0,44.0,5.0,0.0
141,2.0,0.0,1.0,5.0,90.0,10.0,45.0,950.0,1.0,905.0,4.0,45.0,8.0,1.0
142,2.0,0.0,0.0,5.0,68.0,10.0,34.0,720.0,1.0,686.0,4.0,34.0,9.0,1.0
143,2.0,0.0,0.0,1.0,30.0,1.0,1.0,31.0,2.0,30.0,4.0,1.0,8.0,1.0
144,0.0,1.0,0.0,4.0,77.0,6.0,23.0,491.0,0.0,467.0,4.0,23.0,8.0,1.0
145,2.0,1.0,0.0,5.0,46.0,6.0,13.0,291.0,2.0,277.0,4.0,13.0,9.0,1.0
146,0.0,0.0,0.0,0.0,30.0,10.0,15.0,316.0,0.0,301.0,4.0,15.0,9.0,1.0
147,2.0,1.0,1.0,5.0,66.0,4.0,13.0,277.0,2.0,264.0,4.0,13.0,5.0,0.0
148,1.0,0.0,1.0,4.0,71.0,8.0,28.0,603.0,2.0,574.0,4.0,28.0,6.0,0.0
149,0.0,1.0,1.0,5.0,32.0,8.0,12.0,272.0,2.0,259.0,4.0,12.0,4.0,0.0
150,1.0,0.0,0.0,0.0,91.0,4.0,18.0,384.0,2.0,366.0,4.0,18.0,4.0,0.0
151,2.0,0.0,1.0,3.0,34.0,7.0,12.0,254.0,2.0,241.0,4.0,12.0,7.0,1.0
152,0.0,1.0,1.0,0.0,83.0,9.0,37.0,786.0,2.0,749.0,4.0,37.0,7.0,1.0
153,2.0,1.0,0.0,1.0,16.0,6.0,4.0,103.0,0.0,98.0,4.0,4.0,9.0,1.0
154,2.0,1.0,0.0,3.0,80.0,8.0,32.0,680.0,1.0,647.0,4.0,32.0,9.0,1.0
155,0.0,0.0,1.0,1.0,92.0,5.0,23.0,484.0,2.0,461.0,4.0,23.0,9.0,1.0
156,1.0,0.0,1.0,2.0,72.0,1.0,3.0,75.0,1.0,72.0,4.0,3.0,6.0,0.0
157,1.0,1.0,1.0,4.0,50.0,5.0,12.0,263.0,0.0,251.0,4.0,12.0,9.0,1.0
158,1.0,0.0,1.0,5.0,97.0,9.0,43.0,918.0,0.0,874.0,4.0,43.0,6.0,0.0
159,1.0,1.0,1.0,3.0,93.0,6.0,28.0,588.0,0.0,560.0,4.0,28.0,10.0,1.0
160,2.0,1.0,0.0,1.0,43.0,8.0,17.0,362.0,2.0,345.0,4.0,17.0,8.0,1.0
161,0.0,1.0,1.0,3.0,63.0,1.0,3.0,66.0,1.0,63.0,4.0,3.0,6.0,0.0
162,0.0,1.0,1.0,1.0,45.0,7.0,16.0,336.0,2.0,320.0,4.0,16.0,7.0,1.0
163,2.0,1.0,1.0,3.0,76.0,2.0,7.0,160.0,0.0,152.0,4.0,7.0,6.0,0.0
164,1.0,1.0,1.0,1.0,39.0,10.0,19.0,418.0,2.0,399.0,4.0,19.0,5.0,0.0
165,1.0,0.0,1.0,5.0,42.0,8.0,17.0,357.0,0.0,340.0,4.0,17.0,5.0,0.0
166,2.0,1.0,1.0,4.0,95.0,10.0,47.0,1003.0,1.0,955.0,4.0,47.0,4.0,0.0
167,0.0,1.0,1.0,0.0,98.0,10.0,49.0,1039.0,2.0,989.0,4.0,49.0,8.0,1.0
168,0.0,1.0,1.0,1.0,51.0,6.0,15.0,323.0,1.0,307.0,4.0,15.0,6.0,0.0
169,0.0,0.0,1.0,3.0,69.0,7.0,24.0,510.0,2.0,486.0,4.0,24.0,8.0,1.0
170,0.0,1.0,1.0,5.0,70.0,5.0,17.0,367.0,0.0,350.0,4.0,17.0,5.0,0.0
171,1.0,0.0,1.0,1.0,80.0,5.0,20.0,420.0,2.0,400.0,4.0,20.0,9.0,1.0
172,2.0,1.0,1.0,2.0,20.0,8.0,8.0,175.0,1.0,166.0,4.0,8.0,6.0,0.0
173,1.0,0.0,1.0,2.0,52.0,6.0,15.0,333.0,2.0,317.0,4.0,15.0,9.0,1.0
174,1.0,1.0,1.0,1.0,19.0,8.0,7.0,166.0,0.0,158.0,4.0,7.0,8.0,1.0
175,0.0,0.0,1.0,4.0,33.0,9.0,15.0,319.0,0.0,304.0,4.0,15.0,8.0,1.0
176,0.0,0.0,1.0,1.0,22.0,8.0,8.0,186.0,2.0,177.0,4.0,8.0,9.0,1.0
177,2.0,1.0,0.0,0.0,22.0,7.0,7.0,165.0,2.0,157.0,4.0,7.0,4.0,0.0
178,0.0,1.0,1.0,1.0,73.0,6.0,22.0,465.0,0.0,443.0,4.0,22.0,4.0,0.0
179,2.0,0.0,1.0,5.0,86.0,3.0,13.0,273.0,0.0,260.0,4.0,13.0,9.0,1.0
180,2.0,1.0,1.0,0.0,64.0,7.0,22.0,472.0,1.0,449.0,4.0,22.0,5.0,0.0
181,2.0,0.0,1.0,1.0,38.0,8.0,15.0,323.0,1.0,307.0,4.0,15.0,7.0,1.0
182,0.0,0.0,1.0,3.0,15.0,10.0,7.0,162.0,0.0,155.0,4.0,7.0,8.0,1.0
183,2.0,1.0,1.0,5.0,34.0,8.0,13.0,288.0,0.0,274.0,4.0,13.0,5.0,0.0
184,0.0,1.0,0.0,3.0,12.0,7.0,4.0,90.0,2.0,86.0,4.0,4.0,6.0,0.0
185,1.0,0.0,1.0,1.0,18.0,3.0,2.0,56.0,0.0,54.0,4.0,2.0,8.0,1.0
186,1.0,0.0,0.0,4.0,94.0,8.0,37.0,793.0,0.0,755.0,4.0,37.0,7.0,1.0
187,1.0,0.0,1.0,4.0,46.0,4.0,9.0,195.0,1.0,185.0,4.0,9.0,7.0,1.0
188,0.0,1.0,1.0,4.0,74.0,1.0,3.0,77.0,0.0,74.0,4.0,3.0,9.0,1.0
189,2.0,1.0,0.0,4.0,69.0,4.0,13.0,293.0,2.0,279.0,4.0,13.0,5.0,0.0
190,1.0,1.0,0.0,4.0,77.0,3.0,11.0,242.0,2.0,231.0,4.0,11.0,7.0,1.0
191,1.0,1.0,0.0,0.0,73.0,2.0,7.0,154.0,0.0,147.0,4.0,7.0,4.0,0.0
192,2.0,1.0,0.0,1.0,87.0,9.0,39.0,829.0,1.0,790.0,4.0,39.0,9.0,1.0
193,1.0,1.0,1.0,4.0,25.0,4.0,5.0,107.0,0.0,102.0,4.0,5.0,5.0,0.0
194,0.0,1.0,1.0,2.0,32.0,5.0,8.0,171.0,2.0,163.0,4.0,8.0,9.0,1.0
195,2.0,0.0,0.0,0.0,74.0,1.0,3.0,78.0,1.0,74.0,4.0,3.0,5.0,0.0
196,2.0,0.0,1.0,5.0,43.0,2.0,4.0,91.0,1.0,87.0,4.0,4.0,4.0,0.0
197,0.0,1.0,0.0,4.0,25.0,1.0,1.0,26.0,0.0,25.0,4.0,1.0,6.0,0.0
198,2.0,1.0,1.0,5.0,41.0,4.0,8.0,174.0,2.0,166.0,4.0,8.0,8.0,1.0
199,2.0,0.0,0.0,1.0,71.0,5.0,17.0,374.0,2.0,356.0,4.0,17.0,5.0,0.0
200,2.0,0.0,0.0,3.0,19.0,6.0,5.0,120.0,2.0,114.0,4.0,5.0,6.0,0.0
201,1.0,0.0,0.0,2.0,57.0,4.0,11.0,241.0,1.0,229.0,4.0,11.0,6.0,0.0
202,2.0,1.0,1.0,2.0,61.0,7.0,21.0,451.0,1.0,429.0,4.0,21.0,9.0,1.0
203,1.0,0.0,1.0,5.0,25.0,10.0,12.0,271.0,0.0,259.0,4.0,12.0,8.0,1.0
204,1.0,0.0,1.0,4.0,17.0,5.0,4.0,93.0,2.0,88.0,4.0,4.0,5.0,0.0
205,0.0,1.0,0.0,5.0,23.0,9.0,10.0,217.0,0.0,207.0,4.0,10.0,7.0,1.0
206,2.0,0.0,0.0,2.0,66.0,9.0,29.0,629.0,2.0,599.0,4.0,29.0,9.0,1.0
207,2.0,0.0,0.0,4.0,28.0,10.0,14.0,299.0,0.0,285.0,4.0,14.0,7.0,1.0
208,1.0,1.0,0.0,0.0,30.0,3.0,4.0,95.0,0.0,91.0,4.0,4.0,5.0,0.0
209,1.0,1.0,0.0,2.0,99.0,9.0,44.0,942.0,2.0,897.0,4.0,44.0,6.0,0.0
210,0.0,1.0,1.0,2.0,26.0,9.0,11.0,247.0,0.0,236.0,4.0,11.0,5.0,0.0
211,2.0,1.0,0.0,1.0,93.0,9.0,41.0,881.0,1.0,839.0,4.0,41.0,8.0,1.0
212,1.0,1.0,1.0,4.0,92.0,5.0,23.0,484.0,0.0,461.0,4.0,23.0,4.0,0.0
213,1.0,1.0,1.0,3.0,46.0,3.0,6.0,146.0,2.0,139.0,4.0,6.0,4.0,0.0
214,1.0,0.0,0.0,3.0,29.0,7.0,10.0,217.0,1.0,207.0,4.0,10.0,6.0,0.0
215,0.0,1.0,1.0,4.0,18.0,1.0,0.0,19.0,2.0,18.0,4.0,0.0,8.0,1.0
216,1.0,1.0,0.0,3.0,24.0,5.0,6.0,130.0,1.0,123.0,4.0,6.0,8.0,1.0
217,0.0,0.0,0.0,2.0,94.0,3.0,14.0,298.0,1.0,283.0,4.0,14.0,5.0,0.0
218,1.0,1.0,1.0,0.0,94.0,8.0,37.0,796.0,0.0,758.0,4.0,37.0,8.0,1.0
219,1.0,1.0,0.0,1.0,57.0,3.0,8.0,180.0,2.0,172.0,4.0,8.0,7.0,1.0
220,1.0,1.0,1.0,2.0,45.0,6.0,13.0,285.0,0.0,272.0,4.0,13.0,6.0,0.0
221,1.0,1.0,1.0,1.0,62.0,7.0,21.0,456.0,0.0,434.0,4.0,21.0,5.0,0.0
222,2.0,1.0,1.0,2.0,11.0,5.0,2.0,62.0,1.0,59.0,4.0,2.0,9.0,1.0
223,2.0,0.0,0.0,0.0,12.0,1.0,0.0,13.0,1.0,12.0,4.0,0.0,8.0,1.0
224,0.0,1.0,1.0,1.0,43.0,2.0,4.0,90.0,1.0,86.0,4.0,4.0,6.0,0.0
225,2.0,0.0,0.0,3.0,87.0,2.0,8.0,183.0,2.0,174.0,4.0,8.0,9.0,1.0
226,1.0,0.0,1.0,5.0,69.0,9.0,31.0,655.0,0.0,624.0,4.0,31.0,4.0,0.0
227,2.0,0.0,1.0,2.0,37.0,4.0,7.0,155.0,0.0,148.0,4.0,7.0,9.0,1.0
228,1.0,0.0,0.0,2.0,90.0,6.0,27.0,571.0,1.0,544.0,4.0,27.0,5.0,0.0
229,0.0,1.0,0.0,4.0,63.0,8.0,25.0,532.0,0.0,507.0,4.0,25.0,7.0,1.0
230,1.0,1.0,0.0,0.0,81.0,2.0,8.0,170.0,1.0,162.0,4.0,8.0,6.0,0.0
231,1.0,0.0,0.0,2.0,10.0,3.0,1.0,33.0,2.0,31.0,4.0,1.0,8.0,1.0
232,1.0,1.0,0.0,5.0,84.0,9.0,37.0,794.0,1.0,756.0,4.0,37.0,8.0,1.0
233,1.0,0.0,1.0,0.0,73.0,4.0,14.0,310.0,1.0,295.0,4.0,14.0,6.0,0.0
234,0.0,0.0,1.0,5.0,51.0,10.0,25.0,545.0,0.0,519.0,4.0,25.0,6.0,0.0
235,0.0,1.0,0.0,3.0,93.0,2.0,9.0,195.0,0.0,186.0,4.0,9.0,4.0,0.0
236,2.0,1.0,1.0,5.0,17.0,5.0,4.0,91.0,2.0,87.0,4.0,4.0,4.0,0.0
237,2.0,0.0,0.0,0.0,44.0,5.0,11.0,232.0,2.0,221.0,4.0,11.0,8.0,1.0
238,1.0,0.0,0.0,2.0,13.0,5.0,3.0,69.0,1.0,66.0,4.0,3.0,4.0,0.0
239,0.0,1.0,1.0,0.0,89.0,1.0,4.0,94.0,0.0,89.0,4.0,4.0,4.0,0.0
240,0.0,1.0,1.0,1.0,24.0,9.0,11.0,235.0,2.0,224.0,4.0,11.0,5.0,0.0
241,0.0,1.0,1.0,5.0,59.0,2.0,5.0,125.0,2.0,119.0,4.0,5.0,5.0,0.0
242,2.0,0.0,1.0,0.0,93.0,2.0,9.0,195.0,2.0,186.0,4.0,9.0,6.0,0.0
243,0.0,0.0,1.0,4.0,62.0,4.0,12.0,263.0,1.0,250.0,4.0,12.0,4.0,0.0
244,1.0,1.0,1.0,4.0,93.0,8.0,37.0,788.0,2.0,750.0,4.0,37.0,8.0,1.0
245,0.0,0.0,1.0,4.0,47.0,8.0,19.0,399.0,1.0,380.0,4.0,19.0,5.0,0.0
246,1.0,0.0,0.0,2.0,81.0,3.0,12.0,256.0,1.0,244.0,4.0,12.0,4.0,0.0
247,0.0,0.0,1.0,0.0,17.0,5.0,4.0,94.0,0.0,89.0,4.0,4.0,6.0,0.0
248,0.0,0.0,1.0,2.0,77.0,4.0,15.0,326.0,2.0,310.0,4.0,15.0,8.0,1.0
249,1.0,1.0,1.0,1.0,73.0,7.0,25.0,536.0,2.0,511.0,4.0,25.0,4.0,0.0
250,1.0,0.0,1.0,1.0,46.0,9.0,20.0,439.0,0.0,418.0,4.0,20.0,6.0,0.0
251,2.0,0.0,1.0,0.0,35.0,10.0,17.0,369.0,2.0,351.0,4.0,17.0,8.0,1.0
252,2.0,1.0,0.0,3.0,14.0,2.0,1.0,30.0,2.0,28.0,4.0,1.0,7.0,1.0
253,0.0,1.0,1.0,4.0,23.0,4.0,4.0,99.0,1.0,95.0,4.0,4.0,5.0,0.0
254,0.0,0.0,1.0,4.0,58.0,8.0,23.0,494.0,1.0,471.0,4.0,23.0,8.0,1.0
255,1.0,0.0,1.0,0.0,32.0,4.0,6.0,137.0,1.0,130.0,4.0,6.0,9.0,1.0
256,0.0,0.0,1.0,2.0,66.0,1.0,3.0,69.0,2.0,66.0,4.0,3.0,9.0,1.0
257,0.0,0.0,1.0,4.0,25.0,6.0,7.0,163.0,0.0,155.0,4.0,7.0,8.0,1.0
258,0.0,0.0,1.0,2.0,32.0,4.0,6.0,135.0,0.0,129.0,4.0,6.0,6.0,0.0
259,2.0,0.0,1.0,2.0,65.0,4.0,13.0,276.0,2.0,263.0,4.0,13.0,6.0,0.0
260,0.0,1.0,0.0,2.0,75.0,9.0,33.0,709.0,0.0,675.0,4.0,33.0,6.0,0.0
261,2.0,1.0,0.0,0.0,16.0,4.0,3.0,69.0,0.0,65.0,4.0,3.0,5.0,0.0
262,1.0,0.0,0.0,0.0,38.0,4.0,7.0,160.0,1.0,153.0,4.0,7.0,5.0,0.0
263,0.0,0.0,0.0,3.0,22.0,10.0,11.0,233.0,1.0,222.0,4.0,11.0,4.0,0.0
264,1.0,1.0,1.0,3.0,54.0,1.0,2.0,57.0,0.0,54.0,4.0,2.0,7.0,1.0
265,0.0,0.0,0.0,3.0,98.0,7.0,34.0,723.0,2.0,688.0,4.0,34.0,8.0,1.0
266,2.0,1.0,1.0,4.0,35.0,4.0,7.0,148.0,2.0,141.0,4.0,7.0,6.0,0.0
267,1.0,0.0,0.0,1.0,74.0,10.0,37.0,783.0,1.0,746.0,4.0,37.0,9.0,1.0
268,0.0,0.0,1.0,4.0,70.0,4.0,14.0,297.0,2.0,282.0,4.0,14.0,4.0,0.0
269,0.0,0.0,0.0,4.0,35.0,10.0,17.0,373.0,0.0,355.0,4.0,17.0,7.0,1.0
270,1.0,1.0,0.0,3.0,67.0,5.0,16.0,354.0,0.0,337.0,4.0,16.0,6.0,0.0
271,2.0,0.0,0.0,5.0,21.0,2.0,2.0,44.0,1.0,42.0,4.0,2.0,9.0,1.0
272,0.0,0.0,0.0,4.0,21.0,9.0,9.0,203.0,2.0,193.0,4.0,9.0,8.0,1.0
273,0.0,1.0,0.0,4.0,12.0,2.0,1.0,25.0,1.0,24.0,4.0,1.0,5.0,0.0
274,1.0,1.0,0.0,5.0,99.0,6.0,29.0,628.0,0.0,598.0,4.0,29.0,7.0,1.0
275,1.0,1.0,1.0,0.0,47.0,7.0,16.0,352.0,1.0,335.0,4.0,16.0,6.0,0.0
276,2.0,0.0,0.0,4.0,21.0,10.0,10.0,229.0,1.0,218.0,4.0,10.0,7.0,1.0
277,2.0,1.0,0.0,0.0,95.0,4.0,19.0,400.0,0.0,381.0,4.0,19.0,6.0,0.0
278,2.0,0.0,1.0,0.0,70.0,10.0,35.0,745.0,1.0,709.0,4.0,35.0,5.0,0.0
279,0.0,0.0,1.0,3.0,44.0,10.0,22.0,462.0,2.0,440.0,4.0,22.0,9.0,1.0
280,0.0,1.0,0.0,4.0,69.0,8.0,27.0,587.0,2.0,559.0,4.0,27.0,6.0,0.0
281,2.0,1.0,1.0,4.0,37.0,1.0,1.0,38.0,2.0,37.0,4.0,1.0,7.0,1.0
282,0.0,1.0,0.0,3.0,15.0,1.0,0.0,16.0,1.0,15.0,4.0,0.0,6.0,0.0
283,0.0,0.0,1.0,5.0,99.0,6.0,29.0,628.0,0.0,598.0,4.0,29.0,8.0,1.0
284,0.0,0.0,0.0,5.0,47.0,4.0,9.0,200.0,1.0,190.0,4.0,9.0,9.0,1.0
285,1.0,1.0,1.0,5.0,66.0,5.0,16.0,350.0,1.0,333.0,4.0,16.0,7.0,1.0
286,2.0,0.0,1.0,4.0,74.0,1.0,3.0,78.0,1.0,74.0,4.0,3.0,6.0,0.0
287,2.0,1.0,0.0,3.0,23.0,9.0,10.0,224.0,1.0,213.0,4.0,10.0,9.0,1.0
288,1.0,1.0,0.0,1.0,48.0,7.0,16.0,356.0,2.0,339.0,4.0,16.0,5.0,0.0
289,0.0,0.0,0.0,4.0,94.0,7.0,33.0,697.0,1.0,664.0,4.0,33.0,4.0,0.0
290,1.0,0.0,1.0,2.0,40.0,10.0,20.0,423.0,2.0,403.0,4.0,20.0,7.0,1.0
291,2.0,1.0,1.0,2.0,27.0,7.0,9.0,204.0,0.0,194.0,4.0,9.0,6.0,0.0
292,0.0,0.0,0.0,2.0,62.0,1.0,3.0,65.0,1.0,62.0,4.0,3.0,4.0,0.0
293,0.0,0.0,0.0,1.0,36.0,2.0,3.0,76.0,1.0,72.0,4.0,3.0,7.0,1.0
294,1.0,1.0,1.0,5.0,18.0,10.0,9.0,190.0,0.0,181.0,4.0,9.0,5.0,0.0
295,2.0,0.0,0.0,2.0,51.0,5.0,12.0,272.0,1.0,259.0,4.0,12.0,7.0,1.0
296,2.0,1.0,1.0,2.0,28.0,4.0,5.0,121.0,1.0,115.0,4.0,5.0,6.0,0.0
297,0.0,0.0,1.0,4.0,78.0,6.0,23.0,493.0,0.0,470.0,4.0,23.0,5.0,0.0
298,0.0,0.0,1.0,4.0,60.0,4.0,12.0,252.0,1.0,240.0,4.0,12.0,4.0,0.0
299,2.0,0.0,0.0,4.0,88.0,1.0,4.0,93.0,1.0,88.0,4.0,4.0,7.0,1.0
300,2.0,1.0,1.0,0.0,99.0,2.0,9.0,209.0,2.0,199.0,4.0,9.0,6.0,0.0
301,1.0,0.0,1.0,5.0,39.0,1.0,1.0,40.0,2.0,39.0,4.0,1.0,4.0,0.0
302,2.0,1.0,1.0,1.0,48.0,1.0,2.0,51.0,1.0,48.0,4.0,2.0,4.0,0.0
303,0.0,1.0,0.0,2.0,51.0,4.0,10.0,214.0,2.0,204.0,4.0,10.0,4.0,0.0
304,1.0,1.0,0.0,2.0,14.0,8.0,5.0,125.0,1.0,119.0,4.0,5.0,8.0,1.0
305,0.0,0.0,1.0,2.0,72.0,7.0,25.0,530.0,0.0,505.0,4.0,25.0,4.0,0.0
306,0.0,1.0,0.0,3.0,40.0,7.0,14.0,295.0,1.0,281.0,4.0,14.0,9.0,1.0
307,0.0,0.0,0.0,4.0,88.0,8.0,35.0,745.0,1.0,710.0,4.0,35.0,4.0,0.0
308,0.0,0.0,0.0,2.0,26.0,3.0,3.0,83.0,0.0,79.0,4.0,3.0,4.0,0.0
309,0.0,1.0,0.0,0.0,81.0,2.0,8.0,172.0,1.0,163.0,4.0,8.0,7.0,1.0
310,1.0,0.0,1.0,3.0,79.0,6.0,23.0,503.0,1.0,479.0,4.0,23.0,5.0,0.0
311,2.0,0.0,1.0,0.0,69.0,2.0,6.0,145.0,0.0,138.0,4.0,6.0,9.0,1.0
312,0.0,0.0,0.0,1.0,14.0,5.0,3.0,74.0,2.0,71.0,4.0,3.0,4.0,0.0
313,0.0,0.0,0.0,5.0,15.0,9.0,6.0,146.0,1.0,139.0,4.0,6.0,5.0,0.0
314,2.0,0.0,0.0,2.0,78.0,10.0,39.0,820.0,1.0,781.0,4.0,39.0,4.0,0.0
315,2.0,0.0,1.0,1.0,99.0,2.0,9.0,208.0,1.0,198.0,4.0,9.0,5.0,0.0
316,2.0,0.0,0.0,1.0,21.0,3.0,3.0,66.0,1.0,63.0,4.0,3.0,7.0,1.0
317,2.0,0.0,1.0,2.0,74.0,5.0,18.0,392.0,1.0,373.0,4.0,18.0,4.0,0.0
318,2.0,0.0,0.0,5.0,29.0,7.0,10.0,218.0,2.0,207.0,4.0,10.0,8.0,1.0
319,2.0,0.0,1.0,5.0,44.0,4.0,8.0,185.0,0.0,176.0,4.0,8.0,8.0,1.0
320,2.0,1.0,0.0,1.0,22.0,9.0,10.0,216.0,1.0,206.0,4.0,10.0,5.0,0.0
321,2.0,1.0,0.0,5.0,39.0,1.0,1.0,41.0,1.0,39.0,4.0,1.0,8.0,1.0
322,0.0,1.0,1.0,5.0,15.0,6.0,4.0,96.0,0.0,91.0,4.0,4.0,9.0,1.0
323,0.0,1.0,0.0,0.0,61.0,5.0,15.0,324.0,1.0,308.0,4.0,15.0,6.0,0.0
324,0.0,1.0,1.0,4.0,21.0,6.0,6.0,135.0,2.0,129.0,4.0,6.0,9.0,1.0
325,1.0,1.0,1.0,3.0,97.0,4.0,19.0,410.0,0.0,390.0,4.0,19.0,6.0,0.0
326,0.0,0.0,1.0,1.0,99.0,5.0,24.0,523.0,1.0,498.0,4.0,24.0,5.0,0.0
327,2.0,0.0,1.0,1.0,94.0,4.0,18.0,395.0,1.0,377.0,4.0,18.0,8.0,1.0
328,1.0,0.0,1.0,5.0,51.0,4.0,10.0,214.0,2.0,204.0,4.0,10.0,4.0,0.0
329,0.0,0.0,1.0,2.0,36.0,4.0,7.0,152.0,1.0,145.0,4.0,7.0,7.0,1.0
330,1.0,1.0,1.0,4.0,22.0,9.0,9.0,208.0,1.0,198.0,4.0,9.0,6.0,0.0
331,0.0,1.0,1.0,1.0,32.0,3.0,4.0,103.0,2.0,98.0,4.0,4.0,9.0,1.0
332,0.0,1.0,1.0,0.0,77.0,5.0,19.0,404.0,1.0,385.0,4.0,19.0,5.0,0.0
333,0.0,0.0,1.0,1.0,23.0,2.0,2.0,49.0,2.0,46.0,4.0,2.0,7.0,1.0
334,2.0,0.0,1.0,3.0,14.0,5.0,3.0,77.0,0.0,73.0,4.0,3.0,8.0,1.0
335,0.0,0.0,0.0,2.0,28.0,5.0,7.0,149.0,2.0,142.0,4.0,7.0,9.0,1.0
336,0.0,1.0,1.0,0.0,76.0,9.0,34.0,721.0,0.0,687.0,4.0,34.0,7.0,1.0
337,1.0,1.0,0.0,3.0,57.0,6.0,17.0,365.0,1.0,347.0,4.0,17.0,5.0,0.0
338,2.0,1.0,0.0,2.0,47.0,3.0,7.0,150.0,2.0,142.0,4.0,7.0,9.0,1.0
339,1.0,0.0,0.0,1.0,42.0,9.0,19.0,404.0,2.0,385.0,4.0,19.0,8.0,1.0
340,1.0,0.0,1.0,2.0,48.0,3.0,7.0,151.0,2.0,144.0,4.0,7.0,7.0,1.0
341,1.0,0.0,0.0,5.0,55.0,7.0,19.0,411.0,0.0,391.0,4.0,19.0,8.0,1.0
342,1.0,0.0,0.0,5.0,76.0,7.0,26.0,565.0,1.0,538.0,4.0,26.0,7.0,1.0
343,2.0,1.0,0.0,1.0,97.0,5.0,24.0,509.0,0.0,485.0,4.0,24.0,9.0,1.0
344,0.0,1.0,1.0,3.0,44.0,3.0,6.0,140.0,1.0,133.0,4.0,6.0,6.0,0.0
345,0.0,1.0,0.0,0.0,77.0,9.0,35.0,736.0,0.0,701.0,4.0,35.0,7.0,1.0
346,0.0,0.0,1.0,2.0,71.0,1.0,3.0,75.0,1.0,71.0,4.0,3.0,7.0,1.0
347,2.0,0.0,0.0,4.0,89.0,8.0,35.0,749.0,1.0,714.0,4.0,35.0,4.0,0.0
348,0.0,1.0,1.0,2.0,26.0,7.0,9.0,191.0,1.0,182.0,4.0,9.0,5.0,0.0
349,1.0,1.0,0.0,5.0,13.0,10.0,6.0,141.0,2.0,135.0,4.0,6.0,4.0,0.0
350,2.0,0.0,0.0,0.0,99.0,10.0,49.0,1042.0,2.0,993.0,4.0,49.0,6.0,0.0
351,0.0,1.0,1.0,2.0,51.0,7.0,18.0,379.0,1.0,361.0,4.0,18.0,5.0,0.0
352,1.0,0.0,0.0,0.0,54.0,7.0,19.0,402.0,2.0,383.0,4.0,19.0,8.0,1.0
353,1.0,0.0,1.0,4.0,27.0,9.0,12.0,255.0,1.0,243.0,4.0,12.0,4.0,0.0
354,2.0,1.0,0.0,2.0,30.0,1.0,1.0,31.0,1.0,30.0,4.0,1.0,8.0,1.0
355,1.0,0.0,0.0,1.0,89.0,4.0,17.0,374.0,2.0,356.0,4.0,17.0,7.0,1.0
356,2.0,1.0,0.0,0.0,37.0,10.0,18.0,394.0,2.0,375.0,4.0,18.0,9.0,1.0
357,2.0,1.0,0.0,3.0,95.0,10.0,47.0,1002.0,1.0,954.0,4.0,47.0,5.0,0.0
358,1.0,1.0,1.0,2.0,27.0,3.0,4.0,86.0,0.0,82.0,4.0,4.0,6.0,0.0
359,1.0,1.0,1.0,3.0,74.0,1.0,3.0,78.0,1.0,74.0,4.0,3.0,5.0,0.0
360,0.0,0.0,1.0,1.0,80.0,8.0,32.0,680.0,2.0,647.0,4.0,32.0,7.0,1.0
361,2.0,1.0,0.0,1.0,94.0,8.0,37.0,793.0,1.0,755.0,4.0,37.0,9.0,1.0
362,2.0,1.0,1.0,1.0,99.0,2.0,9.0,209.0,0.0,199.0,4.0,9.0,8.0,1.0
363,0.0,1.0,1.0,4.0,73.0,6.0,21.0,461.0,1.0,439.0,4.0,21.0,7.0,1.0
364,2.0,1.0,0.0,1.0,41.0,4.0,8.0,173.0,1.0,164.0,4.0,8.0,7.0,1.0
365,2.0,1.0,0.0,0.0,81.0,4.0,16.0,343.0,1.0,326.0,4.0,16.0,9.0,1.0
366,2.0,1.0,0.0,2.0,51.0,9.0,23.0,484.0,1.0,461.0,4.0,23.0,5.0,0.0
367,0.0,0.0,1.0,4.0,65.0,4.0,13.0,276.0,1.0,263.0,4.0,13.0,6.0,0.0
368,2.0,1.0,0.0,3.0,14.0,10.0,7.0,150.0,1.0,143.0,4.0,7.0,5.0,0.0
369,0.0,0.0,1.0,2.0,21.0,9.0,9.0,203.0,2.0,193.0,4.0,9.0,7.0,1.0
370,1.0,0.0,0.0,2.0,26.0,7.0,9.0,193.0,1.0,183.0,4.0,9.0,9.0,1.0
371,1.0,1.0,0.0,0.0,60.0,2.0,6.0,128.0,2.0,121.0,4.0,6.0,4.0,0.0
372,2.0,1.0,0.0,4.0,70.0,6.0,21.0,441.0,0.0,420.0,4.0,21.0,5.0,0.0
373,2.0,1.0,1.0,0.0,42.0,6.0,12.0,265.0,1.0,252.0,4.0,12.0,8.0,1.0
374,0.0,1.0,0.0,4.0,67.0,5.0,16.0,352.0,2.0,335.0,4.0,16.0,9.0,1.0
375,0.0,0.0,0.0,0.0,96.0,5.0,24.0,507.0,0.0,483.0,4.0,24.0,7.0,1.0
376,1.0,0.0,0.0,4.0,35.0,9.0,15.0,334.0,2.0,318.0,4.0,15.0,9.0,1.0
377,2.0,1.0,1.0,3.0,95.0,7.0,33.0,701.0,0.0,668.0,4.0,33.0,8.0,1.0
378,2.0,0.0,1.0,0.0,96.0,4.0,19.0,407.0,0.0,387.0,4.0,19.0,9.0,1.0
379,1.0,1.0,0.0,2.0,23.0,4.0,4.0,99.0,2.0,94.0,4.0,4.0,4.0,0.0
380,0.0,0.0,1.0,3.0,82.0,4.0,16.0,345.0,2.0,329.0,4.0,16.0,7.0,1.0
381,2.0,1.0,0.0,2.0,26.0,2.0,2.0,55.0,1.0,53.0,4.0,2.0,4.0,0.0
382,1.0,1.0,0.0,1.0,99.0,5.0,24.0,523.0,1.0,498.0,4.0,24.0,9.0,1.0
383,2.0,0.0,0.0,1.0,74.0,4.0,14.0,314.0,0.0,299.0,4.0,14.0,4.0,0.0
384,0.0,1.0,0.0,1.0,40.0,5.0,10.0,214.0,0.0,204.0,4.0,10.0,9.0,1.0
385,1.0,0.0,1.0,3.0,75.0,1.0,3.0,79.0,1.0,75.0,4.0,3.0,5.0,0.0
386,2.0,1.0,1.0,1.0,46.0,6.0,14.0,294.0,1.0,280.0,4.0,14.0,6.0,0.0
387,0.0,1.0,0.0,5.0,32.0,10.0,16.0,339.0,2.0,323.0,4.0,16.0,10.0,1.0
388,2.0,0.0,0.0,0.0,54.0,9.0,24.0,510.0,0.0,486.0,4.0,24.0,9.0,1.0
389,1.0,1.0,1.0,1.0,18.0,7.0,6.0,133.0,2.0,127.0,4.0,6.0,6.0,0.0
390,2.0,0.0,0.0,0.0,80.0,3.0,12.0,253.0,1.0,241.0,4.0,12.0,8.0,1.0
391,1.0,1.0,0.0,0.0,37.0,10.0,18.0,398.0,1.0,379.0,4.0,18.0,9.0,1.0
392,0.0,0.0,1.0,2.0,76.0,1.0,3.0,80.0,0.0,76.0,4.0,3.0,7.0,1.0
393,0.0,0.0,0.0,3.0,52.0,10.0,26.0,548.0,2.0,522.0,4.0,26.0,6.0,0.0
394,0.0,1.0,0.0,5.0,79.0,1.0,3.0,83.0,0.0,79.0,4.0,3.0,7.0,1.0
395,0.0,1.0,0.0,5.0,77.0,5.0,19.0,406.0,0.0,387.0,4.0,19.0,4.0,0.0
396,0.0,1.0,0.0,1.0,54.0,5.0,13.0,284.0,0.0,271.0,4.0,13.0,4.0,0.0
397,1.0,1.0,1.0,4.0,13.0,9.0,6.0,128.0,1.0,122.0,4.0,6.0,5.0,0.0
398,1.0,0.0,0.0,5.0,41.0,6.0,12.0,258.0,2.0,246.0,4.0,12.0,8.0,1.0
399,1.0,0.0,1.0,2.0,19.0,9.0,8.0,181.0,1.0,173.0,4.0,8.0,8.0,1.0
400,2.0,1.0,0.0,1.0,39.0,6.0,11.0,248.0,2.0,236.0,4.0,11.0,9.0,1.0
401,2.0,1.0,1.0,4.0,46.0,4.0,9.0,194.0,2.0,184.0,4.0,9.0,6.0,0.0
402,2.0,0.0,1.0,4.0,13.0,1.0,0.0,14.0,0.0,13.0,4.0,0.0,9.0,1.0
403,1.0,1.0,0.0,0.0,39.0,5.0,9.0,208.0,0.0,198.0,4.0,9.0,9.0,1.0
404,2.0,0.0,0.0,0.0,97.0,7.0,34.0,718.0,0.0,684.0,4.0,34.0,4.0,0.0
405,0.0,0.0,1.0,3.0,67.0,4.0,13.0,282.0,2.0,269.0,4.0,13.0,8.0,1.0
406,0.0,1.0,1.0,1.0,13.0,5.0,3.0,72.0,2.0,68.0,4.0,3.0,7.0,1.0
407,1.0,0.0,0.0,0.0,68.0,4.0,13.0,288.0,1.0,274.0,4.0,13.0,4.0,0.0
408,0.0,1.0,0.0,4.0,56.0,4.0,11.0,237.0,0.0,226.0,4.0,11.0,5.0,0.0
409,2.0,1.0,0.0,0.0,23.0,5.0,5.0,125.0,0.0,119.0,4.0,5.0,5.0,0.0
410,1.0,1.0,0.0,5.0,34.0,10.0,17.0,359.0,1.0,342.0,4.0,17.0,5.0,0.0
411,1.0,1.0,1.0,3.0,21.0,2.0,2.0,45.0,0.0,43.0,4.0,2.0,6.0,0.0
412,0.0,0.0,1.0,5.0,20.0,5.0,5.0,110.0,1.0,104.0,4.0,5.0,7.0,1.0
413,0.0,1.0,1.0,3.0,25.0,3.0,3.0,81.0,0.0,77.0,4.0,3.0,6.0,0.0
414,0.0,1.0,1.0,4.0,50.0,8.0,20.0,427.0,0.0,407.0,4.0,20.0,9.0,1.0
415,1.0,1.0,1.0,5.0,96.0,1.0,4.0,100.0,0.0,96.0,4.0,4.0,7.0,1.0
416,2.0,1.0,0.0,4.0,45.0,4.0,9.0,190.0,2.0,181.0,4.0,9.0,8.0,1.0
417,2.0,0.0,0.0,5.0,81.0,1.0,4.0,85.0,0.0,81.0,4.0,4.0,9.0,1.0
418,1.0,1.0,0.0,5.0,57.0,2.0,5.0,120.0,0.0,114.0,4.0,5.0,8.0,1.0
419,0.0,0.0,0.0,2.0,25.0,7.0,8.0,185.0,1.0,176.0,4.0,8.0,8.0,1.0
420,2.0,0.0,0.0,1.0,38.0,3.0,5.0,121.0,0.0,115.0,4.0,5.0,7.0,1.0
421,2.0,1.0,0.0,2.0,84.0,3.0,12.0,264.0,1.0,252.0,4.0,12.0,9.0,1.0
422,2.0,0.0,0.0,0.0,97.0,10.0,48.0,1020.0,2.0,972.0,4.0,48.0,8.0,1.0
423,1.0,0.0,1.0,0.0,25.0,8.0,10.0,213.0,2.0,203.0,4.0,10.0,6.0,0.0
424,2.0,1.0,1.0,0.0,16.0,1.0,0.0,17.0,1.0,16.0,4.0,0.0,5.0,0.0
425,1.0,0.0,1.0,0.0,40.0,9.0,18.0,383.0,1.0,365.0,4.0,18.0,7.0,1.0
426,0.0,0.0,1.0,5.0,53.0,7.0,18.0,390.0,1.0,372.0,4.0,18.0,8.0,1.0
427,1.0,0.0,0.0,1.0,20.0,3.0,3.0,65.0,2.0,62.0,4.0,3.0,8.0,1.0
428,1.0,1.0,1.0,3.0,67.0,5.0,16.0,353.0,1.0,336.0,4.0,16.0,6.0,0.0
429,0.0,0.0,0.0,4.0,90.0,10.0,45.0,951.0,0.0,906.0,4.0,45.0,7.0,1.0
430,1.0,1.0,1.0,0.0,69.0,2.0,6.0,145.0,2.0,138.0,4.0,6.0,6.0,0.0
431,2.0,1.0,1.0,1.0,43.0,2.0,4.0,90.0,0.0,86.0,4.0,4.0,5.0,0.0
432,0.0,1.0,0.0,2.0,23.0,6.0,7.0,147.0,0.0,140.0,4.0,7.0,6.0,0.0
433,1.0,1.0,1.0,0.0,95.0,7.0,33.0,702.0,2.0,668.0,4.0,33.0,9.0,1.0
434,1.0,1.0,0.0,0.0,47.0,1.0,2.0,49.0,2.0,47.0,4.0,2.0,6.0,0.0
435,2.0,1.0,1.0,3.0,99.0,9.0,44.0,937.0,0.0,893.0,4.0,44.0,9.0,1.0
436,2.0,0.0,1.0,3.0,82.0,4.0,16.0,348.0,0.0,331.0,4.0,16.0,9.0,1.0
437,0.0,1.0,1.0,4.0,33.0,6.0,10.0,214.0,2.0,203.0,4.0,10.0,7.0,1.0
438,2.0,0.0,1.0,1.0,17.0,4.0,3.0,71.0,0.0,68.0,4.0,3.0,7.0,1.0
439,2.0,1.0,0.0,2.0,40.0,8.0,16.0,343.0,2.0,326.0,4.0,16.0,6.0,0.0
440,2.0,0.0,1.0,1.0,17.0,5.0,4.0,91.0,1.0,87.0,4.0,4.0,8.0,1.0
441,1.0,0.0,0.0,3.0,88.0,8.0,35.0,742.0,2.0,707.0,4.0,35.0,4.0,0.0
442,0.0,0.0,0.0,4.0,89.0,9.0,40.0,843.0,2.0,802.0,4.0,40.0,6.0,0.0
443,2.0,1.0,1.0,0.0,12.0,1.0,0.0,13.0,0.0,12.0,4.0,0.0,9.0,1.0
444,0.0,1.0,0.0,3.0,19.0,7.0,6.0,140.0,1.0,133.0,4.0,6.0,9.0,1.0
445,1.0,0.0,0.0,5.0,19.0,1.0,0.0,20.0,2.0,19.0,4.0,0.0,9.0,1.0
446,2.0,0.0,1.0,1.0,27.0,10.0,13.0,290.0,2.0,276.0,4.0,13.0,8.0,1.0
447,2.0,1.0,1.0,0.0,45.0,3.0,6.0,144.0,2.0,137.0,4.0,6.0,6.0,0.0
448,1.0,0.0,0.0,5.0,27.0,1.0,1.0,28.0,2.0,27.0,4.0,1.0,5.0,0.0
449,1.0,0.0,0.0,3.0,39.0,1.0,1.0,41.0,2.0,39.0,4.0,1.0,9.0,1.0
450,1.0,1.0,0.0,2.0,74.0,6.0,22.0,470.0,1.0,448.0,4.0,22.0,6.0,0.0
451,1.0,1.0,1.0,2.0,22.0,6.0,6.0,138.0,1.0,132.0,4.0,6.0,7.0,1.0
452,0.0,1.0,0.0,1.0,63.0,5.0,15.0,333.0,0.0,318.0,4.0,15.0,4.0,0.0
453,0.0,1.0,1.0,5.0,25.0,1.0,1.0,26.0,0.0,25.0,4.0,1.0,5.0,0.0
454,0.0,0.0,1.0,2.0,20.0,4.0,4.0,87.0,1.0,83.0,4.0,4.0,4.0,0.0
455,1.0,0.0,0.0,0.0,29.0,5.0,7.0,155.0,1.0,147.0,4.0,7.0,6.0,0.0
456,1.0,0.0,0.0,1.0,77.0,9.0,34.0,731.0,2.0,696.0,4.0,34.0,4.0,0.0
457,1.0,1.0,1.0,2.0,79.0,10.0,39.0,833.0,1.0,793.0,4.0,39.0,6.0,0.0
458,2.0,0.0,0.0,2.0,46.0,10.0,23.0,488.0,1.0,465.0,4.0,23.0,7.0,1.0
459,2.0,1.0,1.0,1.0,35.0,1.0,1.0,37.0,2.0,35.0,4.0,1.0,7.0,1.0
460,2.0,1.0,1.0,1.0,40.0,5.0,10.0,212.0,1.0,202.0,4.0,10.0,4.0,0.0
461,1.0,0.0,0.0,1.0,73.0,10.0,36.0,767.0,2.0,730.0,4.0,36.0,8.0,1.0
462,2.0,1.0,0.0,3.0,73.0,4.0,14.0,310.0,1.0,295.0,4.0,14.0,6.0,0.0
463,2.0,0.0,0.0,1.0,22.0,1.0,1.0,23.0,1.0,22.0,4.0,1.0,6.0,0.0
464,0.0,0.0,1.0,1.0,51.0,5.0,12.0,269.0,2.0,256.0,4.0,12.0,9.0,1.0
465,2.0,0.0,0.0,3.0,54.0,10.0,27.0,572.0,2.0,545.0,4.0,27.0,7.0,1.0
466,2.0,0.0,0.0,5.0,37.0,7.0,13.0,273.0,2.0,260.0,4.0,13.0,7.0,1.0
467,1.0,1.0,1.0,3.0,37.0,6.0,11.0,233.0,1.0,222.0,4.0,11.0,4.0,0.0
468,2.0,1.0,1.0,1.0,21.0,1.0,1.0,22.0,0.0,21.0,4.0,1.0,7.0,1.0
469,2.0,0.0,0.0,2.0,98.0,1.0,4.0,103.0,1.0,98.0,4.0,4.0,8.0,1.0
470,2.0,0.0,0.0,4.0,83.0,6.0,25.0,527.0,0.0,502.0,4.0,25.0,5.0,0.0
471,0.0,0.0,0.0,3.0,40.0,4.0,8.0,168.0,1.0,160.0,4.0,8.0,9.0,1.0
472,0.0,0.0,1.0,0.0,43.0,10.0,21.0,452.0,2.0,431.0,4.0,21.0,5.0,0.0
473,1.0,0.0,1.0,5.0,72.0,8.0,29.0,609.0,1.0,580.0,4.0,29.0,4.0,0.0
474,0.0,0.0,0.0,2.0,64.0,5.0,16.0,338.0,1.0,322.0,4.0,16.0,6.0,0.0
475,0.0,1.0,1.0,5.0,65.0,3.0,9.0,205.0,2.0,195.0,4.0,9.0,6.0,0.0
476,0.0,1.0,0.0,3.0,33.0,5.0,8.0,174.0,2.0,166.0,4.0,8.0,4.0,0.0
477,2.0,1.0,1.0,2.0,84.0,4.0,16.0,353.0,0.0,336.0,4.0,16.0,4.0,0.0
478,1.0,1.0,1.0,3.0,34.0,10.0,17.0,360.0,0.0,343.0,4.0,17.0,6.0,0.0
479,0.0,1.0,1.0,2.0,38.0,1.0,1.0,40.0,0.0,38.0,4.0,1.0,6.0,0.0
480,2.0,1.0,1.0,1.0,65.0,8.0,26.0,554.0,1.0,527.0,4.0,26.0,8.0,1.0
481,2.0,1.0,0.0,2.0,32.0,10.0,16.0,344.0,1.0,328.0,4.0,16.0,6.0,0.0
482,0.0,1.0,1.0,3.0,37.0,5.0,9.0,194.0,0.0,185.0,4.0,9.0,5.0,0.0
483,1.0,0.0,1.0,4.0,60.0,10.0,30.0,633.0,1.0,603.0,4.0,30.0,6.0,0.0
484,2.0,0.0,0.0,3.0,36.0,10.0,18.0,388.0,2.0,369.0,4.0,18.0,7.0,1.0
485,1.0,0.0,0.0,3.0,49.0,4.0,9.0,207.0,0.0,197.0,4.0,9.0,6.0,0.0
486,1.0,1.0,0.0,0.0,41.0,10.0,20.0,431.0,1.0,410.0,4.0,20.0,7.0,1.0
487,0.0,1.0,1.0,0.0,37.0,4.0,7.0,156.0,0.0,148.0,4.0,7.0,8.0,1.0
488,2.0,1.0,1.0,4.0,22.0,1.0,1.0,24.0,1.0,22.0,4.0,1.0,4.0,0.0
489,1.0,0.0,0.0,4.0,77.0,9.0,34.0,734.0,0.0,699.0,4.0,34.0,9.0,1.0
490,1.0,1.0,0.0,0.0,34.0,2.0,3.0,72.0,0.0,69.0,4.0,3.0,8.0,1.0
491,0.0,0.0,0.0,0.0,19.0,10.0,9.0,206.0,2.0,196.0,4.0,9.0,7.0,1.0
492,1.0,0.0,0.0,5.0,25.0,8.0,10.0,212.0,0.0,202.0,4.0,10.0,8.0,1.0
493,2.0,0.0,0.0,4.0,12.0,10.0,6.0,127.0,2.0,121.0,4.0,6.0,8.0,1.0
494,1.0,1.0,1.0,0.0,99.0,2.0,9.0,209.0,0.0,199.0,4.0,9.0,7.0,1.0
495,1.0,1.0,1.0,3.0,75.0,8.0,30.0,637.0,1.0,607.0,4.0,30.0,5.0,0.0
496,2.0,1.0,0.0,2.0,63.0,2.0,6.0,132.0,1.0,126.0,4.0,6.0,8.0,1.0
497,2.0,1.0,0.0,1.0,90.0,6.0,27.0,568.0,1.0,541.0,4.0,27.0,6.0,0.0
498,1.0,0.0,0.0,3.0,98.0,1.0,4.0,103.0,1.0,98.0,4.0,4.0,8.0,1.0
499,0.0,0.0,0.0,3.0,51.0,8.0,20.0,432.0,1.0,412.0,4.0,20.0,9.0,1.0
500,1.0,0.0,1.0,3.0,73.0,1.0,3.0,77.0,2.0,73.0,4.0,3.0,5.0,0.0
501,2.0,0.0,0.0,0.0,31.0,1.0,1.0,33.0,0.0,31.0,4.0,1.0,9.0,1.0
502,2.0,1.0,1.0,4.0,69.0,2.0,6.0,145.0,0.0,138.0,4.0,6.0,9.0,1.0
503,1.0,1.0,0.0,3.0,93.0,2.0,9.0,195.0,1.0,186.0,4.0,9.0,6.0,0.0
504,1.0,1.0,1.0,3.0,88.0,1.0,4.0,92.0,2.0,88.0,4.0,4.0,9.0,1.0
505,0.0,0.0,1.0,2.0,24.0,8.0,9.0,203.0,0.0,193.0,4.0,9.0,9.0,1.0
506,1.0,0.0,0.0,3.0,48.0,3.0,7.0,152.0,1.0,145.0,4.0,7.0,6.0,0.0
507,1.0,1.0,0.0,1.0,84.0,6.0,25.0,529.0,2.0,504.0,4.0,25.0,7.0,1.0
508,1.0,0.0,1.0,5.0,61.0,5.0,15.0,321.0,1.0,306.0,4.0,15.0,7.0,1.0
509,2.0,0.0,0.0,4.0,15.0,6.0,4.0,100.0,2.0,95.0,4.0,4.0,5.0,0.0
510,1.0,0.0,0.0,3.0,90.0,7.0,31.0,666.0,2.0,635.0,4.0,31.0,6.0,0.0
511,0.0,1.0,0.0,4.0,42.0,5.0,10.0,225.0,0.0,214.0,4.0,10.0,6.0,0.0
512,0.0,1.0,0.0,0.0,54.0,7.0,18.0,398.0,0.0,379.0,4.0,18.0,9.0,1.0
513,0.0,1.0,1.0,2.0,99.0,7.0,34.0,731.0,1.0,696.0,4.0,34.0,7.0,1.0
514,2.0,0.0,1.0,3.0,58.0,7.0,20.0,429.0,2.0,408.0,4.0,20.0,8.0,1.0
515,2.0,0.0,0.0,0.0,51.0,1.0,2.0,54.0,0.0,51.0,4.0,2.0,8.0,1.0
516,1.0,0.0,1.0,5.0,54.0,5.0,13.0,288.0,0.0,274.0,4.0,13.0,9.0,1.0
517,2.0,0.0,1.0,4.0,39.0,5.0,9.0,206.0,2.0,196.0,4.0,9.0,8.0,1.0
518,0.0,1.0,1.0,4.0,34.0,2.0,3.0,72.0,0.0,69.0,4.0,3.0,9.0,1.0
519,2.0,0.0,1.0,3.0,71.0,5.0,17.0,377.0,2.0,359.0,4.0,17.0,4.0,0.0
520,1.0,1.0,0.0,2.0,45.0,3.0,6.0,143.0,2.0,137.0,4.0,6.0,7.0,1.0
521,2.0,0.0,0.0,4.0,83.0,6.0,24.0,523.0,1.0,499.0,4.0,24.0,7.0,1.0
522,0.0,0.0,0.0,4.0,37.0,6.0,11.0,235.0,2.0,224.0,4.0,11.0,5.0,0.0
523,2.0,1.0,1.0,5.0,62.0,2.0,6.0,132.0,1.0,125.0,4.0,6.0,5.0,0.0
524,0.0,1.0,1.0,1.0,81.0,6.0,24.0,514.0,2.0,490.0,4.0,24.0,8.0,1.0
525,0.0,0.0,0.0,3.0,91.0,5.0,22.0,479.0,0.0,457.0,4.0,22.0,7.0,1.0
526,1.0,1.0,1.0,0.0,39.0,4.0,7.0,164.0,2.0,156.0,4.0,7.0,9.0,1.0
527,1.0,0.0,1.0,0.0,59.0,2.0,5.0,125.0,0.0,119.0,4.0,5.0,6.0,0.0
528,1.0,0.0,0.0,1.0,54.0,10.0,27.0,570.0,2.0,543.0,4.0,27.0,6.0,0.0
529,0.0,1.0,1.0,3.0,98.0,9.0,44.0,926.0,1.0,882.0,4.0,44.0,9.0,1.0
530,0.0,1.0,1.0,5.0,25.0,6.0,7.0,160.0,0.0,152.0,4.0,7.0,7.0,1.0
531,0.0,0.0,1.0,0.0,86.0,8.0,34.0,728.0,2.0,693.0,4.0,34.0,7.0,1.0
532,1.0,1.0,1.0,2.0,22.0,10.0,11.0,240.0,0.0,229.0,4.0,11.0,8.0,1.0
533,2.0,1.0,0.0,1.0,16.0,9.0,7.0,154.0,0.0,146.0,4.0,7.0,8.0,1.0
534,0.0,1.0,0.0,4.0,28.0,5.0,7.0,148.0,0.0,141.0,4.0,7.0,6.0,0.0
535,2.0,1.0,1.0,4.0,16.0,7.0,5.0,122.0,0.0,116.0,4.0,5.0,7.0,1.0
536,1.0,0.0,0.0,0.0,73.0,1.0,3.0,77.0,2.0,73.0,4.0,3.0,5.0,0.0
537,0.0,1.0,1.0,4.0,97.0,1.0,4.0,102.0,0.0,97.0,4.0,4.0,6.0,0.0
538,0.0,1.0,0.0,0.0,73.0,4.0,14.0,306.0,2.0,292.0,4.0,14.0,4.0,0.0
539,2.0,0.0,0.0,1.0,87.0,6.0,26.0,551.0,0.0,524.0,4.0,26.0,5.0,0.0
540,0.0,1.0,1.0,4.0,30.0,3.0,4.0,96.0,0.0,92.0,4.0,4.0,9.0,1.0
541,2.0,0.0,1.0,5.0,75.0,1.0,3.0,79.0,2.0,75.0,4.0,3.0,7.0,1.0
542,1.0,0.0,0.0,3.0,20.0,4.0,4.0,84.0,2.0,80.0,4.0,4.0,5.0,0.0
543,2.0,0.0,1.0,2.0,18.0,6.0,5.0,118.0,2.0,112.0,4.0,5.0,5.0,0.0
544,1.0,1.0,0.0,1.0,71.0,1.0,3.0,74.0,2.0,71.0,4.0,3.0,9.0,1.0
545,1.0,0.0,1.0,4.0,38.0,4.0,7.0,163.0,0.0,155.0,4.0,7.0,4.0,0.0
546,0.0,1.0,0.0,0.0,29.0,10.0,14.0,308.0,0.0,294.0,4.0,14.0,8.0,1.0
547,0.0,1.0,1.0,3.0,60.0,9.0,27.0,575.0,2.0,548.0,4.0,27.0,6.0,0.0
548,1.0,1.0,0.0,3.0,51.0,5.0,12.0,270.0,1.0,257.0,4.0,12.0,4.0,0.0
549,0.0,1.0,0.0,2.0,66.0,6.0,19.0,416.0,1.0,396.0,4.0,19.0,7.0,1.0
550,1.0,1.0,1.0,0.0,57.0,3.0,8.0,180.0,0.0,171.0,4.0,8.0,6.0,0.0
551,1.0,1.0,0.0,0.0,54.0,9.0,24.0,513.0,1.0,488.0,4.0,24.0,8.0,1.0
552,1.0,1.0,0.0,5.0,58.0,9.0,26.0,550.0,1.0,524.0,4.0,26.0,9.0,1.0
553,2.0,1.0,1.0,2.0,22.0,6.0,6.0,139.0,2.0,133.0,4.0,6.0,8.0,1.0
554,0.0,0.0,1.0,2.0,19.0,7.0,6.0,142.0,1.0,135.0,4.0,6.0,6.0,0.0
555,1.0,1.0,1.0,4.0,37.0,3.0,5.0,118.0,2.0,112.0,4.0,5.0,7.0,1.0
556,1.0,0.0,0.0,0.0,72.0,2.0,7.0,151.0,1.0,144.0,4.0,7.0,9.0,1.0
557,2.0,0.0,0.0,1.0,98.0,10.0,49.0,1034.0,0.0,985.0,4.0,49.0,4.0,0.0
558,0.0,0.0,1.0,1.0,41.0,6.0,12.0,262.0,0.0,249.0,4.0,12.0,5.0,0.0
559,0.0,0.0,0.0,4.0,72.0,3.0,10.0,228.0,0.0,217.0,4.0,10.0,8.0,1.0
560,1.0,1.0,1.0,2.0,21.0,9.0,9.0,203.0,1.0,194.0,4.0,9.0,7.0,1.0
561,2.0,1.0,1.0,1.0,89.0,10.0,44.0,936.0,2.0,892.0,4.0,44.0,4.0,0.0
562,1.0,1.0,0.0,2.0,42.0,8.0,16.0,356.0,0.0,339.0,4.0,16.0,5.0,0.0
563,0.0,0.0,1.0,2.0,74.0,6.0,22.0,469.0,0.0,447.0,4.0,22.0,5.0,0.0
564,1.0,1.0,1.0,0.0,99.0,2.0,9.0,208.0,1.0,198.0,4.0,9.0,9.0,1.0
565,0.0,1.0,0.0,1.0,81.0,10.0,40.0,852.0,2.0,812.0,4.0,40.0,6.0,0.0
566,2.0,1.0,0.0,3.0,49.0,10.0,24.0,517.0,2.0,493.0,4.0,24.0,9.0,1.0
567,0.0,1.0,0.0,0.0,65.0,9.0,29.0,621.0,1.0,591.0,4.0,29.0,7.0,1.0
568,1.0,1.0,0.0,0.0,79.0,7.0,27.0,586.0,2.0,559.0,4.0,27.0,5.0,0.0
569,2.0,1.0,0.0,3.0,73.0,7.0,25.0,543.0,0.0,517.0,4.0,25.0,4.0,0.0
570,1.0,0.0,0.0,4.0,82.0,5.0,20.0,430.0,2.0,410.0,4.0,20.0,7.0,1.0
571,1.0,0.0,1.0,3.0,26.0,10.0,13.0,280.0,1.0,266.0,4.0,13.0,8.0,1.0
572,0.0,0.0,1.0,1.0,10.0,7.0,3.0,74.0,0.0,70.0,4.0,3.0,8.0,1.0
573,1.0,1.0,1.0,1.0,72.0,2.0,7.0,152.0,2.0,144.0,4.0,7.0,8.0,1.0
574,0.0,1.0,1.0,3.0,85.0,5.0,21.0,451.0,2.0,429.0,4.0,21.0,8.0,1.0
575,1.0,0.0,1.0,0.0,81.0,7.0,28.0,597.0,0.0,569.0,4.0,28.0,6.0,0.0
576,1.0,1.0,1.0,1.0,60.0,4.0,12.0,253.0,1.0,241.0,4.0,12.0,5.0,0.0
577,2.0,1.0,1.0,1.0,31.0,4.0,6.0,133.0,0.0,127.0,4.0,6.0,6.0,0.0
578,0.0,1.0,0.0,5.0,64.0,4.0,12.0,269.0,1.0,257.0,4.0,12.0,7.0,1.0
579,1.0,1.0,1.0,5.0,69.0,2.0,6.0,145.0,0.0,139.0,4.0,6.0,8.0,1.0
580,2.0,1.0,1.0,1.0,27.0,3.0,4.0,85.0,1.0,81.0,4.0,4.0,7.0,1.0
581,0.0,0.0,0.0,5.0,77.0,4.0,15.0,326.0,1.0,310.0,4.0,15.0,8.0,1.0
582,2.0,0.0,0.0,0.0,92.0,2.0,9.0,195.0,2.0,185.0,4.0,9.0,8.0,1.0
583,1.0,0.0,0.0,0.0,18.0,4.0,3.0,75.0,2.0,72.0,4.0,3.0,9.0,1.0
584,1.0,1.0,1.0,3.0,63.0,3.0,9.0,198.0,0.0,189.0,4.0,9.0,7.0,1.0
585,0.0,1.0,1.0,5.0,51.0,4.0,10.0,217.0,2.0,206.0,4.0,10.0,9.0,1.0
586,0.0,1.0,0.0,1.0,52.0,3.0,7.0,164.0,1.0,157.0,4.0,7.0,9.0,1.0
587,0.0,1.0,0.0,3.0,43.0,5.0,10.0,226.0,0.0,215.0,4.0,10.0,7.0,1.0
588,2.0,1.0,1.0,0.0,59.0,10.0,29.0,625.0,1.0,596.0,4.0,29.0,5.0,0.0
589,0.0,1.0,1.0,5.0,14.0,5.0,3.0,76.0,1.0,73.0,4.0,3.0,4.0,0.0
590,2.0,0.0,1.0,5.0,46.0,6.0,13.0,293.0,2.0,279.0,4.0,13.0,4.0,0.0
591,2.0,0.0,0.0,4.0,24.0,7.0,8.0,178.0,0.0,169.0,4.0,8.0,9.0,1.0
592,0.0,0.0,0.0,3.0,45.0,1.0,2.0,47.0,1.0,45.0,4.0,2.0,9.0,1.0
593,0.0,0.0,0.0,3.0,75.0,3.0,11.0,236.0,0.0,225.0,4.0,11.0,4.0,0.0
594,1.0,0.0,1.0,3.0,96.0,3.0,14.0,304.0,1.0,290.0,4.0,14.0,5.0,0.0
595,1.0,1.0,1.0,5.0,14.0,3.0,2.0,46.0,2.0,44.0,4.0,2.0,8.0,1.0
596,0.0,1.0,1.0,1.0,52.0,3.0,7.0,164.0,2.0,156.0,4.0,7.0,9.0,1.0
597,2.0,1.0,0.0,3.0,46.0,9.0,20.0,440.0,0.0,419.0,4.0,20.0,5.0,0.0
598,2.0,1.0,0.0,0.0,36.0,5.0,9.0,193.0,1.0,184.0,4.0,9.0,9.0,1.0
599,0.0,0.0,0.0,4.0,70.0,2.0,7.0,147.0,0.0,140.0,4.0,7.0,9.0,1.0
600,2.0,1.0,1.0,2.0,83.0,1.0,4.0,87.0,0.0,83.0,4.0,4.0,6.0,0.0
601,2.0,1.0,0.0,0.0,64.0,1.0,3.0,68.0,2.0,64.0,4.0,3.0,4.0,0.0
602,2.0,1.0,1.0,1.0,77.0,10.0,38.0,814.0,0.0,775.0,4.0,38.0,6.0,0.0
603,1.0,1.0,0.0,3.0,54.0,6.0,16.0,343.0,0.0,327.0,4.0,16.0,7.0,1.0
604,2.0,0.0,0.0,0.0,51.0,7.0,18.0,381.0,1.0,363.0,4.0,18.0,4.0,0.0
605,1.0,1.0,1.0,4.0,31.0,4.0,6.0,133.0,1.0,127.0,4.0,6.0,8.0,1.0
606,0.0,0.0,0.0,0.0,53.0,7.0,18.0,394.0,0.0,375.0,4.0,18.0,5.0,0.0
607,2.0,0.0,0.0,1.0,49.0,4.0,9.0,209.0,2.0,199.0,4.0,9.0,6.0,0.0
608,0.0,1.0,1.0,0.0,30.0,1.0,1.0,32.0,0.0,30.0,4.0,1.0,5.0,0.0
609,1.0,0.0,1.0,1.0,57.0,2.0,5.0,121.0,0.0,115.0,4.0,5.0,8.0,1.0
610,0.0,1.0,0.0,2.0,28.0,1.0,1.0,30.0,2.0,28.0,4.0,1.0,6.0,0.0
611,2.0,0.0,0.0,1.0,98.0,9.0,44.0,935.0,1.0,890.0,4.0,44.0,6.0,0.0
612,1.0,0.0,1.0,0.0,93.0,3.0,13.0,293.0,1.0,279.0,4.0,13.0,7.0,1.0
613,2.0,0.0,1.0,3.0,80.0,1.0,4.0,84.0,2.0,80.0,4.0,4.0,9.0,1.0
614,0.0,0.0,1.0,1.0,67.0,10.0,33.0,708.0,0.0,674.0,4.0,33.0,4.0,0.0
615,0.0,0.0,0.0,3.0,38.0,9.0,17.0,365.0,0.0,348.0,4.0,17.0,4.0,0.0
616,1.0,0.0,1.0,3.0,72.0,6.0,21.0,457.0,1.0,435.0,4.0,21.0,6.0,0.0
617,2.0,0.0,1.0,2.0,87.0,5.0,21.0,461.0,0.0,439.0,4.0,21.0,4.0,0.0
618,0.0,0.0,1.0,1.0,98.0,6.0,29.0,620.0,2.0,591.0,4.0,29.0,4.0,0.0
619,2.0,0.0,0.0,0.0,43.0,6.0,13.0,273.0,0.0,260.0,4.0,13.0,8.0,1.0
620,0.0,1.0,0.0,1.0,71.0,3.0,10.0,225.0,2.0,215.0,4.0,10.0,9.0,1.0
621,0.0,0.0,0.0,1.0,91.0,1.0,4.0,96.0,1.0,91.0,4.0,4.0,9.0,1.0
622,1.0,0.0,0.0,4.0,94.0,7.0,33.0,695.0,2.0,662.0,4.0,33.0,4.0,0.0
623,1.0,1.0,0.0,0.0,83.0,10.0,41.0,874.0,2.0,832.0,4.0,41.0,4.0,0.0
624,1.0,0.0,1.0,0.0,91.0,1.0,4.0,95.0,1.0,91.0,4.0,4.0,6.0,0.0
625,1.0,0.0,0.0,1.0,78.0,2.0,7.0,165.0,1.0,157.0,4.0,7.0,9.0,1.0
626,0.0,1.0,1.0,3.0,60.0,2.0,6.0,127.0,0.0,121.0,4.0,6.0,8.0,1.0
627,1.0,0.0,1.0,5.0,82.0,10.0,41.0,867.0,1.0,825.0,4.0,41.0,5.0,0.0
628,0.0,0.0,1.0,4.0,53.0,3.0,7.0,167.0,0.0,159.0,4.0,7.0,7.0,1.0
629,0.0,1.0,0.0,0.0,12.0,1.0,0.0,12.0,2.0,12.0,4.0,0.0,8.0,1.0
630,0.0,1.0,1.0,3.0,64.0,10.0,32.0,673.0,2.0,641.0,4.0,32.0,6.0,0.0
631,0.0,1.0,1.0,2.0,78.0,3.0,11.0,246.0,0.0,234.0,4.0,11.0,5.0,0.0
632,0.0,0.0,1.0,1.0,83.0,2.0,8.0,175.0,2.0,167.0,4.0,8.0,7.0,1.0
633,1.0,1.0,1.0,4.0,99.0,3.0,14.0,314.0,0.0,299.0,4.0,14.0,4.0,0.0
634,1.0,0.0,1.0,1.0,79.0,3.0,11.0,251.0,2.0,239.0,4.0,11.0,5.0,0.0
635,1.0,0.0,1.0,5.0,66.0,10.0,33.0,697.0,2.0,664.0,4.0,33.0,5.0,0.0
636,0.0,1.0,1.0,5.0,28.0,7.0,10.0,212.0,2.0,202.0,4.0,10.0,6.0,0.0
637,2.0,1.0,0.0,2.0,46.0,1.0,2.0,48.0,1.0,46.0,4.0,2.0,6.0,0.0
638,1.0,0.0,0.0,1.0,17.0,5.0,4.0,92.0,1.0,88.0,4.0,4.0,8.0,1.0
639,1.0,1.0,1.0,0.0,52.0,3.0,7.0,165.0,0.0,157.0,4.0,7.0,7.0,1.0
640,1.0,0.0,0.0,1.0,98.0,3.0,14.0,311.0,0.0,296.0,4.0,14.0,6.0,0.0
641,2.0,0.0,0.0,2.0,88.0,8.0,35.0,743.0,0.0,708.0,4.0,35.0,4.0,0.0
642,1.0,0.0,1.0,2.0,55.0,2.0,5.0,116.0,0.0,111.0,4.0,5.0,6.0,0.0
643,2.0,0.0,0.0,1.0,72.0,8.0,29.0,609.0,2.0,580.0,4.0,29.0,4.0,0.0
644,2.0,0.0,1.0,2.0,12.0,5.0,3.0,63.0,0.0,60.0,4.0,3.0,5.0,0.0
645,0.0,0.0,1.0,4.0,19.0,9.0,8.0,182.0,0.0,174.0,4.0,8.0,8.0,1.0
646,2.0,1.0,1.0,5.0,70.0,6.0,21.0,442.0,1.0,421.0,4.0,21.0,7.0,1.0
647,1.0,0.0,1.0,0.0,33.0,1.0,1.0,35.0,1.0,33.0,4.0,1.0,5.0,0.0
648,2.0,0.0,0.0,3.0,15.0,2.0,1.0,32.0,1.0,30.0,4.0,1.0,6.0,0.0
649,2.0,1.0,1.0,2.0,24.0,10.0,12.0,259.0,1.0,247.0,4.0,12.0,7.0,1.0
650,1.0,1.0,1.0,2.0,75.0,5.0,18.0,397.0,0.0,378.0,4.0,18.0,7.0,1.0
651,1.0,1.0,0.0,5.0,55.0,6.0,16.0,351.0,1.0,334.0,4.0,16.0,9.0,1.0
652,0.0,0.0,1.0,4.0,72.0,10.0,36.0,764.0,1.0,727.0,4.0,36.0,7.0,1.0
653,1.0,0.0,1.0,3.0,37.0,9.0,16.0,352.0,0.0,335.0,4.0,16.0,5.0,0.0
654,1.0,0.0,1.0,0.0,60.0,4.0,12.0,252.0,2.0,240.0,4.0,12.0,9.0,1.0
655,0.0,1.0,0.0,2.0,15.0,3.0,2.0,49.0,2.0,47.0,4.0,2.0,5.0,0.0
656,2.0,1.0,0.0,2.0,99.0,1.0,4.0,104.0,2.0,99.0,4.0,4.0,8.0,1.0
657,0.0,0.0,0.0,0.0,88.0,3.0,13.0,277.0,0.0,264.0,4.0,13.0,7.0,1.0
658,0.0,0.0,0.0,3.0,27.0,5.0,6.0,146.0,1.0,139.0,4.0,6.0,5.0,0.0
659,0.0,0.0,1.0,0.0,55.0,1.0,2.0,58.0,2.0,55.0,4.0,2.0,4.0,0.0
660,1.0,1.0,0.0,3.0,42.0,3.0,6.0,135.0,1.0,128.0,4.0,6.0,9.0,1.0
661,2.0,0.0,1.0,3.0,17.0,7.0,5.0,125.0,2.0,119.0,4.0,5.0,7.0,1.0
662,1.0,0.0,0.0,0.0,58.0,6.0,17.0,370.0,2.0,352.0,4.0,17.0,5.0,0.0
663,2.0,0.0,0.0,1.0,87.0,10.0,43.0,914.0,2.0,871.0,4.0,43.0,9.0,1.0
664,2.0,1.0,0.0,3.0,98.0,2.0,9.0,207.0,1.0,197.0,4.0,9.0,7.0,1.0
665,0.0,1.0,0.0,0.0,48.0,4.0,9.0,204.0,0.0,194.0,4.0,9.0,7.0,1.0
666,1.0,0.0,1.0,1.0,57.0,3.0,8.0,181.0,0.0,173.0,4.0,8.0,7.0,1.0
667,1.0,1.0,0.0,5.0,17.0,4.0,3.0,75.0,0.0,71.0,4.0,3.0,6.0,0.0
668,2.0,0.0,0.0,5.0,47.0,6.0,14.0,300.0,0.0,286.0,4.0,14.0,4.0,0.0
669,1.0,1.0,0.0,3.0,40.0,2.0,4.0,85.0,2.0,81.0,4.0,4.0,4.0,0.0
670,0.0,0.0,1.0,0.0,56.0,10.0,28.0,588.0,0.0,560.0,4.0,28.0,4.0,0.0
671,1.0,0.0,1.0,1.0,93.0,2.0,9.0,196.0,1.0,186.0,4.0,9.0,5.0,0.0
672,1.0,1.0,0.0,5.0,73.0,3.0,11.0,231.0,0.0,220.0,4.0,11.0,4.0,0.0
673,2.0,1.0,1.0,5.0,33.0,8.0,13.0,282.0,2.0,269.0,4.0,13.0,9.0,1.0
674,0.0,1.0,0.0,2.0,45.0,10.0,22.0,477.0,2.0,454.0,4.0,22.0,4.0,0.0
675,1.0,0.0,1.0,0.0,83.0,2.0,8.0,175.0,1.0,167.0,4.0,8.0,4.0,0.0
676,1.0,0.0,0.0,3.0,64.0,7.0,22.0,470.0,2.0,448.0,4.0,22.0,7.0,1.0
677,0.0,0.0,0.0,1.0,73.0,4.0,14.0,308.0,1.0,293.0,4.0,14.0,6.0,0.0
678,2.0,1.0,1.0,5.0,58.0,10.0,29.0,618.0,0.0,589.0,4.0,29.0,8.0,1.0
679,0.0,0.0,1.0,1.0,48.0,6.0,14.0,305.0,0.0,291.0,4.0,14.0,9.0,1.0
680,1.0,0.0,0.0,2.0,39.0,1.0,1.0,41.0,1.0,39.0,4.0,1.0,6.0,0.0
681,1.0,1.0,0.0,3.0,34.0,1.0,1.0,36.0,2.0,34.0,4.0,1.0,7.0,1.0
682,2.0,1.0,0.0,0.0,49.0,6.0,14.0,310.0,0.0,295.0,4.0,14.0,7.0,1.0
683,0.0,0.0,1.0,0.0,21.0,2.0,2.0,45.0,0.0,42.0,4.0,2.0,6.0,0.0
684,1.0,0.0,0.0,3.0,23.0,6.0,6.0,145.0,0.0,138.0,4.0,6.0,4.0,0.0
685,1.0,0.0,0.0,4.0,49.0,2.0,4.0,103.0,2.0,98.0,4.0,4.0,6.0,0.0
686,1.0,0.0,0.0,3.0,64.0,2.0,6.0,136.0,2.0,129.0,4.0,6.0,8.0,1.0
687,0.0,0.0,1.0,4.0,63.0,10.0,31.0,667.0,1.0,635.0,4.0,31.0,4.0,0.0
688,2.0,0.0,1.0,3.0,72.0,2.0,7.0,153.0,1.0,145.0,4.0,7.0,6.0,0.0
689,0.0,1.0,0.0,1.0,67.0,3.0,10.0,211.0,1.0,201.0,4.0,10.0,7.0,1.0
690,2.0,0.0,0.0,3.0,70.0,9.0,31.0,663.0,1.0,631.0,4.0,31.0,6.0,0.0
691,2.0,0.0,1.0,1.0,55.0,7.0,19.0,404.0,0.0,385.0,4.0,19.0,5.0,0.0
692,0.0,0.0,1.0,5.0,48.0,10.0,24.0,510.0,1.0,486.0,4.0,24.0,8.0,1.0
693,2.0,0.0,0.0,0.0,73.0,7.0,25.0,539.0,1.0,513.0,4.0,25.0,9.0,1.0
694,2.0,1.0,0.0,1.0,52.0,9.0,23.0,497.0,1.0,473.0,4.0,23.0,7.0,1.0
695,0.0,0.0,0.0,4.0,87.0,5.0,21.0,458.0,1.0,436.0,4.0,21.0,6.0,0.0
696,0.0,0.0,0.0,3.0,27.0,4.0,5.0,113.0,0.0,108.0,4.0,5.0,6.0,0.0
697,1.0,1.0,1.0,4.0,62.0,4.0,12.0,261.0,0.0,248.0,4.0,12.0,4.0,0.0
698,0.0,0.0,1.0,2.0,69.0,9.0,31.0,657.0,2.0,626.0,4.0,31.0,7.0,1.0
699,2.0,1.0,1.0,4.0,97.0,10.0,48.0,1023.0,0.0,975.0,4.0,48.0,8.0,1.0
700,2.0,1.0,0.0,0.0,60.0,8.0,24.0,507.0,0.0,483.0,4.0,24.0,9.0,1.0
701,1.0,1.0,1.0,1.0,32.0,3.0,4.0,101.0,2.0,96.0,4.0,4.0,4.0,0.0
702,1.0,0.0,0.0,0.0,19.0,10.0,9.0,207.0,2.0,197.0,4.0,9.0,5.0,0.0
703,1.0,0.0,1.0,5.0,80.0,9.0,36.0,760.0,1.0,724.0,4.0,36.0,9.0,1.0
704,1.0,0.0,0.0,4.0,88.0,9.0,39.0,835.0,1.0,795.0,4.0,39.0,6.0,0.0
705,1.0,1.0,1.0,5.0,71.0,7.0,25.0,527.0,1.0,502.0,4.0,25.0,8.0,1.0
706,1.0,1.0,0.0,2.0,43.0,4.0,8.0,180.0,0.0,172.0,4.0,8.0,7.0,1.0
707,2.0,0.0,1.0,1.0,68.0,1.0,3.0,72.0,1.0,68.0,4.0,3.0,4.0,0.0
708,2.0,1.0,1.0,0.0,15.0,8.0,6.0,131.0,0.0,124.0,4.0,6.0,9.0,1.0
709,0.0,1.0,1.0,3.0,25.0,3.0,3.0,80.0,0.0,77.0,4.0,3.0,6.0,0.0
710,0.0,0.0,1.0,1.0,80.0,6.0,24.0,507.0,1.0,483.0,4.0,24.0,9.0,1.0
711,2.0,0.0,0.0,4.0,75.0,4.0,15.0,317.0,0.0,302.0,4.0,15.0,8.0,1.0
712,2.0,1.0,0.0,2.0,77.0,9.0,34.0,733.0,0.0,698.0,4.0,34.0,7.0,1.0
713,2.0,1.0,0.0,5.0,13.0,9.0,6.0,130.0,0.0,124.0,4.0,6.0,6.0,0.0
714,2.0,0.0,1.0,0.0,98.0,8.0,39.0,829.0,0.0,789.0,4.0,39.0,8.0,1.0
715,0.0,1.0,0.0,5.0,35.0,5.0,8.0,187.0,2.0,178.0,4.0,8.0,6.0,0.0
716,0.0,0.0,0.0,0.0,71.0,7.0,25.0,525.0,0.0,500.0,4.0,25.0,4.0,0.0
717,0.0,0.0,1.0,2.0,11.0,3.0,1.0,37.0,2.0,35.0,4.0,1.0,8.0,1.0
718,0.0,1.0,1.0,0.0,45.0,3.0,6.0,142.0,2.0,136.0,4.0,6.0,7.0,1.0
719,1.0,0.0,0.0,0.0,17.0,6.0,5.0,110.0,2.0,104.0,4.0,5.0,6.0,0.0
720,1.0,1.0,0.0,0.0,25.0,7.0,8.0,187.0,1.0,178.0,4.0,8.0,7.0,1.0
721,2.0,0.0,0.0,3.0,90.0,9.0,40.0,856.0,1.0,815.0,4.0,40.0,5.0,0.0
722,1.0,1.0,1.0,4.0,44.0,3.0,6.0,138.0,2.0,132.0,4.0,6.0,7.0,1.0
723,2.0,0.0,0.0,1.0,36.0,7.0,12.0,270.0,1.0,257.0,4.0,12.0,7.0,1.0
724,1.0,0.0,1.0,1.0,23.0,4.0,4.0,98.0,0.0,93.0,4.0,4.0,7.0,1.0
725,2.0,0.0,0.0,5.0,28.0,8.0,11.0,239.0,1.0,228.0,4.0,11.0,6.0,0.0
726,2.0,0.0,1.0,4.0,55.0,3.0,8.0,175.0,2.0,166.0,4.0,8.0,5.0,0.0
727,1.0,1.0,1.0,3.0,69.0,10.0,34.0,732.0,2.0,697.0,4.0,34.0,8.0,1.0
728,2.0,1.0,1.0,0.0,97.0,4.0,19.0,408.0,0.0,389.0,4.0,19.0,6.0,0.0
729,1.0,0.0,0.0,4.0,52.0,7.0,18.0,383.0,1.0,365.0,4.0,18.0,9.0,1.0
730,0.0,0.0,0.0,0.0,22.0,4.0,4.0,93.0,2.0,89.0,4.0,4.0,4.0,0.0
731,0.0,1.0,1.0,5.0,56.0,3.0,8.0,176.0,0.0,168.0,4.0,8.0,4.0,0.0
732,0.0,0.0,1.0,0.0,19.0,1.0,0.0,20.0,0.0,19.0,4.0,0.0,9.0,1.0
733,1.0,1.0,1.0,2.0,75.0,7.0,26.0,557.0,0.0,531.0,4.0,26.0,8.0,1.0
734,1.0,0.0,1.0,1.0,53.0,1.0,2.0,56.0,0.0,53.0,4.0,2.0,6.0,0.0
735,2.0,0.0,1.0,5.0,81.0,10.0,40.0,860.0,2.0,819.0,4.0,40.0,6.0,0.0
736,2.0,0.0,0.0,4.0,81.0,7.0,28.0,596.0,2.0,568.0,4.0,28.0,8.0,1.0
737,2.0,1.0,1.0,2.0,58.0,10.0,29.0,616.0,0.0,587.0,4.0,29.0,9.0,1.0
738,1.0,0.0,1.0,2.0,91.0,8.0,36.0,769.0,0.0,732.0,4.0,36.0,6.0,0.0
739,0.0,1.0,1.0,4.0,93.0,9.0,42.0,887.0,1.0,845.0,4.0,42.0,9.0,1.0
740,2.0,1.0,1.0,4.0,55.0,7.0,19.0,408.0,1.0,389.0,4.0,19.0,8.0,1.0
741,2.0,1.0,1.0,1.0,84.0,1.0,4.0,89.0,0.0,84.0,4.0,4.0,8.0,1.0
742,0.0,0.0,0.0,3.0,71.0,2.0,7.0,150.0,0.0,143.0,4.0,7.0,8.0,1.0
743,0.0,0.0,1.0,4.0,37.0,2.0,3.0,79.0,0.0,75.0,4.0,3.0,9.0,1.0
744,2.0,0.0,0.0,3.0,31.0,8.0,12.0,266.0,2.0,253.0,4.0,12.0,5.0,0.0
745,2.0,0.0,0.0,1.0,38.0,1.0,1.0,40.0,1.0,38.0,4.0,1.0,8.0,1.0
746,1.0,0.0,1.0,0.0,65.0,10.0,32.0,684.0,2.0,652.0,4.0,32.0,5.0,0.0
747,2.0,0.0,0.0,4.0,10.0,5.0,2.0,55.0,2.0,52.0,4.0,2.0,5.0,0.0
748,1.0,0.0,0.0,4.0,12.0,9.0,5.0,116.0,2.0,110.0,4.0,5.0,8.0,1.0
749,2.0,0.0,1.0,5.0,81.0,7.0,28.0,597.0,1.0,568.0,4.0,28.0,9.0,1.0
750,1.0,0.0,0.0,0.0,22.0,4.0,4.0,93.0,0.0,89.0,4.0,4.0,4.0,0.0
751,0.0,1.0,0.0,1.0,27.0,5.0,6.0,143.0,2.0,136.0,4.0,6.0,8.0,1.0
752,0.0,0.0,0.0,2.0,17.0,10.0,8.0,182.0,0.0,174.0,4.0,8.0,7.0,1.0
753,1.0,1.0,1.0,4.0,73.0,5.0,18.0,384.0,0.0,366.0,4.0,18.0,8.0,1.0
754,2.0,0.0,0.0,0.0,84.0,3.0,12.0,267.0,0.0,254.0,4.0,12.0,7.0,1.0
755,0.0,1.0,0.0,0.0,97.0,8.0,38.0,817.0,2.0,778.0,4.0,38.0,6.0,0.0
756,1.0,0.0,0.0,2.0,35.0,8.0,14.0,300.0,0.0,285.0,4.0,14.0,4.0,0.0
757,0.0,1.0,0.0,4.0,96.0,6.0,28.0,608.0,1.0,579.0,4.0,28.0,4.0,0.0
758,0.0,0.0,1.0,1.0,18.0,10.0,9.0,197.0,0.0,188.0,4.0,9.0,5.0,0.0
759,0.0,1.0,0.0,1.0,55.0,4.0,11.0,232.0,0.0,221.0,4.0,11.0,8.0,1.0
760,1.0,0.0,0.0,1.0,77.0,10.0,38.0,810.0,2.0,772.0,4.0,38.0,5.0,0.0
761,1.0,1.0,1.0,2.0,72.0,10.0,36.0,757.0,2.0,721.0,4.0,36.0,4.0,0.0
762,0.0,0.0,0.0,0.0,63.0,8.0,25.0,536.0,0.0,511.0,4.0,25.0,9.0,1.0
763,0.0,0.0,0.0,5.0,10.0,5.0,2.0,56.0,0.0,53.0,4.0,2.0,7.0,1.0
764,0.0,0.0,1.0,5.0,55.0,4.0,11.0,233.0,2.0,222.0,4.0,11.0,6.0,0.0
765,1.0,1.0,0.0,4.0,95.0,8.0,38.0,801.0,0.0,763.0,4.0,38.0,4.0,0.0
766,2.0,1.0,0.0,0.0,76.0,3.0,11.0,239.0,2.0,228.0,4.0,11.0,9.0,1.0
767,1.0,1.0,1.0,3.0,13.0,6.0,4.0,86.0,1.0,82.0,4.0,4.0,6.0,0.0
768,1.0,1.0,0.0,2.0,95.0,4.0,19.0,401.0,1.0,382.0,4.0,19.0,7.0,1.0
769,0.0,1.0,0.0,4.0,11.0,6.0,3.0,72.0,1.0,68.0,4.0,3.0,7.0,1.0
770,1.0,0.0,0.0,3.0,95.0,4.0,19.0,401.0,0.0,382.0,4.0,19.0,4.0,0.0
771,2.0,0.0,0.0,5.0,85.0,7.0,30.0,631.0,2.0,601.0,4.0,30.0,8.0,1.0
772,2.0,0.0,0.0,3.0,67.0,7.0,23.0,499.0,0.0,475.0,4.0,23.0,5.0,0.0
773,2.0,1.0,0.0,1.0,52.0,1.0,2.0,55.0,2.0,52.0,4.0,2.0,6.0,0.0
774,2.0,0.0,1.0,1.0,65.0,2.0,6.0,137.0,1.0,131.0,4.0,6.0,6.0,0.0
775,1.0,1.0,0.0,1.0,28.0,5.0,7.0,151.0,2.0,144.0,4.0,7.0,8.0,1.0
776,2.0,0.0,1.0,5.0,65.0,7.0,22.0,480.0,2.0,457.0,4.0,22.0,4.0,0.0
777,1.0,1.0,1.0,3.0,93.0,1.0,4.0,98.0,1.0,93.0,4.0,4.0,9.0,1.0
778,2.0,0.0,1.0,3.0,25.0,5.0,6.0,132.0,1.0,126.0,4.0,6.0,6.0,0.0
779,1.0,0.0,1.0,2.0,87.0,9.0,39.0,830.0,0.0,790.0,4.0,39.0,5.0,0.0
780,2.0,1.0,1.0,5.0,21.0,8.0,8.0,183.0,1.0,174.0,4.0,8.0,8.0,1.0
781,0.0,1.0,0.0,3.0,94.0,4.0,18.0,397.0,0.0,379.0,4.0,18.0,7.0,1.0
782,0.0,0.0,0.0,0.0,30.0,1.0,1.0,32.0,2.0,30.0,4.0,1.0,4.0,0.0
783,2.0,1.0,0.0,4.0,44.0,8.0,17.0,369.0,1.0,352.0,4.0,17.0,8.0,1.0
784,2.0,0.0,0.0,5.0,10.0,5.0,2.0,53.0,0.0,50.0,4.0,2.0,4.0,0.0
785,0.0,1.0,1.0,2.0,74.0,7.0,26.0,548.0,2.0,522.0,4.0,26.0,9.0,1.0
786,2.0,1.0,1.0,2.0,71.0,8.0,28.0,603.0,0.0,575.0,4.0,28.0,5.0,0.0
787,2.0,1.0,0.0,5.0,10.0,5.0,2.0,57.0,2.0,54.0,4.0,2.0,9.0,1.0
788,2.0,0.0,1.0,5.0,60.0,3.0,9.0,190.0,2.0,181.0,4.0,9.0,5.0,0.0
789,0.0,1.0,1.0,3.0,58.0,7.0,20.0,432.0,0.0,412.0,4.0,20.0,9.0,1.0
790,0.0,1.0,1.0,0.0,46.0,1.0,2.0,48.0,2.0,46.0,4.0,2.0,4.0,0.0
791,2.0,0.0,1.0,5.0,68.0,4.0,13.0,287.0,2.0,274.0,4.0,13.0,9.0,1.0
792,1.0,1.0,0.0,4.0,97.0,10.0,48.0,1022.0,2.0,973.0,4.0,48.0,4.0,0.0
793,0.0,0.0,1.0,2.0,92.0,7.0,32.0,680.0,2.0,648.0,4.0,32.0,9.0,1.0
794,0.0,1.0,0.0,2.0,46.0,2.0,4.0,97.0,2.0,93.0,4.0,4.0,6.0,0.0
795,1.0,1.0,1.0,0.0,27.0,2.0,2.0,57.0,0.0,54.0,4.0,2.0,4.0,0.0
796,2.0,0.0,0.0,4.0,60.0,1.0,3.0,63.0,1.0,60.0,4.0,3.0,5.0,0.0
797,0.0,0.0,0.0,3.0,24.0,10.0,12.0,257.0,1.0,244.0,4.0,12.0,8.0,1.0
798,1.0,1.0,1.0,5.0,92.0,1.0,4.0,97.0,2.0,92.0,4.0,4.0,9.0,1.0
799,2.0,0.0,1.0,4.0,86.0,5.0,21.0,455.0,0.0,433.0,4.0,21.0,9.0,1.0
800,1.0,1.0,1.0,3.0,23.0,6.0,6.0,144.0,0.0,138.0,4.0,6.0,7.0,1.0
801,2.0,0.0,0.0,2.0,30.0,8.0,12.0,253.0,0.0,241.0,4.0,12.0,5.0,0.0
802,2.0,0.0,1.0,0.0,67.0,7.0,23.0,495.0,0.0,471.0,4.0,23.0,6.0,0.0
803,0.0,0.0,0.0,0.0,48.0,9.0,22.0,462.0,1.0,440.0,4.0,22.0,8.0,1.0
804,1.0,0.0,0.0,2.0,75.0,9.0,34.0,714.0,1.0,680.0,4.0,34.0,8.0,1.0
805,0.0,1.0,0.0,4.0,77.0,4.0,15.0,325.0,1.0,309.0,4.0,15.0,4.0,0.0
806,0.0,1.0,0.0,3.0,93.0,2.0,9.0,195.0,2.0,186.0,4.0,9.0,8.0,1.0
807,0.0,1.0,0.0,2.0,50.0,4.0,10.0,210.0,1.0,200.0,4.0,10.0,9.0,1.0
808,1.0,1.0,0.0,5.0,17.0,1.0,0.0,18.0,1.0,17.0,4.0,0.0,8.0,1.0
809,2.0,1.0,0.0,0.0,62.0,10.0,31.0,652.0,0.0,621.0,4.0,31.0,6.0,0.0
810,1.0,1.0,1.0,5.0,10.0,8.0,4.0,90.0,0.0,86.0,4.0,4.0,6.0,0.0
811,0.0,1.0,0.0,2.0,40.0,10.0,20.0,422.0,2.0,402.0,4.0,20.0,5.0,0.0
812,2.0,0.0,0.0,3.0,64.0,5.0,16.0,341.0,2.0,324.0,4.0,16.0,6.0,0.0
813,0.0,1.0,1.0,2.0,95.0,1.0,4.0,99.0,1.0,95.0,4.0,4.0,6.0,0.0
814,0.0,0.0,0.0,2.0,48.0,8.0,19.0,408.0,1.0,388.0,4.0,19.0,5.0,0.0
815,1.0,1.0,0.0,1.0,53.0,8.0,21.0,446.0,0.0,425.0,4.0,21.0,5.0,0.0
816,2.0,1.0,0.0,0.0,45.0,7.0,15.0,333.0,1.0,318.0,4.0,15.0,9.0,1.0
817,0.0,1.0,1.0,1.0,33.0,8.0,13.0,284.0,0.0,271.0,4.0,13.0,9.0,1.0
818,1.0,0.0,1.0,5.0,96.0,4.0,19.0,403.0,2.0,384.0,4.0,19.0,8.0,1.0
819,1.0,0.0,1.0,1.0,47.0,5.0,11.0,247.0,2.0,235.0,4.0,11.0,6.0,0.0
820,1.0,1.0,1.0,2.0,52.0,4.0,10.0,222.0,0.0,211.0,4.0,10.0,6.0,0.0
821,0.0,0.0,0.0,4.0,47.0,2.0,4.0,100.0,2.0,95.0,4.0,4.0,4.0,0.0
822,2.0,0.0,1.0,3.0,10.0,1.0,0.0,10.0,1.0,10.0,4.0,0.0,5.0,0.0
823,0.0,1.0,0.0,5.0,68.0,3.0,10.0,216.0,1.0,206.0,4.0,10.0,8.0,1.0
824,1.0,0.0,0.0,3.0,60.0,7.0,21.0,441.0,2.0,420.0,4.0,21.0,4.0,0.0
825,0.0,0.0,0.0,3.0,22.0,4.0,4.0,92.0,2.0,88.0,4.0,4.0,6.0,0.0
826,1.0,0.0,0.0,5.0,72.0,9.0,32.0,681.0,2.0,648.0,4.0,32.0,7.0,1.0
827,0.0,0.0,1.0,0.0,41.0,3.0,6.0,130.0,2.0,123.0,4.0,6.0,8.0,1.0
828,2.0,1.0,1.0,2.0,64.0,10.0,32.0,681.0,1.0,649.0,4.0,32.0,5.0,0.0
829,0.0,0.0,0.0,2.0,74.0,10.0,37.0,779.0,2.0,742.0,4.0,37.0,4.0,0.0
830,0.0,1.0,1.0,2.0,10.0,8.0,4.0,88.0,1.0,84.0,4.0,4.0,7.0,1.0
831,1.0,1.0,1.0,5.0,62.0,4.0,12.0,262.0,1.0,250.0,4.0,12.0,9.0,1.0
832,1.0,0.0,0.0,3.0,11.0,8.0,4.0,99.0,1.0,94.0,4.0,4.0,4.0,0.0
833,0.0,0.0,1.0,5.0,91.0,1.0,4.0,95.0,0.0,91.0,4.0,4.0,9.0,1.0
834,1.0,0.0,0.0,4.0,40.0,7.0,14.0,299.0,0.0,285.0,4.0,14.0,5.0,0.0
835,0.0,1.0,1.0,0.0,52.0,1.0,2.0,54.0,1.0,52.0,4.0,2.0,5.0,0.0
836,0.0,0.0,1.0,0.0,38.0,5.0,9.0,202.0,0.0,192.0,4.0,9.0,5.0,0.0
837,1.0,1.0,1.0,3.0,44.0,6.0,13.0,281.0,2.0,267.0,4.0,13.0,5.0,0.0
838,2.0,1.0,1.0,2.0,55.0,10.0,27.0,586.0,1.0,558.0,4.0,27.0,5.0,0.0
839,2.0,0.0,0.0,3.0,29.0,6.0,8.0,184.0,0.0,175.0,4.0,8.0,5.0,0.0
840,0.0,1.0,1.0,0.0,51.0,3.0,7.0,163.0,1.0,155.0,4.0,7.0,7.0,1.0
841,1.0,1.0,1.0,2.0,60.0,1.0,3.0,63.0,1.0,60.0,4.0,3.0,6.0,0.0
842,0.0,0.0,0.0,3.0,39.0,2.0,3.0,82.0,2.0,78.0,4.0,3.0,5.0,0.0
843,2.0,0.0,0.0,1.0,14.0,2.0,1.0,31.0,2.0,29.0,4.0,1.0,8.0,1.0
844,0.0,1.0,1.0,0.0,21.0,1.0,1.0,22.0,1.0,21.0,4.0,1.0,5.0,0.0
845,0.0,0.0,1.0,2.0,93.0,3.0,14.0,295.0,2.0,281.0,4.0,14.0,5.0,0.0
846,0.0,0.0,1.0,2.0,73.0,1.0,3.0,76.0,0.0,73.0,4.0,3.0,9.0,1.0
847,2.0,1.0,0.0,3.0,22.0,1.0,1.0,23.0,2.0,22.0,4.0,1.0,8.0,1.0
848,2.0,0.0,0.0,1.0,72.0,9.0,32.0,688.0,1.0,655.0,4.0,32.0,4.0,0.0
849,0.0,1.0,0.0,0.0,99.0,6.0,29.0,624.0,1.0,594.0,4.0,29.0,4.0,0.0
850,0.0,1.0,1.0,0.0,74.0,1.0,3.0,77.0,1.0,74.0,4.0,3.0,9.0,1.0
851,0.0,1.0,0.0,0.0,98.0,2.0,9.0,206.0,0.0,196.0,4.0,9.0,9.0,1.0
852,2.0,1.0,1.0,5.0,53.0,7.0,18.0,390.0,0.0,372.0,4.0,18.0,5.0,0.0
853,1.0,1.0,0.0,2.0,52.0,10.0,26.0,554.0,0.0,527.0,4.0,26.0,10.0,1.0
854,0.0,0.0,0.0,5.0,95.0,5.0,23.0,503.0,0.0,479.0,4.0,23.0,8.0,1.0
855,1.0,1.0,0.0,0.0,36.0,9.0,16.0,345.0,1.0,328.0,4.0,16.0,4.0,0.0
856,1.0,1.0,1.0,1.0,21.0,8.0,8.0,177.0,1.0,168.0,4.0,8.0,6.0,0.0
857,0.0,0.0,0.0,4.0,28.0,4.0,5.0,118.0,1.0,113.0,4.0,5.0,8.0,1.0
858,1.0,1.0,1.0,5.0,57.0,6.0,17.0,362.0,1.0,345.0,4.0,17.0,5.0,0.0
859,0.0,0.0,0.0,1.0,47.0,9.0,21.0,450.0,1.0,428.0,4.0,21.0,5.0,0.0
860,2.0,0.0,0.0,4.0,86.0,1.0,4.0,90.0,0.0,86.0,4.0,4.0,7.0,1.0
861,0.0,0.0,1.0,3.0,12.0,2.0,1.0,26.0,0.0,25.0,4.0,1.0,7.0,1.0
862,1.0,1.0,0.0,4.0,11.0,9.0,5.0,106.0,2.0,101.0,4.0,5.0,4.0,0.0
863,1.0,1.0,0.0,4.0,51.0,7.0,17.0,375.0,1.0,357.0,4.0,17.0,7.0,1.0
864,0.0,0.0,0.0,2.0,79.0,3.0,11.0,250.0,1.0,238.0,4.0,11.0,6.0,0.0
865,2.0,0.0,1.0,5.0,33.0,3.0,5.0,106.0,0.0,101.0,4.0,5.0,7.0,1.0
866,1.0,0.0,1.0,3.0,90.0,8.0,36.0,760.0,2.0,724.0,4.0,36.0,6.0,0.0
867,2.0,0.0,0.0,5.0,62.0,2.0,6.0,131.0,0.0,125.0,4.0,6.0,4.0,0.0
868,2.0,0.0,1.0,1.0,24.0,3.0,3.0,76.0,2.0,72.0,4.0,3.0,4.0,0.0
869,0.0,1.0,1.0,3.0,64.0,4.0,12.0,271.0,0.0,258.0,4.0,12.0,9.0,1.0
870,0.0,0.0,1.0,1.0,24.0,7.0,8.0,182.0,2.0,173.0,4.0,8.0,7.0,1.0
871,2.0,1.0,1.0,0.0,56.0,1.0,2.0,59.0,0.0,56.0,4.0,2.0,9.0,1.0
872,1.0,0.0,0.0,2.0,21.0,10.0,10.0,225.0,1.0,214.0,4.0,10.0,6.0,0.0
873,0.0,0.0,1.0,3.0,89.0,6.0,26.0,561.0,1.0,534.0,4.0,26.0,9.0,1.0
874,0.0,0.0,1.0,4.0,23.0,4.0,4.0,97.0,2.0,93.0,4.0,4.0,5.0,0.0
875,2.0,1.0,1.0,4.0,65.0,8.0,26.0,548.0,0.0,522.0,4.0,26.0,6.0,0.0
876,2.0,0.0,1.0,0.0,52.0,1.0,2.0,54.0,1.0,52.0,4.0,2.0,4.0,0.0
877,1.0,0.0,1.0,2.0,39.0,1.0,1.0,41.0,1.0,39.0,4.0,1.0,6.0,0.0
878,0.0,1.0,0.0,2.0,90.0,8.0,36.0,756.0,2.0,720.0,4.0,36.0,4.0,0.0
879,1.0,0.0,0.0,2.0,12.0,8.0,4.0,101.0,0.0,96.0,4.0,4.0,8.0,1.0
880,1.0,0.0,0.0,1.0,33.0,10.0,16.0,348.0,0.0,332.0,4.0,16.0,6.0,0.0
881,2.0,0.0,0.0,0.0,10.0,8.0,4.0,85.0,2.0,81.0,4.0,4.0,9.0,1.0
882,1.0,0.0,1.0,3.0,31.0,10.0,15.0,335.0,2.0,319.0,4.0,15.0,9.0,1.0
883,0.0,0.0,0.0,4.0,34.0,6.0,10.0,216.0,0.0,206.0,4.0,10.0,7.0,1.0
884,0.0,0.0,0.0,1.0,83.0,2.0,8.0,175.0,1.0,166.0,4.0,8.0,7.0,1.0
885,0.0,1.0,1.0,3.0,45.0,7.0,15.0,335.0,1.0,319.0,4.0,15.0,5.0,0.0
886,0.0,0.0,1.0,1.0,87.0,1.0,4.0,92.0,0.0,87.0,4.0,4.0,6.0,0.0
887,0.0,0.0,0.0,2.0,73.0,10.0,36.0,771.0,0.0,734.0,4.0,36.0,9.0,1.0
888,2.0,1.0,0.0,0.0,12.0,8.0,4.0,102.0,0.0,97.0,4.0,4.0,6.0,0.0
889,0.0,0.0,1.0,3.0,76.0,10.0,38.0,807.0,0.0,769.0,4.0,38.0,5.0,0.0
890,2.0,1.0,0.0,5.0,83.0,5.0,20.0,439.0,1.0,418.0,4.0,20.0,7.0,1.0
891,1.0,1.0,0.0,2.0,57.0,8.0,23.0,486.0,1.0,463.0,4.0,23.0,8.0,1.0
892,2.0,0.0,0.0,0.0,92.0,5.0,23.0,485.0,2.0,462.0,4.0,23.0,8.0,1.0
893,1.0,1.0,1.0,2.0,28.0,5.0,7.0,148.0,1.0,141.0,4.0,7.0,9.0,1.0
894,1.0,0.0,1.0,2.0,50.0,6.0,15.0,317.0,2.0,302.0,4.0,15.0,8.0,1.0
895,1.0,1.0,1.0,5.0,99.0,8.0,39.0,832.0,2.0,793.0,4.0,39.0,4.0,0.0
896,2.0,1.0,1.0,0.0,60.0,7.0,21.0,446.0,0.0,425.0,4.0,21.0,5.0,0.0
897,2.0,0.0,0.0,1.0,47.0,6.0,14.0,297.0,1.0,283.0,4.0,14.0,8.0,1.0
898,2.0,0.0,1.0,5.0,85.0,7.0,29.0,629.0,1.0,599.0,4.0,29.0,5.0,0.0
899,0.0,0.0,1.0,1.0,35.0,9.0,15.0,331.0,0.0,315.0,4.0,15.0,4.0,0.0
900,2.0,0.0,0.0,2.0,44.0,9.0,20.0,423.0,2.0,403.0,4.0,20.0,7.0,1.0
901,1.0,1.0,1.0,4.0,45.0,4.0,9.0,193.0,0.0,183.0,4.0,9.0,5.0,0.0
902,0.0,0.0,0.0,5.0,27.0,5.0,6.0,145.0,2.0,138.0,4.0,6.0,4.0,0.0
903,0.0,1.0,1.0,1.0,11.0,7.0,4.0,84.0,1.0,80.0,4.0,4.0,8.0,1.0
904,2.0,1.0,0.0,5.0,58.0,2.0,5.0,122.0,0.0,116.0,4.0,5.0,6.0,0.0
905,2.0,0.0,0.0,4.0,78.0,4.0,15.0,329.0,1.0,313.0,4.0,15.0,7.0,1.0
906,2.0,1.0,1.0,5.0,84.0,10.0,42.0,888.0,2.0,846.0,4.0,42.0,8.0,1.0
907,1.0,1.0,0.0,5.0,82.0,5.0,20.0,435.0,2.0,414.0,4.0,20.0,6.0,0.0
908,0.0,0.0,0.0,1.0,79.0,2.0,7.0,167.0,0.0,159.0,4.0,7.0,6.0,0.0
909,1.0,1.0,0.0,4.0,49.0,10.0,24.0,514.0,2.0,490.0,4.0,24.0,4.0,0.0
910,1.0,0.0,0.0,1.0,29.0,3.0,4.0,91.0,2.0,87.0,4.0,4.0,7.0,1.0
911,2.0,1.0,0.0,2.0,56.0,4.0,11.0,235.0,0.0,224.0,4.0,11.0,8.0,1.0
912,0.0,1.0,0.0,4.0,93.0,8.0,37.0,782.0,1.0,744.0,4.0,37.0,6.0,0.0
913,0.0,0.0,1.0,0.0,51.0,8.0,20.0,431.0,0.0,410.0,4.0,20.0,7.0,1.0
914,0.0,0.0,0.0,1.0,99.0,3.0,14.0,313.0,1.0,298.0,4.0,14.0,5.0,0.0
915,2.0,1.0,0.0,2.0,35.0,6.0,10.0,223.0,1.0,212.0,4.0,10.0,4.0,0.0
916,2.0,0.0,1.0,3.0,42.0,1.0,2.0,44.0,2.0,42.0,4.0,2.0,9.0,1.0
917,0.0,1.0,0.0,0.0,94.0,4.0,18.0,397.0,1.0,378.0,4.0,18.0,6.0,0.0
918,1.0,1.0,1.0,4.0,68.0,3.0,10.0,217.0,0.0,206.0,4.0,10.0,8.0,1.0
919,1.0,0.0,0.0,2.0,26.0,3.0,3.0,82.0,0.0,78.0,4.0,3.0,6.0,0.0
920,2.0,0.0,0.0,4.0,35.0,9.0,16.0,338.0,2.0,322.0,4.0,16.0,5.0,0.0
921,1.0,1.0,0.0,4.0,16.0,6.0,4.0,103.0,1.0,98.0,4.0,4.0,7.0,1.0
922,2.0,0.0,0.0,4.0,12.0,2.0,1.0,26.0,2.0,25.0,4.0,1.0,5.0,0.0
923,2.0,1.0,0.0,3.0,83.0,7.0,29.0,611.0,2.0,581.0,4.0,29.0,6.0,0.0
924,2.0,0.0,0.0,3.0,35.0,6.0,10.0,221.0,0.0,211.0,4.0,10.0,6.0,0.0
925,1.0,1.0,0.0,2.0,13.0,4.0,2.0,57.0,0.0,55.0,4.0,2.0,9.0,1.0
926,1.0,0.0,1.0,3.0,88.0,1.0,4.0,92.0,2.0,88.0,4.0,4.0,5.0,0.0
927,0.0,0.0,0.0,5.0,39.0,9.0,17.0,374.0,2.0,356.0,4.0,17.0,6.0,0.0
928,1.0,1.0,0.0,2.0,88.0,9.0,39.0,833.0,2.0,794.0,4.0,39.0,7.0,1.0
929,1.0,1.0,1.0,3.0,25.0,2.0,2.0,53.0,0.0,50.0,4.0,2.0,7.0,1.0
930,1.0,1.0,1.0,4.0,99.0,6.0,29.0,629.0,0.0,599.0,4.0,29.0,7.0,1.0
931,2.0,0.0,0.0,0.0,83.0,2.0,8.0,175.0,2.0,166.0,4.0,8.0,9.0,1.0
932,0.0,1.0,0.0,1.0,74.0,10.0,37.0,781.0,0.0,744.0,4.0,37.0,5.0,0.0
933,2.0,1.0,1.0,5.0,64.0,7.0,22.0,470.0,0.0,448.0,4.0,22.0,7.0,1.0
934,1.0,1.0,0.0,4.0,63.0,6.0,18.0,397.0,0.0,378.0,4.0,18.0,9.0,1.0
935,2.0,0.0,1.0,4.0,85.0,3.0,12.0,270.0,0.0,257.0,4.0,12.0,5.0,0.0
936,2.0,1.0,0.0,5.0,78.0,7.0,27.0,579.0,0.0,552.0,4.0,27.0,7.0,1.0
937,0.0,1.0,0.0,3.0,89.0,5.0,22.0,469.0,1.0,447.0,4.0,22.0,7.0,1.0
938,0.0,0.0,0.0,5.0,92.0,3.0,13.0,290.0,1.0,276.0,4.0,13.0,4.0,0.0
939,2.0,1.0,0.0,1.0,57.0,6.0,17.0,360.0,0.0,343.0,4.0,17.0,5.0,0.0
940,0.0,1.0,1.0,1.0,66.0,4.0,13.0,279.0,0.0,266.0,4.0,13.0,6.0,0.0
941,2.0,0.0,1.0,0.0,99.0,9.0,44.0,943.0,1.0,898.0,4.0,44.0,6.0,0.0
942,0.0,1.0,0.0,4.0,45.0,10.0,22.0,479.0,0.0,456.0,4.0,22.0,5.0,0.0
943,0.0,1.0,1.0,5.0,50.0,5.0,12.0,266.0,2.0,253.0,4.0,12.0,5.0,0.0
944,0.0,0.0,1.0,5.0,10.0,7.0,3.0,74.0,1.0,70.0,4.0,3.0,4.0,0.0
945,0.0,1.0,0.0,2.0,93.0,7.0,32.0,690.0,2.0,657.0,4.0,32.0,7.0,1.0
946,2.0,0.0,1.0,2.0,84.0,2.0,8.0,176.0,2.0,168.0,4.0,8.0,5.0,0.0
947,1.0,0.0,1.0,0.0,53.0,1.0,2.0,56.0,0.0,53.0,4.0,2.0,4.0,0.0
948,2.0,0.0,1.0,4.0,35.0,5.0,8.0,188.0,0.0,179.0,4.0,8.0,7.0,1.0
949,1.0,1.0,0.0,1.0,26.0,8.0,10.0,222.0,0.0,211.0,4.0,10.0,8.0,1.0
950,1.0,0.0,1.0,5.0,39.0,3.0,5.0,125.0,0.0,119.0,4.0,5.0,9.0,1.0
951,1.0,0.0,0.0,4.0,21.0,3.0,3.0,68.0,0.0,65.0,4.0,3.0,4.0,0.0
952,1.0,0.0,0.0,1.0,62.0,4.0,12.0,263.0,0.0,251.0,4.0,12.0,8.0,1.0
953,2.0,0.0,0.0,1.0,21.0,4.0,4.0,88.0,1.0,84.0,4.0,4.0,7.0,1.0
954,1.0,0.0,1.0,4.0,65.0,6.0,19.0,415.0,1.0,395.0,4.0,19.0,5.0,0.0
955,0.0,1.0,0.0,0.0,42.0,7.0,14.0,312.0,1.0,297.0,4.0,14.0,6.0,0.0
956,2.0,0.0,1.0,1.0,50.0,9.0,22.0,477.0,1.0,454.0,4.0,22.0,5.0,0.0
957,1.0,1.0,1.0,2.0,46.0,6.0,13.0,289.0,1.0,276.0,4.0,13.0,7.0,1.0
958,2.0,1.0,0.0,4.0,15.0,10.0,7.0,165.0,1.0,158.0,4.0,7.0,7.0,1.0
959,0.0,0.0,0.0,1.0,98.0,9.0,44.0,932.0,1.0,887.0,4.0,44.0,8.0,1.0
960,2.0,0.0,1.0,0.0,91.0,1.0,4.0,96.0,1.0,91.0,4.0,4.0,9.0,1.0
961,0.0,0.0,1.0,2.0,20.0,2.0,2.0,43.0,1.0,41.0,4.0,2.0,9.0,1.0
962,0.0,1.0,0.0,0.0,15.0,1.0,0.0,16.0,2.0,15.0,4.0,0.0,7.0,1.0
963,2.0,0.0,1.0,2.0,96.0,3.0,14.0,304.0,1.0,290.0,4.0,14.0,6.0,0.0
964,1.0,1.0,1.0,1.0,33.0,2.0,3.0,69.0,2.0,66.0,4.0,3.0,6.0,0.0
965,1.0,1.0,0.0,2.0,38.0,2.0,3.0,80.0,2.0,76.0,4.0,3.0,5.0,0.0
966,0.0,1.0,0.0,4.0,33.0,9.0,14.0,314.0,0.0,299.0,4.0,14.0,7.0,1.0
967,0.0,0.0,1.0,4.0,81.0,3.0,12.0,255.0,2.0,243.0,4.0,12.0,9.0,1.0
968,0.0,1.0,0.0,5.0,15.0,3.0,2.0,49.0,1.0,47.0,4.0,2.0,9.0,1.0
969,1.0,0.0,0.0,2.0,34.0,5.0,8.0,181.0,2.0,172.0,4.0,8.0,9.0,1.0
970,1.0,0.0,0.0,1.0,84.0,10.0,42.0,888.0,2.0,846.0,4.0,42.0,9.0,1.0
971,1.0,0.0,1.0,4.0,36.0,7.0,12.0,271.0,0.0,258.0,4.0,12.0,6.0,0.0
972,1.0,1.0,1.0,2.0,87.0,7.0,30.0,640.0,1.0,609.0,4.0,30.0,5.0,0.0
973,0.0,1.0,1.0,4.0,80.0,3.0,12.0,252.0,1.0,240.0,4.0,12.0,5.0,0.0
974,2.0,1.0,1.0,0.0,86.0,2.0,8.0,180.0,1.0,172.0,4.0,8.0,8.0,1.0
975,1.0,0.0,1.0,0.0,49.0,2.0,4.0,104.0,2.0,99.0,4.0,4.0,7.0,1.0
976,0.0,1.0,0.0,1.0,74.0,4.0,14.0,313.0,1.0,298.0,4.0,14.0,8.0,1.0
977,1.0,0.0,1.0,1.0,26.0,6.0,7.0,167.0,0.0,159.0,4.0,7.0,4.0,0.0
978,1.0,1.0,0.0,2.0,25.0,1.0,1.0,26.0,2.0,25.0,4.0,1.0,5.0,0.0
979,1.0,1.0,0.0,1.0,67.0,1.0,3.0,71.0,2.0,67.0,4.0,3.0,6.0,0.0
980,2.0,0.0,1.0,1.0,59.0,4.0,11.0,250.0,1.0,238.0,4.0,11.0,9.0,1.0
981,0.0,1.0,1.0,5.0,58.0,4.0,11.0,244.0,1.0,232.0,4.0,11.0,8.0,1.0
982,0.0,0.0,0.0,3.0,97.0,9.0,43.0,921.0,0.0,877.0,4.0,43.0,7.0,1.0
983,2.0,1.0,1.0,5.0,99.0,7.0,34.0,734.0,1.0,699.0,4.0,34.0,6.0,0.0
984,2.0,1.0,1.0,2.0,96.0,7.0,33.0,708.0,1.0,674.0,4.0,33.0,6.0,0.0
985,1.0,1.0,0.0,0.0,63.0,5.0,15.0,334.0,0.0,318.0,4.0,15.0,8.0,1.0
986,1.0,1.0,0.0,5.0,14.0,2.0,1.0,30.0,0.0,29.0,4.0,1.0,4.0,0.0
987,1.0,0.0,1.0,5.0,62.0,8.0,24.0,520.0,2.0,496.0,4.0,24.0,6.0,0.0
988,2.0,0.0,1.0,2.0,82.0,10.0,41.0,864.0,0.0,823.0,4.0,41.0,4.0,0.0
989,1.0,0.0,1.0,5.0,75.0,8.0,30.0,633.0,2.0,602.0,4.0,30.0,8.0,1.0
990,0.0,1.0,0.0,1.0,56.0,5.0,14.0,296.0,2.0,282.0,4.0,14.0,4.0,0.0
991,1.0,1.0,0.0,3.0,76.0,10.0,38.0,804.0,0.0,766.0,4.0,38.0,6.0,0.0
992,0.0,1.0,1.0,2.0,58.0,2.0,5.0,121.0,0.0,116.0,4.0,5.0,8.0,1.0
993,1.0,1.0,1.0,0.0,17.0,10.0,8.0,183.0,0.0,174.0,4.0,8.0,6.0,0.0
994,2.0,0.0,0.0,2.0,60.0,1.0,3.0,63.0,0.0,60.0,4.0,3.0,5.0,0.0
995,2.0,1.0,1.0,5.0,40.0,1.0,2.0,42.0,0.0,40.0,4.0,2.0,6.0,0.0
996,1.0,1.0,0.0,4.0,97.0,10.0,48.0,1022.0,0.0,973.0,4.0,48.0,4.0,0.0
997,0.0,0.0,1.0,1.0,31.0,1.0,1.0,33.0,1.0,31.0,4.0,1.0,7.0,1.0
998,0.0,1.0,1.0,4.0,65.0,1.0,3.0,69.0,1.0,65.0,4.0,3.0,4.0,0.0
999,0.0,0.0,0.0,0.0,88.0,7.0,30.0,649.0,1.0,618.0,4.0,30.0,6.0,0.0
