,Branch,Customer_type,Gender,Product_line,Unit_price,Quantity,Tax_5%,Total,Date,Payment,cogs,gross_margin_percentage,gross_income,Rating
0,0.0,0.0,0.0,5.0,74.69,7,26.1415,548.9715,2019,0.0,522.83,4.761904762,26.1415,9.1
1,2.0,1.0,0.0,2.0,15.28,5,3.82,80.22,2019,1.0,76.4,4.761904762,3.82,9.6
2,0.0,1.0,1.0,4.0,46.33,7,16.2155,340.5255,2019,2.0,324.31,4.761904762,16.2155,7.4
3,0.0,0.0,1.0,5.0,58.22,8,23.288,489.048,2019,0.0,465.76,4.761904762,23.288,8.4
4,0.0,1.0,1.0,3.0,86.31,7,30.2085,634.3785,2019,0.0,604.17,4.761904762,30.2085,5.3
5,2.0,1.0,1.0,2.0,85.39,7,29.8865,627.6165,2019,0.0,597.73,4.761904762,29.8865,4.1
6,0.0,0.0,0.0,2.0,68.84,6,20.652,433.692,2019,0.0,413.04,4.761904762,20.652,5.8
7,2.0,1.0,0.0,4.0,73.56,10,36.78,772.38,2019,0.0,735.6,4.761904762,36.78,8.0
8,0.0,0.0,0.0,5.0,36.26,2,3.626,76.146,2019,2.0,72.52,4.761904762,3.626,7.2
9,1.0,0.0,0.0,1.0,54.84,3,8.226,172.746,2019,2.0,164.52,4.761904762,8.226,5.9
10,1.0,0.0,0.0,0.0,14.48,4,2.896,60.816,2019,0.0,57.92,4.761904762,2.896,4.5
11,1.0,0.0,1.0,2.0,25.51,4,5.102,107.142,2019,1.0,102.04,4.761904762,5.102,6.8
12,0.0,1.0,0.0,2.0,46.95,5,11.7375,246.4875,2019,0.0,234.75,4.761904762,11.7375,7.1
13,0.0,1.0,1.0,1.0,43.19,10,21.595,453.495,2019,0.0,431.9,4.761904762,21.595,8.2
14,0.0,1.0,0.0,5.0,71.38,10,35.69,749.49,2019,1.0,713.8,4.761904762,35.69,5.7
15,1.0,0.0,0.0,3.0,93.72,6,28.116,590.436,2019,1.0,562.32,4.761904762,28.116,4.5
16,0.0,0.0,0.0,5.0,68.93,7,24.1255,506.6355,2019,2.0,482.51,4.761904762,24.1255,4.6
17,0.0,1.0,1.0,3.0,72.61,6,21.783,457.443,2019,2.0,435.66,4.761904762,21.783,6.9
18,0.0,1.0,1.0,1.0,54.67,3,8.2005,172.2105,2019,2.0,164.01,4.761904762,8.2005,8.6
19,1.0,1.0,0.0,4.0,40.3,2,4.03,84.63,2019,0.0,80.6,4.761904762,4.03,4.4
20,2.0,0.0,1.0,2.0,86.04,5,21.51,451.71,2019,0.0,430.2,4.761904762,21.51,4.8
21,1.0,1.0,1.0,5.0,87.98,3,13.197,277.137,2019,0.0,263.94,4.761904762,13.197,5.1
22,1.0,1.0,1.0,4.0,33.2,2,3.32,69.72,2019,2.0,66.4,4.761904762,3.32,4.4
23,0.0,1.0,1.0,2.0,34.56,5,8.64,181.44,2019,0.0,172.8,4.761904762,8.64,9.9
24,0.0,0.0,1.0,3.0,88.63,3,13.2945,279.1845,2019,0.0,265.89,4.761904762,13.2945,6.0
25,0.0,0.0,0.0,4.0,52.59,8,21.036,441.756,2019,2.0,420.72,4.761904762,21.036,8.5
26,1.0,1.0,1.0,0.0,33.52,1,1.676,35.196,2019,1.0,33.52,4.761904762,1.676,6.7
27,0.0,1.0,0.0,0.0,87.67,2,8.767,184.107,2019,2.0,175.34,4.761904762,8.767,7.7
28,1.0,1.0,0.0,1.0,88.36,5,22.09,463.89,2019,1.0,441.8,4.761904762,22.09,9.6
29,0.0,1.0,1.0,5.0,24.89,9,11.2005,235.2105,2019,1.0,224.01,4.761904762,11.2005,7.4
30,1.0,1.0,1.0,0.0,94.13,5,23.5325,494.1825,2019,2.0,470.65,4.761904762,23.5325,4.8
31,1.0,0.0,1.0,3.0,78.07,9,35.1315,737.7615,2019,1.0,702.63,4.761904762,35.1315,4.5
32,1.0,1.0,1.0,3.0,83.78,8,33.512,703.752,2019,1.0,670.24,4.761904762,33.512,5.1
33,0.0,1.0,1.0,5.0,96.58,2,9.658,202.818,2019,2.0,193.16,4.761904762,9.658,5.1
34,2.0,0.0,0.0,1.0,99.42,4,19.884,417.564,2019,0.0,397.68,4.761904762,19.884,7.5
35,2.0,0.0,0.0,3.0,68.12,1,3.406,71.526,2019,0.0,68.12,4.761904762,3.406,6.8
36,0.0,0.0,1.0,3.0,62.62,5,15.655,328.755,2019,0.0,313.1,4.761904762,15.655,7.0
37,0.0,1.0,0.0,2.0,60.88,9,27.396,575.316,2019,0.0,547.92,4.761904762,27.396,4.7
38,2.0,1.0,0.0,5.0,54.92,8,21.968,461.328,2019,0.0,439.36,4.761904762,21.968,7.6
39,1.0,0.0,1.0,4.0,30.12,8,12.048,253.008,2019,1.0,240.96,4.761904762,12.048,7.7
40,1.0,0.0,0.0,4.0,86.72,1,4.336,91.056,2019,0.0,86.72,4.761904762,4.336,7.9
41,2.0,0.0,1.0,4.0,56.11,2,5.611,117.831,2019,1.0,112.22,4.761904762,5.611,6.3
42,1.0,0.0,0.0,3.0,69.12,6,20.736,435.456,2019,1.0,414.72,4.761904762,20.736,5.6
43,2.0,0.0,0.0,1.0,98.7,8,39.48,829.08,2019,1.0,789.6,4.761904762,39.48,7.6
44,2.0,0.0,1.0,5.0,15.37,2,1.537,32.277,2019,1.0,30.74,4.761904762,1.537,7.2
45,1.0,0.0,0.0,2.0,93.96,4,18.792,394.632,2019,1.0,375.84,4.761904762,18.792,9.5
46,1.0,0.0,1.0,5.0,56.69,9,25.5105,535.7205,2019,2.0,510.21,4.761904762,25.5105,8.4
47,1.0,0.0,0.0,1.0,20.01,9,9.0045,189.0945,2019,0.0,180.09,4.761904762,9.0045,4.1
48,1.0,0.0,1.0,2.0,18.93,6,5.679,119.259,2019,2.0,113.58,4.761904762,5.679,8.1
49,2.0,0.0,0.0,0.0,82.63,10,41.315,867.615,2019,0.0,826.3,4.761904762,41.315,7.9
50,2.0,0.0,1.0,1.0,91.4,7,31.99,671.79,2019,1.0,639.8,4.761904762,31.99,9.5
51,0.0,0.0,0.0,1.0,44.59,5,11.1475,234.0975,2019,1.0,222.95,4.761904762,11.1475,8.5
52,1.0,0.0,0.0,0.0,17.87,4,3.574,75.054,2019,0.0,71.48,4.761904762,3.574,6.5
53,2.0,0.0,1.0,0.0,15.43,1,0.7715,16.2015,2019,2.0,15.43,4.761904762,0.7715,6.1
54,1.0,1.0,1.0,4.0,16.16,2,1.616,33.936,2019,0.0,32.32,4.761904762,1.616,6.5
55,2.0,1.0,0.0,2.0,85.98,8,34.392,722.232,2019,1.0,687.84,4.761904762,34.392,8.2
56,0.0,0.0,1.0,4.0,44.34,2,4.434,93.114,2019,1.0,88.68,4.761904762,4.434,5.8
57,0.0,1.0,1.0,5.0,89.6,8,35.84,752.64,2019,0.0,716.8,4.761904762,35.84,6.6
58,0.0,0.0,0.0,4.0,72.35,10,36.175,759.675,2019,1.0,723.5,4.761904762,36.175,5.4
59,2.0,1.0,1.0,2.0,30.61,6,9.183,192.843,2019,1.0,183.66,4.761904762,9.183,9.3
60,2.0,0.0,0.0,3.0,24.74,3,3.711,77.931,2019,2.0,74.22,4.761904762,3.711,10.0
61,2.0,1.0,1.0,4.0,55.73,6,16.719,351.099,2019,0.0,334.38,4.761904762,16.719,7.0
62,1.0,0.0,0.0,3.0,55.07,9,24.7815,520.4115,2019,0.0,495.63,4.761904762,24.7815,10.0
63,0.0,0.0,1.0,3.0,15.81,10,7.905,166.005,2019,2.0,158.1,4.761904762,7.905,8.6
64,1.0,0.0,1.0,5.0,75.74,4,15.148,318.108,2019,1.0,302.96,4.761904762,15.148,7.6
65,0.0,0.0,1.0,5.0,15.87,10,7.935,166.635,2019,1.0,158.7,4.761904762,7.935,5.8
66,2.0,1.0,0.0,5.0,33.47,2,3.347,70.287,2019,0.0,66.94,4.761904762,3.347,6.7
67,1.0,0.0,0.0,0.0,97.61,6,29.283,614.943,2019,0.0,585.66,4.761904762,29.283,9.9
68,0.0,1.0,1.0,3.0,78.77,10,39.385,827.085,2019,1.0,787.7,4.761904762,39.385,6.4
69,0.0,0.0,0.0,5.0,18.33,1,0.9165,19.2465,2019,1.0,18.33,4.761904762,0.9165,4.3
70,2.0,1.0,1.0,1.0,89.48,10,44.74,939.54,2019,2.0,894.8,4.761904762,44.74,9.6
71,2.0,1.0,1.0,0.0,62.12,10,31.06,652.26,2019,1.0,621.2,4.761904762,31.06,5.9
72,1.0,0.0,0.0,1.0,48.52,3,7.278,152.838,2019,0.0,145.56,4.761904762,7.278,4.0
73,2.0,1.0,0.0,2.0,75.91,6,22.773,478.233,2019,1.0,455.46,4.761904762,22.773,8.7
74,0.0,1.0,1.0,4.0,74.67,9,33.6015,705.6315,2019,0.0,672.03,4.761904762,33.6015,9.4
75,2.0,1.0,0.0,2.0,41.65,10,20.825,437.325,2019,2.0,416.5,4.761904762,20.825,5.4
76,2.0,0.0,1.0,0.0,49.04,9,22.068,463.428,2019,2.0,441.36,4.761904762,22.068,8.6
77,0.0,0.0,0.0,0.0,20.01,9,9.0045,189.0945,2019,2.0,180.09,4.761904762,9.0045,5.7
78,2.0,0.0,0.0,1.0,78.31,10,39.155,822.255,2019,0.0,783.1,4.761904762,39.155,6.6
79,2.0,1.0,0.0,5.0,20.38,5,5.095,106.995,2019,1.0,101.9,4.761904762,5.095,6.0
80,2.0,1.0,0.0,5.0,99.19,6,29.757,624.897,2019,2.0,595.14,4.761904762,29.757,5.5
81,1.0,1.0,0.0,1.0,96.68,3,14.502,304.542,2019,0.0,290.04,4.761904762,14.502,6.4
82,2.0,1.0,1.0,1.0,19.25,8,7.7,161.7,2019,0.0,154.0,4.761904762,7.7,6.6
83,2.0,0.0,0.0,1.0,80.36,4,16.072,337.512,2019,2.0,321.44,4.761904762,16.072,8.3
84,2.0,0.0,1.0,3.0,48.91,5,12.2275,256.7775,2019,1.0,244.55,4.761904762,12.2275,6.6
85,2.0,1.0,0.0,3.0,83.06,7,29.071,610.491,2019,0.0,581.42,4.761904762,29.071,4.0
86,2.0,1.0,1.0,0.0,76.52,5,19.13,401.73,2019,1.0,382.6,4.761904762,19.13,9.9
87,0.0,0.0,1.0,1.0,49.38,7,17.283,362.943,2019,2.0,345.66,4.761904762,17.283,7.3
88,0.0,1.0,1.0,3.0,42.47,1,2.1235,44.5935,2019,1.0,42.47,4.761904762,2.1235,5.7
89,1.0,1.0,0.0,5.0,76.99,6,23.097,485.037,2019,1.0,461.94,4.761904762,23.097,6.1
90,2.0,0.0,0.0,4.0,47.38,4,9.476,198.996,2019,1.0,189.52,4.761904762,9.476,7.1
91,2.0,1.0,0.0,3.0,44.86,10,22.43,471.03,2019,0.0,448.6,4.761904762,22.43,8.2
92,0.0,0.0,0.0,3.0,21.98,7,7.693,161.553,2019,0.0,153.86,4.761904762,7.693,5.1
93,1.0,0.0,1.0,5.0,64.36,9,28.962,608.202,2019,2.0,579.24,4.761904762,28.962,8.6
94,2.0,1.0,1.0,5.0,89.75,1,4.4875,94.2375,2019,2.0,89.75,4.761904762,4.4875,6.6
95,0.0,1.0,1.0,2.0,97.16,1,4.858,102.018,2019,0.0,97.16,4.761904762,4.858,7.2
96,1.0,1.0,1.0,5.0,87.87,10,43.935,922.635,2019,0.0,878.7,4.761904762,43.935,5.1
97,2.0,1.0,0.0,2.0,12.45,6,3.735,78.435,2019,1.0,74.7,4.761904762,3.735,4.1
98,0.0,1.0,1.0,1.0,52.75,3,7.9125,166.1625,2019,0.0,158.25,4.761904762,7.9125,9.3
99,1.0,1.0,1.0,4.0,82.7,6,24.81,521.01,2019,1.0,496.2,4.761904762,24.81,7.4
100,2.0,0.0,1.0,0.0,48.71,1,2.4355,51.1455,2019,1.0,48.71,4.761904762,2.4355,4.1
101,2.0,1.0,1.0,0.0,78.55,9,35.3475,742.2975,2019,1.0,706.95,4.761904762,35.3475,7.2
102,2.0,1.0,0.0,2.0,23.07,9,10.3815,218.0115,2019,1.0,207.63,4.761904762,10.3815,4.9
103,0.0,1.0,1.0,1.0,58.26,6,17.478,367.038,2019,1.0,349.56,4.761904762,17.478,9.9
104,1.0,1.0,1.0,5.0,30.35,7,10.6225,223.0725,2019,1.0,212.45,4.761904762,10.6225,8.0
105,0.0,0.0,1.0,2.0,88.67,10,44.335,931.035,2019,0.0,886.7,4.761904762,44.335,7.3
106,2.0,1.0,1.0,0.0,27.38,6,8.214,172.494,2019,2.0,164.28,4.761904762,8.214,7.9
107,0.0,1.0,1.0,3.0,62.13,6,18.639,391.419,2019,1.0,372.78,4.761904762,18.639,7.4
108,2.0,1.0,0.0,1.0,33.98,9,15.291,321.111,2019,1.0,305.82,4.761904762,15.291,4.2
109,2.0,0.0,1.0,2.0,81.97,10,40.985,860.685,2019,1.0,819.7,4.761904762,40.985,9.2
110,1.0,0.0,0.0,3.0,16.49,2,1.649,34.629,2019,0.0,32.98,4.761904762,1.649,4.6
111,2.0,0.0,0.0,5.0,98.21,3,14.7315,309.3615,2019,2.0,294.63,4.761904762,14.7315,7.8
112,1.0,1.0,0.0,0.0,72.84,7,25.494,535.374,2019,1.0,509.88,4.761904762,25.494,8.4
113,0.0,0.0,1.0,4.0,58.07,9,26.1315,548.7615,2019,0.0,522.63,4.761904762,26.1315,4.3
114,2.0,0.0,0.0,4.0,80.79,9,36.3555,763.4655,2019,2.0,727.11,4.761904762,36.3555,9.5
115,2.0,1.0,0.0,0.0,27.02,3,4.053,85.113,2019,2.0,81.06,4.761904762,4.053,7.1
116,1.0,0.0,1.0,0.0,21.94,5,5.485,115.185,2019,0.0,109.7,4.761904762,5.485,5.3
117,1.0,0.0,1.0,0.0,51.36,1,2.568,53.928,2019,0.0,51.36,4.761904762,2.568,5.2
118,0.0,1.0,0.0,1.0,10.96,10,5.48,115.08,2019,0.0,109.6,4.761904762,5.48,6.0
119,1.0,1.0,1.0,4.0,53.44,2,5.344,112.224,2019,0.0,106.88,4.761904762,5.344,4.1
120,0.0,1.0,0.0,2.0,99.56,8,39.824,836.304,2019,2.0,796.48,4.761904762,39.824,5.2
121,2.0,0.0,1.0,3.0,57.12,7,19.992,419.832,2019,2.0,399.84,4.761904762,19.992,6.5
122,1.0,0.0,1.0,3.0,99.96,9,44.982,944.622,2019,2.0,899.64,4.761904762,44.982,4.2
123,2.0,0.0,1.0,4.0,63.91,8,25.564,536.844,2019,2.0,511.28,4.761904762,25.564,4.6
124,1.0,0.0,0.0,0.0,56.47,8,22.588,474.348,2019,0.0,451.76,4.761904762,22.588,7.3
125,0.0,1.0,0.0,4.0,93.69,7,32.7915,688.6215,2019,2.0,655.83,4.761904762,32.7915,4.5
126,0.0,1.0,0.0,3.0,32.25,5,8.0625,169.3125,2019,1.0,161.25,4.761904762,8.0625,9.0
127,2.0,1.0,0.0,0.0,31.73,9,14.2785,299.8485,2019,2.0,285.57,4.761904762,14.2785,5.9
128,2.0,0.0,0.0,1.0,68.54,8,27.416,575.736,2019,0.0,548.32,4.761904762,27.416,8.5
129,1.0,1.0,0.0,3.0,90.28,9,40.626,853.146,2019,0.0,812.52,4.761904762,40.626,7.2
130,1.0,1.0,0.0,0.0,39.62,7,13.867,291.207,2019,1.0,277.34,4.761904762,13.867,7.5
131,0.0,0.0,0.0,3.0,92.13,6,27.639,580.419,2019,1.0,552.78,4.761904762,27.639,8.3
132,1.0,1.0,0.0,3.0,34.84,4,6.968,146.328,2019,1.0,139.36,4.761904762,6.968,7.4
133,1.0,0.0,1.0,2.0,87.45,6,26.235,550.935,2019,2.0,524.7,4.761904762,26.235,8.8
134,2.0,1.0,0.0,5.0,81.3,6,24.39,512.19,2019,0.0,487.8,4.761904762,24.39,5.3
135,2.0,1.0,1.0,0.0,90.22,3,13.533,284.193,2019,1.0,270.66,4.761904762,13.533,6.2
136,0.0,1.0,0.0,2.0,26.31,5,6.5775,138.1275,2019,2.0,131.55,4.761904762,6.5775,8.8
137,0.0,0.0,0.0,4.0,34.42,6,10.326,216.846,2019,1.0,206.52,4.761904762,10.326,9.8
138,1.0,1.0,1.0,3.0,51.91,10,25.955,545.055,2019,1.0,519.1,4.761904762,25.955,8.2
139,0.0,1.0,1.0,3.0,72.5,8,29.0,609.0,2019,0.0,580.0,4.761904762,29.0,9.2
140,2.0,0.0,0.0,3.0,89.8,10,44.9,942.9,2019,2.0,898.0,4.761904762,44.9,5.4
141,2.0,0.0,1.0,5.0,90.5,10,45.25,950.25,2019,1.0,905.0,4.761904762,45.25,8.1
142,2.0,0.0,0.0,5.0,68.6,10,34.3,720.3,2019,1.0,686.0,4.761904762,34.3,9.1
143,2.0,0.0,0.0,1.0,30.41,1,1.5205,31.9305,2019,2.0,30.41,4.761904762,1.5205,8.4
144,0.0,1.0,0.0,4.0,77.95,6,23.385,491.085,2019,0.0,467.7,4.761904762,23.385,8.0
145,2.0,1.0,0.0,5.0,46.26,6,13.878,291.438,2019,2.0,277.56,4.761904762,13.878,9.5
146,0.0,0.0,0.0,0.0,30.14,10,15.07,316.47,2019,0.0,301.4,4.761904762,15.07,9.2
147,2.0,1.0,1.0,5.0,66.14,4,13.228,277.788,2019,2.0,264.56,4.761904762,13.228,5.6
148,1.0,0.0,1.0,4.0,71.86,8,28.744,603.624,2019,2.0,574.88,4.761904762,28.744,6.2
149,0.0,1.0,1.0,5.0,32.46,8,12.984,272.664,2019,2.0,259.68,4.761904762,12.984,4.9
150,1.0,0.0,0.0,0.0,91.54,4,18.308,384.468,2019,2.0,366.16,4.761904762,18.308,4.8
151,2.0,0.0,1.0,3.0,34.56,7,12.096,254.016,2019,2.0,241.92,4.761904762,12.096,7.3
152,0.0,1.0,1.0,0.0,83.24,9,37.458,786.618,2019,2.0,749.16,4.761904762,37.458,7.4
153,2.0,1.0,0.0,1.0,16.48,6,4.944,103.824,2019,0.0,98.88,4.761904762,4.944,9.9
154,2.0,1.0,0.0,3.0,80.97,8,32.388,680.148,2019,1.0,647.76,4.761904762,32.388,9.3
155,0.0,0.0,1.0,1.0,92.29,5,23.0725,484.5225,2019,2.0,461.45,4.761904762,23.0725,9.0
156,1.0,0.0,1.0,2.0,72.17,1,3.6085,75.7785,2019,1.0,72.17,4.761904762,3.6085,6.1
157,1.0,1.0,1.0,4.0,50.28,5,12.57,263.97,2019,0.0,251.4,4.761904762,12.57,9.7
158,1.0,0.0,1.0,5.0,97.22,9,43.749,918.729,2019,0.0,874.98,4.761904762,43.749,6.0
159,1.0,1.0,1.0,3.0,93.39,6,28.017,588.357,2019,0.0,560.34,4.761904762,28.017,10.0
160,2.0,1.0,0.0,1.0,43.18,8,17.272,362.712,2019,2.0,345.44,4.761904762,17.272,8.3
161,0.0,1.0,1.0,3.0,63.69,1,3.1845,66.8745,2019,1.0,63.69,4.761904762,3.1845,6.0
162,0.0,1.0,1.0,1.0,45.79,7,16.0265,336.5565,2019,2.0,320.53,4.761904762,16.0265,7.0
163,2.0,1.0,1.0,3.0,76.4,2,7.64,160.44,2019,0.0,152.8,4.761904762,7.64,6.5
164,1.0,1.0,1.0,1.0,39.9,10,19.95,418.95,2019,2.0,399.0,4.761904762,19.95,5.9
165,1.0,0.0,1.0,5.0,42.57,8,17.028,357.588,2019,0.0,340.56,4.761904762,17.028,5.6
166,2.0,1.0,1.0,4.0,95.58,10,47.79,1003.59,2019,1.0,955.8,4.761904762,47.79,4.8
167,0.0,1.0,1.0,0.0,98.98,10,49.49,1039.29,2019,2.0,989.8,4.761904762,49.49,8.7
168,0.0,1.0,1.0,1.0,51.28,6,15.384,323.064,2019,1.0,307.68,4.761904762,15.384,6.5
169,0.0,0.0,1.0,3.0,69.52,7,24.332,510.972,2019,2.0,486.64,4.761904762,24.332,8.5
170,0.0,1.0,1.0,5.0,70.01,5,17.5025,367.5525,2019,0.0,350.05,4.761904762,17.5025,5.5
171,1.0,0.0,1.0,1.0,80.05,5,20.0125,420.2625,2019,2.0,400.25,4.761904762,20.0125,9.4
172,2.0,1.0,1.0,2.0,20.85,8,8.34,175.14,2019,1.0,166.8,4.761904762,8.34,6.3
173,1.0,0.0,1.0,2.0,52.89,6,15.867,333.207,2019,2.0,317.34,4.761904762,15.867,9.8
174,1.0,1.0,1.0,1.0,19.79,8,7.916,166.236,2019,0.0,158.32,4.761904762,7.916,8.7
175,0.0,0.0,1.0,4.0,33.84,9,15.228,319.788,2019,0.0,304.56,4.761904762,15.228,8.8
176,0.0,0.0,1.0,1.0,22.17,8,8.868,186.228,2019,2.0,177.36,4.761904762,8.868,9.6
177,2.0,1.0,0.0,0.0,22.51,7,7.8785,165.4485,2019,2.0,157.57,4.761904762,7.8785,4.8
178,0.0,1.0,1.0,1.0,73.88,6,22.164,465.444,2019,0.0,443.28,4.761904762,22.164,4.4
179,2.0,0.0,1.0,5.0,86.8,3,13.02,273.42,2019,0.0,260.4,4.761904762,13.02,9.9
180,2.0,1.0,1.0,0.0,64.26,7,22.491,472.311,2019,1.0,449.82,4.761904762,22.491,5.7
181,2.0,0.0,1.0,1.0,38.47,8,15.388,323.148,2019,1.0,307.76,4.761904762,15.388,7.7
182,0.0,0.0,1.0,3.0,15.5,10,7.75,162.75,2019,0.0,155.0,4.761904762,7.75,8.0
183,2.0,1.0,1.0,5.0,34.31,8,13.724,288.204,2019,0.0,274.48,4.761904762,13.724,5.7
184,0.0,1.0,0.0,3.0,12.34,7,4.319,90.699,2019,2.0,86.38,4.761904762,4.319,6.7
185,1.0,0.0,1.0,1.0,18.08,3,2.712,56.952,2019,0.0,54.24,4.761904762,2.712,8.0
186,1.0,0.0,0.0,4.0,94.49,8,37.796,793.716,2019,0.0,755.92,4.761904762,37.796,7.5
187,1.0,0.0,1.0,4.0,46.47,4,9.294,195.174,2019,1.0,185.88,4.761904762,9.294,7.0
188,0.0,1.0,1.0,4.0,74.07,1,3.7035,77.7735,2019,0.0,74.07,4.761904762,3.7035,9.9
189,2.0,1.0,0.0,4.0,69.81,4,13.962,293.202,2019,2.0,279.24,4.761904762,13.962,5.9
190,1.0,1.0,0.0,4.0,77.04,3,11.556,242.676,2019,2.0,231.12,4.761904762,11.556,7.2
191,1.0,1.0,0.0,0.0,73.52,2,7.352,154.392,2019,0.0,147.04,4.761904762,7.352,4.6
192,2.0,1.0,0.0,1.0,87.8,9,39.51,829.71,2019,1.0,790.2,4.761904762,39.51,9.2
193,1.0,1.0,1.0,4.0,25.55,4,5.11,107.31,2019,0.0,102.2,4.761904762,5.11,5.7
194,0.0,1.0,1.0,2.0,32.71,5,8.1775,171.7275,2019,2.0,163.55,4.761904762,8.1775,9.9
195,2.0,0.0,0.0,0.0,74.29,1,3.7145,78.0045,2019,1.0,74.29,4.761904762,3.7145,5.0
196,2.0,0.0,1.0,5.0,43.7,2,4.37,91.77,2019,1.0,87.4,4.761904762,4.37,4.9
197,0.0,1.0,0.0,4.0,25.29,1,1.2645,26.5545,2019,0.0,25.29,4.761904762,1.2645,6.1
198,2.0,1.0,1.0,5.0,41.5,4,8.3,174.3,2019,2.0,166.0,4.761904762,8.3,8.2
199,2.0,0.0,0.0,1.0,71.39,5,17.8475,374.7975,2019,2.0,356.95,4.761904762,17.8475,5.5
200,2.0,0.0,0.0,3.0,19.15,6,5.745,120.645,2019,2.0,114.9,4.761904762,5.745,6.8
201,1.0,0.0,0.0,2.0,57.49,4,11.498,241.458,2019,1.0,229.96,4.761904762,11.498,6.6
202,2.0,1.0,1.0,2.0,61.41,7,21.4935,451.3635,2019,1.0,429.87,4.761904762,21.4935,9.8
203,1.0,0.0,1.0,5.0,25.9,10,12.95,271.95,2019,0.0,259.0,4.761904762,12.95,8.7
204,1.0,0.0,1.0,4.0,17.77,5,4.4425,93.2925,2019,2.0,88.85,4.761904762,4.4425,5.4
205,0.0,1.0,0.0,5.0,23.03,9,10.3635,217.6335,2019,0.0,207.27,4.761904762,10.3635,7.9
206,2.0,0.0,0.0,2.0,66.65,9,29.9925,629.8425,2019,2.0,599.85,4.761904762,29.9925,9.7
207,2.0,0.0,0.0,4.0,28.53,10,14.265,299.565,2019,0.0,285.3,4.761904762,14.265,7.8
208,1.0,1.0,0.0,0.0,30.37,3,4.5555,95.6655,2019,0.0,91.11,4.761904762,4.5555,5.1
209,1.0,1.0,0.0,2.0,99.73,9,44.8785,942.4485,2019,2.0,897.57,4.761904762,44.8785,6.5
210,0.0,1.0,1.0,2.0,26.23,9,11.8035,247.8735,2019,0.0,236.07,4.761904762,11.8035,5.9
211,2.0,1.0,0.0,1.0,93.26,9,41.967,881.307,2019,1.0,839.34,4.761904762,41.967,8.8
212,1.0,1.0,1.0,4.0,92.36,5,23.09,484.89,2019,0.0,461.8,4.761904762,23.09,4.9
213,1.0,1.0,1.0,3.0,46.42,3,6.963,146.223,2019,2.0,139.26,4.761904762,6.963,4.4
214,1.0,0.0,0.0,3.0,29.61,7,10.3635,217.6335,2019,1.0,207.27,4.761904762,10.3635,6.5
215,0.0,1.0,1.0,4.0,18.28,1,0.914,19.194,2019,2.0,18.28,4.761904762,0.914,8.3
216,1.0,1.0,0.0,3.0,24.77,5,6.1925,130.0425,2019,1.0,123.85,4.761904762,6.1925,8.5
217,0.0,0.0,0.0,2.0,94.64,3,14.196,298.116,2019,1.0,283.92,4.761904762,14.196,5.5
218,1.0,1.0,1.0,0.0,94.87,8,37.948,796.908,2019,0.0,758.96,4.761904762,37.948,8.7
219,1.0,1.0,0.0,1.0,57.34,3,8.601,180.621,2019,2.0,172.02,4.761904762,8.601,7.9
220,1.0,1.0,1.0,2.0,45.35,6,13.605,285.705,2019,0.0,272.1,4.761904762,13.605,6.1
221,1.0,1.0,1.0,1.0,62.08,7,21.728,456.288,2019,0.0,434.56,4.761904762,21.728,5.4
222,2.0,1.0,1.0,2.0,11.81,5,2.9525,62.0025,2019,1.0,59.05,4.761904762,2.9525,9.4
223,2.0,0.0,0.0,0.0,12.54,1,0.627,13.167,2019,1.0,12.54,4.761904762,0.627,8.2
224,0.0,1.0,1.0,1.0,43.25,2,4.325,90.825,2019,1.0,86.5,4.761904762,4.325,6.2
225,2.0,0.0,0.0,3.0,87.16,2,8.716,183.036,2019,2.0,174.32,4.761904762,8.716,9.7
226,1.0,0.0,1.0,5.0,69.37,9,31.2165,655.5465,2019,0.0,624.33,4.761904762,31.2165,4.0
227,2.0,0.0,1.0,2.0,37.06,4,7.412,155.652,2019,0.0,148.24,4.761904762,7.412,9.7
228,1.0,0.0,0.0,2.0,90.7,6,27.21,571.41,2019,1.0,544.2,4.761904762,27.21,5.3
229,0.0,1.0,0.0,4.0,63.42,8,25.368,532.728,2019,0.0,507.36,4.761904762,25.368,7.4
230,1.0,1.0,0.0,0.0,81.37,2,8.137,170.877,2019,1.0,162.74,4.761904762,8.137,6.5
231,1.0,0.0,0.0,2.0,10.59,3,1.5885,33.3585,2019,2.0,31.77,4.761904762,1.5885,8.7
232,1.0,1.0,0.0,5.0,84.09,9,37.8405,794.6505,2019,1.0,756.81,4.761904762,37.8405,8.0
233,1.0,0.0,1.0,0.0,73.82,4,14.764,310.044,2019,1.0,295.28,4.761904762,14.764,6.7
234,0.0,0.0,1.0,5.0,51.94,10,25.97,545.37,2019,0.0,519.4,4.761904762,25.97,6.5
235,0.0,1.0,0.0,3.0,93.14,2,9.314,195.594,2019,0.0,186.28,4.761904762,9.314,4.1
236,2.0,1.0,1.0,5.0,17.41,5,4.3525,91.4025,2019,2.0,87.05,4.761904762,4.3525,4.9
237,2.0,0.0,0.0,0.0,44.22,5,11.055,232.155,2019,2.0,221.1,4.761904762,11.055,8.6
238,1.0,0.0,0.0,2.0,13.22,5,3.305,69.405,2019,1.0,66.1,4.761904762,3.305,4.3
239,0.0,1.0,1.0,0.0,89.69,1,4.4845,94.1745,2019,0.0,89.69,4.761904762,4.4845,4.9
240,0.0,1.0,1.0,1.0,24.94,9,11.223,235.683,2019,2.0,224.46,4.761904762,11.223,5.6
241,0.0,1.0,1.0,5.0,59.77,2,5.977,125.517,2019,2.0,119.54,4.761904762,5.977,5.8
242,2.0,0.0,1.0,0.0,93.2,2,9.32,195.72,2019,2.0,186.4,4.761904762,9.32,6.0
243,0.0,0.0,1.0,4.0,62.65,4,12.53,263.13,2019,1.0,250.6,4.761904762,12.53,4.2
244,1.0,1.0,1.0,4.0,93.87,8,37.548,788.508,2019,2.0,750.96,4.761904762,37.548,8.3
245,0.0,0.0,1.0,4.0,47.59,8,19.036,399.756,2019,1.0,380.72,4.761904762,19.036,5.7
246,1.0,0.0,0.0,2.0,81.4,3,12.21,256.41,2019,1.0,244.2,4.761904762,12.21,4.8
247,0.0,0.0,1.0,0.0,17.94,5,4.485,94.185,2019,0.0,89.7,4.761904762,4.485,6.8
248,0.0,0.0,1.0,2.0,77.72,4,15.544,326.424,2019,2.0,310.88,4.761904762,15.544,8.8
249,1.0,1.0,1.0,1.0,73.06,7,25.571,536.991,2019,2.0,511.42,4.761904762,25.571,4.2
250,1.0,0.0,1.0,1.0,46.55,9,20.9475,439.8975,2019,0.0,418.95,4.761904762,20.9475,6.4
251,2.0,0.0,1.0,0.0,35.19,10,17.595,369.495,2019,2.0,351.9,4.761904762,17.595,8.4
252,2.0,1.0,0.0,3.0,14.39,2,1.439,30.219,2019,2.0,28.78,4.761904762,1.439,7.2
253,0.0,1.0,1.0,4.0,23.75,4,4.75,99.75,2019,1.0,95.0,4.761904762,4.75,5.2
254,0.0,0.0,1.0,4.0,58.9,8,23.56,494.76,2019,1.0,471.2,4.761904762,23.56,8.9
255,1.0,0.0,1.0,0.0,32.62,4,6.524,137.004,2019,1.0,130.48,4.761904762,6.524,9.0
256,0.0,0.0,1.0,2.0,66.35,1,3.3175,69.6675,2019,2.0,66.35,4.761904762,3.3175,9.7
257,0.0,0.0,1.0,4.0,25.91,6,7.773,163.233,2019,0.0,155.46,4.761904762,7.773,8.7
258,0.0,0.0,1.0,2.0,32.25,4,6.45,135.45,2019,0.0,129.0,4.761904762,6.45,6.5
259,2.0,0.0,1.0,2.0,65.94,4,13.188,276.948,2019,2.0,263.76,4.761904762,13.188,6.9
260,0.0,1.0,0.0,2.0,75.06,9,33.777,709.317,2019,0.0,675.54,4.761904762,33.777,6.2
261,2.0,1.0,0.0,0.0,16.45,4,3.29,69.09,2019,0.0,65.8,4.761904762,3.29,5.6
262,1.0,0.0,0.0,0.0,38.3,4,7.66,160.86,2019,1.0,153.2,4.761904762,7.66,5.7
263,0.0,0.0,0.0,3.0,22.24,10,11.12,233.52,2019,1.0,222.4,4.761904762,11.12,4.2
264,1.0,1.0,1.0,3.0,54.45,1,2.7225,57.1725,2019,0.0,54.45,4.761904762,2.7225,7.9
265,0.0,0.0,0.0,3.0,98.4,7,34.44,723.24,2019,2.0,688.8,4.761904762,34.44,8.7
266,2.0,1.0,1.0,4.0,35.47,4,7.094,148.974,2019,2.0,141.88,4.761904762,7.094,6.9
267,1.0,0.0,0.0,1.0,74.6,10,37.3,783.3,2019,1.0,746.0,4.761904762,37.3,9.5
268,0.0,0.0,1.0,4.0,70.74,4,14.148,297.108,2019,2.0,282.96,4.761904762,14.148,4.4
269,0.0,0.0,0.0,4.0,35.54,10,17.77,373.17,2019,0.0,355.4,4.761904762,17.77,7.0
270,1.0,1.0,0.0,3.0,67.43,5,16.8575,354.0075,2019,0.0,337.15,4.761904762,16.8575,6.3
271,2.0,0.0,0.0,5.0,21.12,2,2.112,44.352,2019,1.0,42.24,4.761904762,2.112,9.7
272,0.0,0.0,0.0,4.0,21.54,9,9.693,203.553,2019,2.0,193.86,4.761904762,9.693,8.8
273,0.0,1.0,0.0,4.0,12.03,2,1.203,25.263,2019,1.0,24.06,4.761904762,1.203,5.1
274,1.0,1.0,0.0,5.0,99.71,6,29.913,628.173,2019,0.0,598.26,4.761904762,29.913,7.9
275,1.0,1.0,1.0,0.0,47.97,7,16.7895,352.5795,2019,1.0,335.79,4.761904762,16.7895,6.2
276,2.0,0.0,0.0,4.0,21.82,10,10.91,229.11,2019,1.0,218.2,4.761904762,10.91,7.1
277,2.0,1.0,0.0,0.0,95.42,4,19.084,400.764,2019,0.0,381.68,4.761904762,19.084,6.4
278,2.0,0.0,1.0,0.0,70.99,10,35.495,745.395,2019,1.0,709.9,4.761904762,35.495,5.7
279,0.0,0.0,1.0,3.0,44.02,10,22.01,462.21,2019,2.0,440.2,4.761904762,22.01,9.6
280,0.0,1.0,0.0,4.0,69.96,8,27.984,587.664,2019,2.0,559.68,4.761904762,27.984,6.4
281,2.0,1.0,1.0,4.0,37.0,1,1.85,38.85,2019,2.0,37.0,4.761904762,1.85,7.9
282,0.0,1.0,0.0,3.0,15.34,1,0.767,16.107,2019,1.0,15.34,4.761904762,0.767,6.5
283,0.0,0.0,1.0,5.0,99.83,6,29.949,628.929,2019,0.0,598.98,4.761904762,29.949,8.5
284,0.0,0.0,0.0,5.0,47.67,4,9.534,200.214,2019,1.0,190.68,4.761904762,9.534,9.1
285,1.0,1.0,1.0,5.0,66.68,5,16.67,350.07,2019,1.0,333.4,4.761904762,16.67,7.6
286,2.0,0.0,1.0,4.0,74.86,1,3.743,78.603,2019,1.0,74.86,4.761904762,3.743,6.9
287,2.0,1.0,0.0,3.0,23.75,9,10.6875,224.4375,2019,1.0,213.75,4.761904762,10.6875,9.5
288,1.0,1.0,0.0,1.0,48.51,7,16.9785,356.5485,2019,2.0,339.57,4.761904762,16.9785,5.2
289,0.0,0.0,0.0,4.0,94.88,7,33.208,697.368,2019,1.0,664.16,4.761904762,33.208,4.2
290,1.0,0.0,1.0,2.0,40.3,10,20.15,423.15,2019,2.0,403.0,4.761904762,20.15,7.0
291,2.0,1.0,1.0,2.0,27.85,7,9.7475,204.6975,2019,0.0,194.95,4.761904762,9.7475,6.0
292,0.0,0.0,0.0,2.0,62.48,1,3.124,65.604,2019,1.0,62.48,4.761904762,3.124,4.7
293,0.0,0.0,0.0,1.0,36.36,2,3.636,76.356,2019,1.0,72.72,4.761904762,3.636,7.1
294,1.0,1.0,1.0,5.0,18.11,10,9.055,190.155,2019,0.0,181.1,4.761904762,9.055,5.9
295,2.0,0.0,0.0,2.0,51.92,5,12.98,272.58,2019,1.0,259.6,4.761904762,12.98,7.5
296,2.0,1.0,1.0,2.0,28.84,4,5.768,121.128,2019,1.0,115.36,4.761904762,5.768,6.4
297,0.0,0.0,1.0,4.0,78.38,6,23.514,493.794,2019,0.0,470.28,4.761904762,23.514,5.8
298,0.0,0.0,1.0,4.0,60.01,4,12.002,252.042,2019,1.0,240.04,4.761904762,12.002,4.5
299,2.0,0.0,0.0,4.0,88.61,1,4.4305,93.0405,2019,1.0,88.61,4.761904762,4.4305,7.7
300,2.0,1.0,1.0,0.0,99.82,2,9.982,209.622,2019,2.0,199.64,4.761904762,9.982,6.7
301,1.0,0.0,1.0,5.0,39.01,1,1.9505,40.9605,2019,2.0,39.01,4.761904762,1.9505,4.7
302,2.0,1.0,1.0,1.0,48.61,1,2.4305,51.0405,2019,1.0,48.61,4.761904762,2.4305,4.4
303,0.0,1.0,0.0,2.0,51.19,4,10.238,214.998,2019,2.0,204.76,4.761904762,10.238,4.7
304,1.0,1.0,0.0,2.0,14.96,8,5.984,125.664,2019,1.0,119.68,4.761904762,5.984,8.6
305,0.0,0.0,1.0,2.0,72.2,7,25.27,530.67,2019,0.0,505.4,4.761904762,25.27,4.3
306,0.0,1.0,0.0,3.0,40.23,7,14.0805,295.6905,2019,1.0,281.61,4.761904762,14.0805,9.6
307,0.0,0.0,0.0,4.0,88.79,8,35.516,745.836,2019,1.0,710.32,4.761904762,35.516,4.1
308,0.0,0.0,0.0,2.0,26.48,3,3.972,83.412,2019,0.0,79.44,4.761904762,3.972,4.7
309,0.0,1.0,0.0,0.0,81.91,2,8.191,172.011,2019,1.0,163.82,4.761904762,8.191,7.8
310,1.0,0.0,1.0,3.0,79.93,6,23.979,503.559,2019,1.0,479.58,4.761904762,23.979,5.5
311,2.0,0.0,1.0,0.0,69.33,2,6.933,145.593,2019,0.0,138.66,4.761904762,6.933,9.7
312,0.0,0.0,0.0,1.0,14.23,5,3.5575,74.7075,2019,2.0,71.15,4.761904762,3.5575,4.4
313,0.0,0.0,0.0,5.0,15.55,9,6.9975,146.9475,2019,1.0,139.95,4.761904762,6.9975,5.0
314,2.0,0.0,0.0,2.0,78.13,10,39.065,820.365,2019,1.0,781.3,4.761904762,39.065,4.4
315,2.0,0.0,1.0,1.0,99.37,2,9.937,208.677,2019,1.0,198.74,4.761904762,9.937,5.2
316,2.0,0.0,0.0,1.0,21.08,3,3.162,66.402,2019,1.0,63.24,4.761904762,3.162,7.3
317,2.0,0.0,1.0,2.0,74.79,5,18.6975,392.6475,2019,1.0,373.95,4.761904762,18.6975,4.9
318,2.0,0.0,0.0,5.0,29.67,7,10.3845,218.0745,2019,2.0,207.69,4.761904762,10.3845,8.1
319,2.0,0.0,1.0,5.0,44.07,4,8.814,185.094,2019,0.0,176.28,4.761904762,8.814,8.4
320,2.0,1.0,0.0,1.0,22.93,9,10.3185,216.6885,2019,1.0,206.37,4.761904762,10.3185,5.5
321,2.0,1.0,0.0,5.0,39.42,1,1.971,41.391,2019,1.0,39.42,4.761904762,1.971,8.4
322,0.0,1.0,1.0,5.0,15.26,6,4.578,96.138,2019,0.0,91.56,4.761904762,4.578,9.8
323,0.0,1.0,0.0,0.0,61.77,5,15.4425,324.2925,2019,1.0,308.85,4.761904762,15.4425,6.7
324,0.0,1.0,1.0,4.0,21.52,6,6.456,135.576,2019,2.0,129.12,4.761904762,6.456,9.4
325,1.0,1.0,1.0,3.0,97.74,4,19.548,410.508,2019,0.0,390.96,4.761904762,19.548,6.4
326,0.0,0.0,1.0,1.0,99.78,5,24.945,523.845,2019,1.0,498.9,4.761904762,24.945,5.4
327,2.0,0.0,1.0,1.0,94.26,4,18.852,395.892,2019,1.0,377.04,4.761904762,18.852,8.6
328,1.0,0.0,1.0,5.0,51.13,4,10.226,214.746,2019,2.0,204.52,4.761904762,10.226,4.0
329,0.0,0.0,1.0,2.0,36.36,4,7.272,152.712,2019,1.0,145.44,4.761904762,7.272,7.6
330,1.0,1.0,1.0,4.0,22.02,9,9.909,208.089,2019,1.0,198.18,4.761904762,9.909,6.8
331,0.0,1.0,1.0,1.0,32.9,3,4.935,103.635,2019,2.0,98.7,4.761904762,4.935,9.1
332,0.0,1.0,1.0,0.0,77.02,5,19.255,404.355,2019,1.0,385.1,4.761904762,19.255,5.5
333,0.0,0.0,1.0,1.0,23.48,2,2.348,49.308,2019,2.0,46.96,4.761904762,2.348,7.9
334,2.0,0.0,1.0,3.0,14.7,5,3.675,77.175,2019,0.0,73.5,4.761904762,3.675,8.5
335,0.0,0.0,0.0,2.0,28.45,5,7.1125,149.3625,2019,2.0,142.25,4.761904762,7.1125,9.1
336,0.0,1.0,1.0,0.0,76.4,9,34.38,721.98,2019,0.0,687.6,4.761904762,34.38,7.5
337,1.0,1.0,0.0,3.0,57.95,6,17.385,365.085,2019,1.0,347.7,4.761904762,17.385,5.2
338,2.0,1.0,0.0,2.0,47.65,3,7.1475,150.0975,2019,2.0,142.95,4.761904762,7.1475,9.5
339,1.0,0.0,0.0,1.0,42.82,9,19.269,404.649,2019,2.0,385.38,4.761904762,19.269,8.9
340,1.0,0.0,1.0,2.0,48.09,3,7.2135,151.4835,2019,2.0,144.27,4.761904762,7.2135,7.8
341,1.0,0.0,0.0,5.0,55.97,7,19.5895,411.3795,2019,0.0,391.79,4.761904762,19.5895,8.9
342,1.0,0.0,0.0,5.0,76.9,7,26.915,565.215,2019,1.0,538.3,4.761904762,26.915,7.7
343,2.0,1.0,0.0,1.0,97.03,5,24.2575,509.4075,2019,0.0,485.15,4.761904762,24.2575,9.3
344,0.0,1.0,1.0,3.0,44.65,3,6.6975,140.6475,2019,1.0,133.95,4.761904762,6.6975,6.2
345,0.0,1.0,0.0,0.0,77.93,9,35.0685,736.4385,2019,0.0,701.37,4.761904762,35.0685,7.6
346,0.0,0.0,1.0,2.0,71.95,1,3.5975,75.5475,2019,1.0,71.95,4.761904762,3.5975,7.3
347,2.0,0.0,0.0,4.0,89.25,8,35.7,749.7,2019,1.0,714.0,4.761904762,35.7,4.7
348,0.0,1.0,1.0,2.0,26.02,7,9.107,191.247,2019,1.0,182.14,4.761904762,9.107,5.1
349,1.0,1.0,0.0,5.0,13.5,10,6.75,141.75,2019,2.0,135.0,4.761904762,6.75,4.8
350,2.0,0.0,0.0,0.0,99.3,10,49.65,1042.65,2019,2.0,993.0,4.761904762,49.65,6.6
351,0.0,1.0,1.0,2.0,51.69,7,18.0915,379.9215,2019,1.0,361.83,4.761904762,18.0915,5.5
352,1.0,0.0,0.0,0.0,54.73,7,19.1555,402.2655,2019,2.0,383.11,4.761904762,19.1555,8.5
353,1.0,0.0,1.0,4.0,27.0,9,12.15,255.15,2019,1.0,243.0,4.761904762,12.15,4.8
354,2.0,1.0,0.0,2.0,30.24,1,1.512,31.752,2019,1.0,30.24,4.761904762,1.512,8.4
355,1.0,0.0,0.0,1.0,89.14,4,17.828,374.388,2019,2.0,356.56,4.761904762,17.828,7.8
356,2.0,1.0,0.0,0.0,37.55,10,18.775,394.275,2019,2.0,375.5,4.761904762,18.775,9.3
357,2.0,1.0,0.0,3.0,95.44,10,47.72,1002.12,2019,1.0,954.4,4.761904762,47.72,5.2
358,1.0,1.0,1.0,2.0,27.5,3,4.125,86.625,2019,0.0,82.5,4.761904762,4.125,6.5
359,1.0,1.0,1.0,3.0,74.97,1,3.7485,78.7185,2019,1.0,74.97,4.761904762,3.7485,5.6
360,0.0,0.0,1.0,1.0,80.96,8,32.384,680.064,2019,2.0,647.68,4.761904762,32.384,7.4
361,2.0,1.0,0.0,1.0,94.47,8,37.788,793.548,2019,1.0,755.76,4.761904762,37.788,9.1
362,2.0,1.0,1.0,1.0,99.79,2,9.979,209.559,2019,0.0,199.58,4.761904762,9.979,8.0
363,0.0,1.0,1.0,4.0,73.22,6,21.966,461.286,2019,1.0,439.32,4.761904762,21.966,7.2
364,2.0,1.0,0.0,1.0,41.24,4,8.248,173.208,2019,1.0,164.96,4.761904762,8.248,7.1
365,2.0,1.0,0.0,0.0,81.68,4,16.336,343.056,2019,1.0,326.72,4.761904762,16.336,9.1
366,2.0,1.0,0.0,2.0,51.32,9,23.094,484.974,2019,1.0,461.88,4.761904762,23.094,5.6
367,0.0,0.0,1.0,4.0,65.94,4,13.188,276.948,2019,1.0,263.76,4.761904762,13.188,6.0
368,2.0,1.0,0.0,3.0,14.36,10,7.18,150.78,2019,1.0,143.6,4.761904762,7.18,5.4
369,0.0,0.0,1.0,2.0,21.5,9,9.675,203.175,2019,2.0,193.5,4.761904762,9.675,7.8
370,1.0,0.0,0.0,2.0,26.26,7,9.191,193.011,2019,1.0,183.82,4.761904762,9.191,9.9
371,1.0,1.0,0.0,0.0,60.96,2,6.096,128.016,2019,2.0,121.92,4.761904762,6.096,4.9
372,2.0,1.0,0.0,4.0,70.11,6,21.033,441.693,2019,0.0,420.66,4.761904762,21.033,5.2
373,2.0,1.0,1.0,0.0,42.08,6,12.624,265.104,2019,1.0,252.48,4.761904762,12.624,8.9
374,0.0,1.0,0.0,4.0,67.09,5,16.7725,352.2225,2019,2.0,335.45,4.761904762,16.7725,9.1
375,0.0,0.0,0.0,0.0,96.7,5,24.175,507.675,2019,0.0,483.5,4.761904762,24.175,7.0
376,1.0,0.0,0.0,4.0,35.38,9,15.921,334.341,2019,2.0,318.42,4.761904762,15.921,9.6
377,2.0,1.0,1.0,3.0,95.49,7,33.4215,701.8515,2019,0.0,668.43,4.761904762,33.4215,8.7
378,2.0,0.0,1.0,0.0,96.98,4,19.396,407.316,2019,0.0,387.92,4.761904762,19.396,9.4
379,1.0,1.0,0.0,2.0,23.65,4,4.73,99.33,2019,2.0,94.6,4.761904762,4.73,4.0
380,0.0,0.0,1.0,3.0,82.33,4,16.466,345.786,2019,2.0,329.32,4.761904762,16.466,7.5
381,2.0,1.0,0.0,2.0,26.61,2,2.661,55.881,2019,1.0,53.22,4.761904762,2.661,4.2
382,1.0,1.0,0.0,1.0,99.69,5,24.9225,523.3725,2019,1.0,498.45,4.761904762,24.9225,9.9
383,2.0,0.0,0.0,1.0,74.89,4,14.978,314.538,2019,0.0,299.56,4.761904762,14.978,4.2
384,0.0,1.0,0.0,1.0,40.94,5,10.235,214.935,2019,0.0,204.7,4.761904762,10.235,9.9
385,1.0,0.0,1.0,3.0,75.82,1,3.791,79.611,2019,1.0,75.82,4.761904762,3.791,5.8
386,2.0,1.0,1.0,1.0,46.77,6,14.031,294.651,2019,1.0,280.62,4.761904762,14.031,6.0
387,0.0,1.0,0.0,5.0,32.32,10,16.16,339.36,2019,2.0,323.2,4.761904762,16.16,10.0
388,2.0,0.0,0.0,0.0,54.07,9,24.3315,510.9615,2019,0.0,486.63,4.761904762,24.3315,9.5
389,1.0,1.0,1.0,1.0,18.22,7,6.377,133.917,2019,2.0,127.54,4.761904762,6.377,6.6
390,2.0,0.0,0.0,0.0,80.48,3,12.072,253.512,2019,1.0,241.44,4.761904762,12.072,8.1
391,1.0,1.0,0.0,0.0,37.95,10,18.975,398.475,2019,1.0,379.5,4.761904762,18.975,9.7
392,0.0,0.0,1.0,2.0,76.82,1,3.841,80.661,2019,0.0,76.82,4.761904762,3.841,7.2
393,0.0,0.0,0.0,3.0,52.26,10,26.13,548.73,2019,2.0,522.6,4.761904762,26.13,6.2
394,0.0,1.0,0.0,5.0,79.74,1,3.987,83.727,2019,0.0,79.74,4.761904762,3.987,7.3
395,0.0,1.0,0.0,5.0,77.5,5,19.375,406.875,2019,0.0,387.5,4.761904762,19.375,4.3
396,0.0,1.0,0.0,1.0,54.27,5,13.5675,284.9175,2019,0.0,271.35,4.761904762,13.5675,4.6
397,1.0,1.0,1.0,4.0,13.59,9,6.1155,128.4255,2019,1.0,122.31,4.761904762,6.1155,5.8
398,1.0,0.0,0.0,5.0,41.06,6,12.318,258.678,2019,2.0,246.36,4.761904762,12.318,8.3
399,1.0,0.0,1.0,2.0,19.24,9,8.658,181.818,2019,1.0,173.16,4.761904762,8.658,8.0
400,2.0,1.0,0.0,1.0,39.43,6,11.829,248.409,2019,2.0,236.58,4.761904762,11.829,9.4
401,2.0,1.0,1.0,4.0,46.22,4,9.244,194.124,2019,2.0,184.88,4.761904762,9.244,6.2
402,2.0,0.0,1.0,4.0,13.98,1,0.699,14.679,2019,0.0,13.98,4.761904762,0.699,9.8
403,1.0,1.0,0.0,0.0,39.75,5,9.9375,208.6875,2019,0.0,198.75,4.761904762,9.9375,9.6
404,2.0,0.0,0.0,0.0,97.79,7,34.2265,718.7565,2019,0.0,684.53,4.761904762,34.2265,4.9
405,0.0,0.0,1.0,3.0,67.26,4,13.452,282.492,2019,2.0,269.04,4.761904762,13.452,8.0
406,0.0,1.0,1.0,1.0,13.79,5,3.4475,72.3975,2019,2.0,68.95,4.761904762,3.4475,7.8
407,1.0,0.0,0.0,0.0,68.71,4,13.742,288.582,2019,1.0,274.84,4.761904762,13.742,4.1
408,0.0,1.0,0.0,4.0,56.53,4,11.306,237.426,2019,0.0,226.12,4.761904762,11.306,5.5
409,2.0,1.0,0.0,0.0,23.82,5,5.955,125.055,2019,0.0,119.1,4.761904762,5.955,5.4
410,1.0,1.0,0.0,5.0,34.21,10,17.105,359.205,2019,1.0,342.1,4.761904762,17.105,5.1
411,1.0,1.0,1.0,3.0,21.87,2,2.187,45.927,2019,0.0,43.74,4.761904762,2.187,6.9
412,0.0,0.0,1.0,5.0,20.97,5,5.2425,110.0925,2019,1.0,104.85,4.761904762,5.2425,7.8
413,0.0,1.0,1.0,3.0,25.84,3,3.876,81.396,2019,0.0,77.52,4.761904762,3.876,6.6
414,0.0,1.0,1.0,4.0,50.93,8,20.372,427.812,2019,0.0,407.44,4.761904762,20.372,9.2
415,1.0,1.0,1.0,5.0,96.11,1,4.8055,100.9155,2019,0.0,96.11,4.761904762,4.8055,7.8
416,2.0,1.0,0.0,4.0,45.38,4,9.076,190.596,2019,2.0,181.52,4.761904762,9.076,8.7
417,2.0,0.0,0.0,5.0,81.51,1,4.0755,85.5855,2019,0.0,81.51,4.761904762,4.0755,9.2
418,1.0,1.0,0.0,5.0,57.22,2,5.722,120.162,2019,0.0,114.44,4.761904762,5.722,8.3
419,0.0,0.0,0.0,2.0,25.22,7,8.827,185.367,2019,1.0,176.54,4.761904762,8.827,8.2
420,2.0,0.0,0.0,1.0,38.6,3,5.79,121.59,2019,0.0,115.8,4.761904762,5.79,7.5
421,2.0,1.0,0.0,2.0,84.05,3,12.6075,264.7575,2019,1.0,252.15,4.761904762,12.6075,9.8
422,2.0,0.0,0.0,0.0,97.21,10,48.605,1020.705,2019,2.0,972.1,4.761904762,48.605,8.7
423,1.0,0.0,1.0,0.0,25.42,8,10.168,213.528,2019,2.0,203.36,4.761904762,10.168,6.7
424,2.0,1.0,1.0,0.0,16.28,1,0.814,17.094,2019,1.0,16.28,4.761904762,0.814,5.0
425,1.0,0.0,1.0,0.0,40.61,9,18.2745,383.7645,2019,1.0,365.49,4.761904762,18.2745,7.0
426,0.0,0.0,1.0,5.0,53.17,7,18.6095,390.7995,2019,1.0,372.19,4.761904762,18.6095,8.9
427,1.0,0.0,0.0,1.0,20.87,3,3.1305,65.7405,2019,2.0,62.61,4.761904762,3.1305,8.0
428,1.0,1.0,1.0,3.0,67.27,5,16.8175,353.1675,2019,1.0,336.35,4.761904762,16.8175,6.9
429,0.0,0.0,0.0,4.0,90.65,10,45.325,951.825,2019,0.0,906.5,4.761904762,45.325,7.3
430,1.0,1.0,1.0,0.0,69.08,2,6.908,145.068,2019,2.0,138.16,4.761904762,6.908,6.9
431,2.0,1.0,1.0,1.0,43.27,2,4.327,90.867,2019,0.0,86.54,4.761904762,4.327,5.7
432,0.0,1.0,0.0,2.0,23.46,6,7.038,147.798,2019,0.0,140.76,4.761904762,7.038,6.4
433,1.0,1.0,1.0,0.0,95.54,7,33.439,702.219,2019,2.0,668.78,4.761904762,33.439,9.6
434,1.0,1.0,0.0,0.0,47.44,1,2.372,49.812,2019,2.0,47.44,4.761904762,2.372,6.8
435,2.0,1.0,1.0,3.0,99.24,9,44.658,937.818,2019,0.0,893.16,4.761904762,44.658,9.0
436,2.0,0.0,1.0,3.0,82.93,4,16.586,348.306,2019,0.0,331.72,4.761904762,16.586,9.6
437,0.0,1.0,1.0,4.0,33.99,6,10.197,214.137,2019,2.0,203.94,4.761904762,10.197,7.7
438,2.0,0.0,1.0,1.0,17.04,4,3.408,71.568,2019,0.0,68.16,4.761904762,3.408,7.0
439,2.0,1.0,0.0,2.0,40.86,8,16.344,343.224,2019,2.0,326.88,4.761904762,16.344,6.5
440,2.0,0.0,1.0,1.0,17.44,5,4.36,91.56,2019,1.0,87.2,4.761904762,4.36,8.1
441,1.0,0.0,0.0,3.0,88.43,8,35.372,742.812,2019,2.0,707.44,4.761904762,35.372,4.3
442,0.0,0.0,0.0,4.0,89.21,9,40.1445,843.0345,2019,2.0,802.89,4.761904762,40.1445,6.5
443,2.0,1.0,1.0,0.0,12.78,1,0.639,13.419,2019,0.0,12.78,4.761904762,0.639,9.5
444,0.0,1.0,0.0,3.0,19.1,7,6.685,140.385,2019,1.0,133.7,4.761904762,6.685,9.7
445,1.0,0.0,0.0,5.0,19.15,1,0.9575,20.1075,2019,2.0,19.15,4.761904762,0.9575,9.5
446,2.0,0.0,1.0,1.0,27.66,10,13.83,290.43,2019,2.0,276.6,4.761904762,13.83,8.9
447,2.0,1.0,1.0,0.0,45.74,3,6.861,144.081,2019,2.0,137.22,4.761904762,6.861,6.5
448,1.0,0.0,0.0,5.0,27.07,1,1.3535,28.4235,2019,2.0,27.07,4.761904762,1.3535,5.3
449,1.0,0.0,0.0,3.0,39.12,1,1.956,41.076,2019,2.0,39.12,4.761904762,1.956,9.6
450,1.0,1.0,0.0,2.0,74.71,6,22.413,470.673,2019,1.0,448.26,4.761904762,22.413,6.7
451,1.0,1.0,1.0,2.0,22.01,6,6.603,138.663,2019,1.0,132.06,4.761904762,6.603,7.6
452,0.0,1.0,0.0,1.0,63.61,5,15.9025,333.9525,2019,0.0,318.05,4.761904762,15.9025,4.8
453,0.0,1.0,1.0,5.0,25.0,1,1.25,26.25,2019,0.0,25.0,4.761904762,1.25,5.5
454,0.0,0.0,1.0,2.0,20.77,4,4.154,87.234,2019,1.0,83.08,4.761904762,4.154,4.7
455,1.0,0.0,0.0,0.0,29.56,5,7.39,155.19,2019,1.0,147.8,4.761904762,7.39,6.9
456,1.0,0.0,0.0,1.0,77.4,9,34.83,731.43,2019,2.0,696.6,4.761904762,34.83,4.5
457,1.0,1.0,1.0,2.0,79.39,10,39.695,833.595,2019,1.0,793.9,4.761904762,39.695,6.2
458,2.0,0.0,0.0,2.0,46.57,10,23.285,488.985,2019,1.0,465.7,4.761904762,23.285,7.6
459,2.0,1.0,1.0,1.0,35.89,1,1.7945,37.6845,2019,2.0,35.89,4.761904762,1.7945,7.9
460,2.0,1.0,1.0,1.0,40.52,5,10.13,212.73,2019,1.0,202.6,4.761904762,10.13,4.5
461,1.0,0.0,0.0,1.0,73.05,10,36.525,767.025,2019,2.0,730.5,4.761904762,36.525,8.7
462,2.0,1.0,0.0,3.0,73.95,4,14.79,310.59,2019,1.0,295.8,4.761904762,14.79,6.1
463,2.0,0.0,0.0,1.0,22.62,1,1.131,23.751,2019,1.0,22.62,4.761904762,1.131,6.4
464,0.0,0.0,1.0,1.0,51.34,5,12.835,269.535,2019,2.0,256.7,4.761904762,12.835,9.1
465,2.0,0.0,0.0,3.0,54.55,10,27.275,572.775,2019,2.0,545.5,4.761904762,27.275,7.1
466,2.0,0.0,0.0,5.0,37.15,7,13.0025,273.0525,2019,2.0,260.05,4.761904762,13.0025,7.7
467,1.0,1.0,1.0,3.0,37.02,6,11.106,233.226,2019,1.0,222.12,4.761904762,11.106,4.5
468,2.0,1.0,1.0,1.0,21.58,1,1.079,22.659,2019,0.0,21.58,4.761904762,1.079,7.2
469,2.0,0.0,0.0,2.0,98.84,1,4.942,103.782,2019,1.0,98.84,4.761904762,4.942,8.4
470,2.0,0.0,0.0,4.0,83.77,6,25.131,527.751,2019,0.0,502.62,4.761904762,25.131,5.4
471,0.0,0.0,0.0,3.0,40.05,4,8.01,168.21,2019,1.0,160.2,4.761904762,8.01,9.7
472,0.0,0.0,1.0,0.0,43.13,10,21.565,452.865,2019,2.0,431.3,4.761904762,21.565,5.5
473,1.0,0.0,1.0,5.0,72.57,8,29.028,609.588,2019,1.0,580.56,4.761904762,29.028,4.6
474,0.0,0.0,0.0,2.0,64.44,5,16.11,338.31,2019,1.0,322.2,4.761904762,16.11,6.6
475,0.0,1.0,1.0,5.0,65.18,3,9.777,205.317,2019,2.0,195.54,4.761904762,9.777,6.3
476,0.0,1.0,0.0,3.0,33.26,5,8.315,174.615,2019,2.0,166.3,4.761904762,8.315,4.2
477,2.0,1.0,1.0,2.0,84.07,4,16.814,353.094,2019,0.0,336.28,4.761904762,16.814,4.4
478,1.0,1.0,1.0,3.0,34.37,10,17.185,360.885,2019,0.0,343.7,4.761904762,17.185,6.7
479,0.0,1.0,1.0,2.0,38.6,1,1.93,40.53,2019,0.0,38.6,4.761904762,1.93,6.7
480,2.0,1.0,1.0,1.0,65.97,8,26.388,554.148,2019,1.0,527.76,4.761904762,26.388,8.4
481,2.0,1.0,0.0,2.0,32.8,10,16.4,344.4,2019,1.0,328.0,4.761904762,16.4,6.2
482,0.0,1.0,1.0,3.0,37.14,5,9.285,194.985,2019,0.0,185.7,4.761904762,9.285,5.0
483,1.0,0.0,1.0,4.0,60.38,10,30.19,633.99,2019,1.0,603.8,4.761904762,30.19,6.0
484,2.0,0.0,0.0,3.0,36.98,10,18.49,388.29,2019,2.0,369.8,4.761904762,18.49,7.0
485,1.0,0.0,0.0,3.0,49.49,4,9.898,207.858,2019,0.0,197.96,4.761904762,9.898,6.6
486,1.0,1.0,0.0,0.0,41.09,10,20.545,431.445,2019,1.0,410.9,4.761904762,20.545,7.3
487,0.0,1.0,1.0,0.0,37.15,4,7.43,156.03,2019,0.0,148.6,4.761904762,7.43,8.3
488,2.0,1.0,1.0,4.0,22.96,1,1.148,24.108,2019,1.0,22.96,4.761904762,1.148,4.3
489,1.0,0.0,0.0,4.0,77.68,9,34.956,734.076,2019,0.0,699.12,4.761904762,34.956,9.8
490,1.0,1.0,0.0,0.0,34.7,2,3.47,72.87,2019,0.0,69.4,4.761904762,3.47,8.2
491,0.0,0.0,0.0,0.0,19.66,10,9.83,206.43,2019,2.0,196.6,4.761904762,9.83,7.2
492,1.0,0.0,0.0,5.0,25.32,8,10.128,212.688,2019,0.0,202.56,4.761904762,10.128,8.7
493,2.0,0.0,0.0,4.0,12.12,10,6.06,127.26,2019,2.0,121.2,4.761904762,6.06,8.4
494,1.0,1.0,1.0,0.0,99.89,2,9.989,209.769,2019,0.0,199.78,4.761904762,9.989,7.1
495,1.0,1.0,1.0,3.0,75.92,8,30.368,637.728,2019,1.0,607.36,4.761904762,30.368,5.5
496,2.0,1.0,0.0,2.0,63.22,2,6.322,132.762,2019,1.0,126.44,4.761904762,6.322,8.5
497,2.0,1.0,0.0,1.0,90.24,6,27.072,568.512,2019,1.0,541.44,4.761904762,27.072,6.2
498,1.0,0.0,0.0,3.0,98.13,1,4.9065,103.0365,2019,1.0,98.13,4.761904762,4.9065,8.9
499,0.0,0.0,0.0,3.0,51.52,8,20.608,432.768,2019,1.0,412.16,4.761904762,20.608,9.6
500,1.0,0.0,1.0,3.0,73.97,1,3.6985,77.6685,2019,2.0,73.97,4.761904762,3.6985,5.4
501,2.0,0.0,0.0,0.0,31.9,1,1.595,33.495,2019,0.0,31.9,4.761904762,1.595,9.1
502,2.0,1.0,1.0,4.0,69.4,2,6.94,145.74,2019,0.0,138.8,4.761904762,6.94,9.0
503,1.0,1.0,0.0,3.0,93.31,2,9.331,195.951,2019,1.0,186.62,4.761904762,9.331,6.3
504,1.0,1.0,1.0,3.0,88.45,1,4.4225,92.8725,2019,2.0,88.45,4.761904762,4.4225,9.5
505,0.0,0.0,1.0,2.0,24.18,8,9.672,203.112,2019,0.0,193.44,4.761904762,9.672,9.8
506,1.0,0.0,0.0,3.0,48.5,3,7.275,152.775,2019,1.0,145.5,4.761904762,7.275,6.7
507,1.0,1.0,0.0,1.0,84.05,6,25.215,529.515,2019,2.0,504.3,4.761904762,25.215,7.7
508,1.0,0.0,1.0,5.0,61.29,5,15.3225,321.7725,2019,1.0,306.45,4.761904762,15.3225,7.0
509,2.0,0.0,0.0,4.0,15.95,6,4.785,100.485,2019,2.0,95.7,4.761904762,4.785,5.1
510,1.0,0.0,0.0,3.0,90.74,7,31.759,666.939,2019,2.0,635.18,4.761904762,31.759,6.2
511,0.0,1.0,0.0,4.0,42.91,5,10.7275,225.2775,2019,0.0,214.55,4.761904762,10.7275,6.1
512,0.0,1.0,0.0,0.0,54.28,7,18.998,398.958,2019,0.0,379.96,4.761904762,18.998,9.3
513,0.0,1.0,1.0,2.0,99.55,7,34.8425,731.6925,2019,1.0,696.85,4.761904762,34.8425,7.6
514,2.0,0.0,1.0,3.0,58.39,7,20.4365,429.1665,2019,2.0,408.73,4.761904762,20.4365,8.2
515,2.0,0.0,0.0,0.0,51.47,1,2.5735,54.0435,2019,0.0,51.47,4.761904762,2.5735,8.5
516,1.0,0.0,1.0,5.0,54.86,5,13.715,288.015,2019,0.0,274.3,4.761904762,13.715,9.8
517,2.0,0.0,1.0,4.0,39.39,5,9.8475,206.7975,2019,2.0,196.95,4.761904762,9.8475,8.7
518,0.0,1.0,1.0,4.0,34.73,2,3.473,72.933,2019,0.0,69.46,4.761904762,3.473,9.7
519,2.0,0.0,1.0,3.0,71.92,5,17.98,377.58,2019,2.0,359.6,4.761904762,17.98,4.3
520,1.0,1.0,0.0,2.0,45.71,3,6.8565,143.9865,2019,2.0,137.13,4.761904762,6.8565,7.7
521,2.0,0.0,0.0,4.0,83.17,6,24.951,523.971,2019,1.0,499.02,4.761904762,24.951,7.3
522,0.0,0.0,0.0,4.0,37.44,6,11.232,235.872,2019,2.0,224.64,4.761904762,11.232,5.9
523,2.0,1.0,1.0,5.0,62.87,2,6.287,132.027,2019,1.0,125.74,4.761904762,6.287,5.0
524,0.0,1.0,1.0,1.0,81.71,6,24.513,514.773,2019,2.0,490.26,4.761904762,24.513,8.0
525,0.0,0.0,0.0,3.0,91.41,5,22.8525,479.9025,2019,0.0,457.05,4.761904762,22.8525,7.1
526,1.0,1.0,1.0,0.0,39.21,4,7.842,164.682,2019,2.0,156.84,4.761904762,7.842,9.0
527,1.0,0.0,1.0,0.0,59.86,2,5.986,125.706,2019,0.0,119.72,4.761904762,5.986,6.7
528,1.0,0.0,0.0,1.0,54.36,10,27.18,570.78,2019,2.0,543.6,4.761904762,27.18,6.1
529,0.0,1.0,1.0,3.0,98.09,9,44.1405,926.9505,2019,1.0,882.81,4.761904762,44.1405,9.3
530,0.0,1.0,1.0,5.0,25.43,6,7.629,160.209,2019,0.0,152.58,4.761904762,7.629,7.0
531,0.0,0.0,1.0,0.0,86.68,8,34.672,728.112,2019,2.0,693.44,4.761904762,34.672,7.2
532,1.0,1.0,1.0,2.0,22.95,10,11.475,240.975,2019,0.0,229.5,4.761904762,11.475,8.2
533,2.0,1.0,0.0,1.0,16.31,9,7.3395,154.1295,2019,0.0,146.79,4.761904762,7.3395,8.4
534,0.0,1.0,0.0,4.0,28.32,5,7.08,148.68,2019,0.0,141.6,4.761904762,7.08,6.2
535,2.0,1.0,1.0,4.0,16.67,7,5.8345,122.5245,2019,0.0,116.69,4.761904762,5.8345,7.4
536,1.0,0.0,0.0,0.0,73.96,1,3.698,77.658,2019,2.0,73.96,4.761904762,3.698,5.0
537,0.0,1.0,1.0,4.0,97.94,1,4.897,102.837,2019,0.0,97.94,4.761904762,4.897,6.9
538,0.0,1.0,0.0,0.0,73.05,4,14.61,306.81,2019,2.0,292.2,4.761904762,14.61,4.9
539,2.0,0.0,0.0,1.0,87.48,6,26.244,551.124,2019,0.0,524.88,4.761904762,26.244,5.1
540,0.0,1.0,1.0,4.0,30.68,3,4.602,96.642,2019,0.0,92.04,4.761904762,4.602,9.1
541,2.0,0.0,1.0,5.0,75.88,1,3.794,79.674,2019,2.0,75.88,4.761904762,3.794,7.1
542,1.0,0.0,0.0,3.0,20.18,4,4.036,84.756,2019,2.0,80.72,4.761904762,4.036,5.0
543,2.0,0.0,1.0,2.0,18.77,6,5.631,118.251,2019,2.0,112.62,4.761904762,5.631,5.5
544,1.0,1.0,0.0,1.0,71.2,1,3.56,74.76,2019,2.0,71.2,4.761904762,3.56,9.2
545,1.0,0.0,1.0,4.0,38.81,4,7.762,163.002,2019,0.0,155.24,4.761904762,7.762,4.9
546,0.0,1.0,0.0,0.0,29.42,10,14.71,308.91,2019,0.0,294.2,4.761904762,14.71,8.9
547,0.0,1.0,1.0,3.0,60.95,9,27.4275,575.9775,2019,2.0,548.55,4.761904762,27.4275,6.0
548,1.0,1.0,0.0,3.0,51.54,5,12.885,270.585,2019,1.0,257.7,4.761904762,12.885,4.2
549,0.0,1.0,0.0,2.0,66.06,6,19.818,416.178,2019,1.0,396.36,4.761904762,19.818,7.3
550,1.0,1.0,1.0,0.0,57.27,3,8.5905,180.4005,2019,0.0,171.81,4.761904762,8.5905,6.5
551,1.0,1.0,0.0,0.0,54.31,9,24.4395,513.2295,2019,1.0,488.79,4.761904762,24.4395,8.9
552,1.0,1.0,0.0,5.0,58.24,9,26.208,550.368,2019,1.0,524.16,4.761904762,26.208,9.7
553,2.0,1.0,1.0,2.0,22.21,6,6.663,139.923,2019,2.0,133.26,4.761904762,6.663,8.6
554,0.0,0.0,1.0,2.0,19.32,7,6.762,142.002,2019,1.0,135.24,4.761904762,6.762,6.9
555,1.0,1.0,1.0,4.0,37.48,3,5.622,118.062,2019,2.0,112.44,4.761904762,5.622,7.7
556,1.0,0.0,0.0,0.0,72.04,2,7.204,151.284,2019,1.0,144.08,4.761904762,7.204,9.5
557,2.0,0.0,0.0,1.0,98.52,10,49.26,1034.46,2019,0.0,985.2,4.761904762,49.26,4.5
558,0.0,0.0,1.0,1.0,41.66,6,12.498,262.458,2019,0.0,249.96,4.761904762,12.498,5.6
559,0.0,0.0,0.0,4.0,72.42,3,10.863,228.123,2019,0.0,217.26,4.761904762,10.863,8.2
560,1.0,1.0,1.0,2.0,21.58,9,9.711,203.931,2019,1.0,194.22,4.761904762,9.711,7.3
561,2.0,1.0,1.0,1.0,89.2,10,44.6,936.6,2019,2.0,892.0,4.761904762,44.6,4.4
562,1.0,1.0,0.0,2.0,42.42,8,16.968,356.328,2019,0.0,339.36,4.761904762,16.968,5.7
563,0.0,0.0,1.0,2.0,74.51,6,22.353,469.413,2019,0.0,447.06,4.761904762,22.353,5.0
564,1.0,1.0,1.0,0.0,99.25,2,9.925,208.425,2019,1.0,198.5,4.761904762,9.925,9.0
565,0.0,1.0,0.0,1.0,81.21,10,40.605,852.705,2019,2.0,812.1,4.761904762,40.605,6.3
566,2.0,1.0,0.0,3.0,49.33,10,24.665,517.965,2019,2.0,493.3,4.761904762,24.665,9.4
567,0.0,1.0,0.0,0.0,65.74,9,29.583,621.243,2019,1.0,591.66,4.761904762,29.583,7.7
568,1.0,1.0,0.0,0.0,79.86,7,27.951,586.971,2019,2.0,559.02,4.761904762,27.951,5.5
569,2.0,1.0,0.0,3.0,73.98,7,25.893,543.753,2019,0.0,517.86,4.761904762,25.893,4.1
570,1.0,0.0,0.0,4.0,82.04,5,20.51,430.71,2019,2.0,410.2,4.761904762,20.51,7.6
571,1.0,0.0,1.0,3.0,26.67,10,13.335,280.035,2019,1.0,266.7,4.761904762,13.335,8.6
572,0.0,0.0,1.0,1.0,10.13,7,3.5455,74.4555,2019,0.0,70.91,4.761904762,3.5455,8.3
573,1.0,1.0,1.0,1.0,72.39,2,7.239,152.019,2019,2.0,144.78,4.761904762,7.239,8.1
574,0.0,1.0,1.0,3.0,85.91,5,21.4775,451.0275,2019,2.0,429.55,4.761904762,21.4775,8.6
575,1.0,0.0,1.0,0.0,81.31,7,28.4585,597.6285,2019,0.0,569.17,4.761904762,28.4585,6.3
576,1.0,1.0,1.0,1.0,60.3,4,12.06,253.26,2019,1.0,241.2,4.761904762,12.06,5.8
577,2.0,1.0,1.0,1.0,31.77,4,6.354,133.434,2019,0.0,127.08,4.761904762,6.354,6.2
578,0.0,1.0,0.0,5.0,64.27,4,12.854,269.934,2019,1.0,257.08,4.761904762,12.854,7.7
579,1.0,1.0,1.0,5.0,69.51,2,6.951,145.971,2019,0.0,139.02,4.761904762,6.951,8.1
580,2.0,1.0,1.0,1.0,27.22,3,4.083,85.743,2019,1.0,81.66,4.761904762,4.083,7.3
581,0.0,0.0,0.0,5.0,77.68,4,15.536,326.256,2019,1.0,310.72,4.761904762,15.536,8.4
582,2.0,0.0,0.0,0.0,92.98,2,9.298,195.258,2019,2.0,185.96,4.761904762,9.298,8.0
583,1.0,0.0,0.0,0.0,18.08,4,3.616,75.936,2019,2.0,72.32,4.761904762,3.616,9.5
584,1.0,1.0,1.0,3.0,63.06,3,9.459,198.639,2019,0.0,189.18,4.761904762,9.459,7.0
585,0.0,1.0,1.0,5.0,51.71,4,10.342,217.182,2019,2.0,206.84,4.761904762,10.342,9.8
586,0.0,1.0,0.0,1.0,52.34,3,7.851,164.871,2019,1.0,157.02,4.761904762,7.851,9.2
587,0.0,1.0,0.0,3.0,43.06,5,10.765,226.065,2019,0.0,215.3,4.761904762,10.765,7.7
588,2.0,1.0,1.0,0.0,59.61,10,29.805,625.905,2019,1.0,596.1,4.761904762,29.805,5.3
589,0.0,1.0,1.0,5.0,14.62,5,3.655,76.755,2019,1.0,73.1,4.761904762,3.655,4.4
590,2.0,0.0,1.0,5.0,46.53,6,13.959,293.139,2019,2.0,279.18,4.761904762,13.959,4.3
591,2.0,0.0,0.0,4.0,24.24,7,8.484,178.164,2019,0.0,169.68,4.761904762,8.484,9.4
592,0.0,0.0,0.0,3.0,45.58,1,2.279,47.859,2019,1.0,45.58,4.761904762,2.279,9.8
593,0.0,0.0,0.0,3.0,75.2,3,11.28,236.88,2019,0.0,225.6,4.761904762,11.28,4.8
594,1.0,0.0,1.0,3.0,96.8,3,14.52,304.92,2019,1.0,290.4,4.761904762,14.52,5.3
595,1.0,1.0,1.0,5.0,14.82,3,2.223,46.683,2019,2.0,44.46,4.761904762,2.223,8.7
596,0.0,1.0,1.0,1.0,52.2,3,7.83,164.43,2019,2.0,156.6,4.761904762,7.83,9.5
597,2.0,1.0,0.0,3.0,46.66,9,20.997,440.937,2019,0.0,419.94,4.761904762,20.997,5.3
598,2.0,1.0,0.0,0.0,36.85,5,9.2125,193.4625,2019,1.0,184.25,4.761904762,9.2125,9.2
599,0.0,0.0,0.0,4.0,70.32,2,7.032,147.672,2019,0.0,140.64,4.761904762,7.032,9.6
600,2.0,1.0,1.0,2.0,83.08,1,4.154,87.234,2019,0.0,83.08,4.761904762,4.154,6.4
601,2.0,1.0,0.0,0.0,64.99,1,3.2495,68.2395,2019,2.0,64.99,4.761904762,3.2495,4.5
602,2.0,1.0,1.0,1.0,77.56,10,38.78,814.38,2019,0.0,775.6,4.761904762,38.78,6.9
603,1.0,1.0,0.0,3.0,54.51,6,16.353,343.413,2019,0.0,327.06,4.761904762,16.353,7.8
604,2.0,0.0,0.0,0.0,51.89,7,18.1615,381.3915,2019,1.0,363.23,4.761904762,18.1615,4.5
605,1.0,1.0,1.0,4.0,31.75,4,6.35,133.35,2019,1.0,127.0,4.761904762,6.35,8.6
606,0.0,0.0,0.0,0.0,53.65,7,18.7775,394.3275,2019,0.0,375.55,4.761904762,18.7775,5.2
607,2.0,0.0,0.0,1.0,49.79,4,9.958,209.118,2019,2.0,199.16,4.761904762,9.958,6.4
608,0.0,1.0,1.0,0.0,30.61,1,1.5305,32.1405,2019,0.0,30.61,4.761904762,1.5305,5.2
609,1.0,0.0,1.0,1.0,57.89,2,5.789,121.569,2019,0.0,115.78,4.761904762,5.789,8.9
610,0.0,1.0,0.0,2.0,28.96,1,1.448,30.408,2019,2.0,28.96,4.761904762,1.448,6.2
611,2.0,0.0,0.0,1.0,98.97,9,44.5365,935.2665,2019,1.0,890.73,4.761904762,44.5365,6.7
612,1.0,0.0,1.0,0.0,93.22,3,13.983,293.643,2019,1.0,279.66,4.761904762,13.983,7.2
613,2.0,0.0,1.0,3.0,80.93,1,4.0465,84.9765,2019,2.0,80.93,4.761904762,4.0465,9.0
614,0.0,0.0,1.0,1.0,67.45,10,33.725,708.225,2019,0.0,674.5,4.761904762,33.725,4.2
615,0.0,0.0,0.0,3.0,38.72,9,17.424,365.904,2019,0.0,348.48,4.761904762,17.424,4.2
616,1.0,0.0,1.0,3.0,72.6,6,21.78,457.38,2019,1.0,435.6,4.761904762,21.78,6.9
617,2.0,0.0,1.0,2.0,87.91,5,21.9775,461.5275,2019,0.0,439.55,4.761904762,21.9775,4.4
618,0.0,0.0,1.0,1.0,98.53,6,29.559,620.739,2019,2.0,591.18,4.761904762,29.559,4.0
619,2.0,0.0,0.0,0.0,43.46,6,13.038,273.798,2019,0.0,260.76,4.761904762,13.038,8.5
620,0.0,1.0,0.0,1.0,71.68,3,10.752,225.792,2019,2.0,215.04,4.761904762,10.752,9.2
621,0.0,0.0,0.0,1.0,91.61,1,4.5805,96.1905,2019,1.0,91.61,4.761904762,4.5805,9.8
622,1.0,0.0,0.0,4.0,94.59,7,33.1065,695.2365,2019,2.0,662.13,4.761904762,33.1065,4.9
623,1.0,1.0,0.0,0.0,83.25,10,41.625,874.125,2019,2.0,832.5,4.761904762,41.625,4.4
624,1.0,0.0,1.0,0.0,91.35,1,4.5675,95.9175,2019,1.0,91.35,4.761904762,4.5675,6.8
625,1.0,0.0,0.0,1.0,78.88,2,7.888,165.648,2019,1.0,157.76,4.761904762,7.888,9.1
626,0.0,1.0,1.0,3.0,60.87,2,6.087,127.827,2019,0.0,121.74,4.761904762,6.087,8.7
627,1.0,0.0,1.0,5.0,82.58,10,41.29,867.09,2019,1.0,825.8,4.761904762,41.29,5.0
628,0.0,0.0,1.0,4.0,53.3,3,7.995,167.895,2019,0.0,159.9,4.761904762,7.995,7.5
629,0.0,1.0,0.0,0.0,12.09,1,0.6045,12.6945,2019,2.0,12.09,4.761904762,0.6045,8.2
630,0.0,1.0,1.0,3.0,64.19,10,32.095,673.995,2019,2.0,641.9,4.761904762,32.095,6.7
631,0.0,1.0,1.0,2.0,78.31,3,11.7465,246.6765,2019,0.0,234.93,4.761904762,11.7465,5.4
632,0.0,0.0,1.0,1.0,83.77,2,8.377,175.917,2019,2.0,167.54,4.761904762,8.377,7.0
633,1.0,1.0,1.0,4.0,99.7,3,14.955,314.055,2019,0.0,299.1,4.761904762,14.955,4.7
634,1.0,0.0,1.0,1.0,79.91,3,11.9865,251.7165,2019,2.0,239.73,4.761904762,11.9865,5.0
635,1.0,0.0,1.0,5.0,66.47,10,33.235,697.935,2019,2.0,664.7,4.761904762,33.235,5.0
636,0.0,1.0,1.0,5.0,28.95,7,10.1325,212.7825,2019,2.0,202.65,4.761904762,10.1325,6.0
637,2.0,1.0,0.0,2.0,46.2,1,2.31,48.51,2019,1.0,46.2,4.761904762,2.31,6.3
638,1.0,0.0,0.0,1.0,17.63,5,4.4075,92.5575,2019,1.0,88.15,4.761904762,4.4075,8.5
639,1.0,1.0,1.0,0.0,52.42,3,7.863,165.123,2019,0.0,157.26,4.761904762,7.863,7.5
640,1.0,0.0,0.0,1.0,98.79,3,14.8185,311.1885,2019,0.0,296.37,4.761904762,14.8185,6.4
641,2.0,0.0,0.0,2.0,88.55,8,35.42,743.82,2019,0.0,708.4,4.761904762,35.42,4.7
642,1.0,0.0,1.0,2.0,55.67,2,5.567,116.907,2019,0.0,111.34,4.761904762,5.567,6.0
643,2.0,0.0,0.0,1.0,72.52,8,29.008,609.168,2019,2.0,580.16,4.761904762,29.008,4.0
644,2.0,0.0,1.0,2.0,12.05,5,3.0125,63.2625,2019,0.0,60.25,4.761904762,3.0125,5.5
645,0.0,0.0,1.0,4.0,19.36,9,8.712,182.952,2019,0.0,174.24,4.761904762,8.712,8.7
646,2.0,1.0,1.0,5.0,70.21,6,21.063,442.323,2019,1.0,421.26,4.761904762,21.063,7.4
647,1.0,0.0,1.0,0.0,33.63,1,1.6815,35.3115,2019,1.0,33.63,4.761904762,1.6815,5.6
648,2.0,0.0,0.0,3.0,15.49,2,1.549,32.529,2019,1.0,30.98,4.761904762,1.549,6.3
649,2.0,1.0,1.0,2.0,24.74,10,12.37,259.77,2019,1.0,247.4,4.761904762,12.37,7.1
650,1.0,1.0,1.0,2.0,75.66,5,18.915,397.215,2019,0.0,378.3,4.761904762,18.915,7.8
651,1.0,1.0,0.0,5.0,55.81,6,16.743,351.603,2019,1.0,334.86,4.761904762,16.743,9.9
652,0.0,0.0,1.0,4.0,72.78,10,36.39,764.19,2019,1.0,727.8,4.761904762,36.39,7.3
653,1.0,0.0,1.0,3.0,37.32,9,16.794,352.674,2019,0.0,335.88,4.761904762,16.794,5.1
654,1.0,0.0,1.0,0.0,60.18,4,12.036,252.756,2019,2.0,240.72,4.761904762,12.036,9.4
655,0.0,1.0,0.0,2.0,15.69,3,2.3535,49.4235,2019,2.0,47.07,4.761904762,2.3535,5.8
656,2.0,1.0,0.0,2.0,99.69,1,4.9845,104.6745,2019,2.0,99.69,4.761904762,4.9845,8.0
657,0.0,0.0,0.0,0.0,88.15,3,13.2225,277.6725,2019,0.0,264.45,4.761904762,13.2225,7.9
658,0.0,0.0,0.0,3.0,27.93,5,6.9825,146.6325,2019,1.0,139.65,4.761904762,6.9825,5.9
659,0.0,0.0,1.0,0.0,55.45,1,2.7725,58.2225,2019,2.0,55.45,4.761904762,2.7725,4.9
660,1.0,1.0,0.0,3.0,42.97,3,6.4455,135.3555,2019,1.0,128.91,4.761904762,6.4455,9.3
661,2.0,0.0,1.0,3.0,17.14,7,5.999,125.979,2019,2.0,119.98,4.761904762,5.999,7.9
662,1.0,0.0,0.0,0.0,58.75,6,17.625,370.125,2019,2.0,352.5,4.761904762,17.625,5.9
663,2.0,0.0,0.0,1.0,87.1,10,43.55,914.55,2019,2.0,871.0,4.761904762,43.55,9.9
664,2.0,1.0,0.0,3.0,98.8,2,9.88,207.48,2019,1.0,197.6,4.761904762,9.88,7.7
665,0.0,1.0,0.0,0.0,48.63,4,9.726,204.246,2019,0.0,194.52,4.761904762,9.726,7.6
666,1.0,0.0,1.0,1.0,57.74,3,8.661,181.881,2019,0.0,173.22,4.761904762,8.661,7.7
667,1.0,1.0,0.0,5.0,17.97,4,3.594,75.474,2019,0.0,71.88,4.761904762,3.594,6.4
668,2.0,0.0,0.0,5.0,47.71,6,14.313,300.573,2019,0.0,286.26,4.761904762,14.313,4.4
669,1.0,1.0,0.0,3.0,40.62,2,4.062,85.302,2019,2.0,81.24,4.761904762,4.062,4.1
670,0.0,0.0,1.0,0.0,56.04,10,28.02,588.42,2019,0.0,560.4,4.761904762,28.02,4.4
671,1.0,0.0,1.0,1.0,93.4,2,9.34,196.14,2019,1.0,186.8,4.761904762,9.34,5.5
672,1.0,1.0,0.0,5.0,73.41,3,11.0115,231.2415,2019,0.0,220.23,4.761904762,11.0115,4.0
673,2.0,1.0,1.0,5.0,33.64,8,13.456,282.576,2019,2.0,269.12,4.761904762,13.456,9.3
674,0.0,1.0,0.0,2.0,45.48,10,22.74,477.54,2019,2.0,454.8,4.761904762,22.74,4.8
675,1.0,0.0,1.0,0.0,83.77,2,8.377,175.917,2019,1.0,167.54,4.761904762,8.377,4.6
676,1.0,0.0,0.0,3.0,64.08,7,22.428,470.988,2019,2.0,448.56,4.761904762,22.428,7.3
677,0.0,0.0,0.0,1.0,73.47,4,14.694,308.574,2019,1.0,293.88,4.761904762,14.694,6.0
678,2.0,1.0,1.0,5.0,58.95,10,29.475,618.975,2019,0.0,589.5,4.761904762,29.475,8.1
679,0.0,0.0,1.0,1.0,48.5,6,14.55,305.55,2019,0.0,291.0,4.761904762,14.55,9.4
680,1.0,0.0,0.0,2.0,39.48,1,1.974,41.454,2019,1.0,39.48,4.761904762,1.974,6.5
681,1.0,1.0,0.0,3.0,34.81,1,1.7405,36.5505,2019,2.0,34.81,4.761904762,1.7405,7.0
682,2.0,1.0,0.0,0.0,49.32,6,14.796,310.716,2019,0.0,295.92,4.761904762,14.796,7.1
683,0.0,0.0,1.0,0.0,21.48,2,2.148,45.108,2019,0.0,42.96,4.761904762,2.148,6.6
684,1.0,0.0,0.0,3.0,23.08,6,6.924,145.404,2019,0.0,138.48,4.761904762,6.924,4.9
685,1.0,0.0,0.0,4.0,49.1,2,4.91,103.11,2019,2.0,98.2,4.761904762,4.91,6.4
686,1.0,0.0,0.0,3.0,64.83,2,6.483,136.143,2019,2.0,129.66,4.761904762,6.483,8.0
687,0.0,0.0,1.0,4.0,63.56,10,31.78,667.38,2019,1.0,635.6,4.761904762,31.78,4.3
688,2.0,0.0,1.0,3.0,72.88,2,7.288,153.048,2019,1.0,145.76,4.761904762,7.288,6.1
689,0.0,1.0,0.0,1.0,67.1,3,10.065,211.365,2019,1.0,201.3,4.761904762,10.065,7.5
690,2.0,0.0,0.0,3.0,70.19,9,31.5855,663.2955,2019,1.0,631.71,4.761904762,31.5855,6.7
691,2.0,0.0,1.0,1.0,55.04,7,19.264,404.544,2019,0.0,385.28,4.761904762,19.264,5.2
692,0.0,0.0,1.0,5.0,48.63,10,24.315,510.615,2019,1.0,486.3,4.761904762,24.315,8.8
693,2.0,0.0,0.0,0.0,73.38,7,25.683,539.343,2019,1.0,513.66,4.761904762,25.683,9.5
694,2.0,1.0,0.0,1.0,52.6,9,23.67,497.07,2019,1.0,473.4,4.761904762,23.67,7.6
695,0.0,0.0,0.0,4.0,87.37,5,21.8425,458.6925,2019,1.0,436.85,4.761904762,21.8425,6.6
696,0.0,0.0,0.0,3.0,27.04,4,5.408,113.568,2019,0.0,108.16,4.761904762,5.408,6.9
697,1.0,1.0,1.0,4.0,62.19,4,12.438,261.198,2019,0.0,248.76,4.761904762,12.438,4.3
698,0.0,0.0,1.0,2.0,69.58,9,31.311,657.531,2019,2.0,626.22,4.761904762,31.311,7.8
699,2.0,1.0,1.0,4.0,97.5,10,48.75,1023.75,2019,0.0,975.0,4.761904762,48.75,8.0
700,2.0,1.0,0.0,0.0,60.41,8,24.164,507.444,2019,0.0,483.28,4.761904762,24.164,9.6
701,1.0,1.0,1.0,1.0,32.32,3,4.848,101.808,2019,2.0,96.96,4.761904762,4.848,4.3
702,1.0,0.0,0.0,0.0,19.77,10,9.885,207.585,2019,2.0,197.7,4.761904762,9.885,5.0
703,1.0,0.0,1.0,5.0,80.47,9,36.2115,760.4415,2019,1.0,724.23,4.761904762,36.2115,9.2
704,1.0,0.0,0.0,4.0,88.39,9,39.7755,835.2855,2019,1.0,795.51,4.761904762,39.7755,6.3
705,1.0,1.0,1.0,5.0,71.77,7,25.1195,527.5095,2019,1.0,502.39,4.761904762,25.1195,8.9
706,1.0,1.0,0.0,2.0,43.0,4,8.6,180.6,2019,0.0,172.0,4.761904762,8.6,7.6
707,2.0,0.0,1.0,1.0,68.98,1,3.449,72.429,2019,1.0,68.98,4.761904762,3.449,4.8
708,2.0,1.0,1.0,0.0,15.62,8,6.248,131.208,2019,0.0,124.96,4.761904762,6.248,9.1
709,0.0,1.0,1.0,3.0,25.7,3,3.855,80.955,2019,0.0,77.1,4.761904762,3.855,6.1
710,0.0,0.0,1.0,1.0,80.62,6,24.186,507.906,2019,1.0,483.72,4.761904762,24.186,9.1
711,2.0,0.0,0.0,4.0,75.53,4,15.106,317.226,2019,0.0,302.12,4.761904762,15.106,8.3
712,2.0,1.0,0.0,2.0,77.63,9,34.9335,733.6035,2019,0.0,698.67,4.761904762,34.9335,7.2
713,2.0,1.0,0.0,5.0,13.85,9,6.2325,130.8825,2019,0.0,124.65,4.761904762,6.2325,6.0
714,2.0,0.0,1.0,0.0,98.7,8,39.48,829.08,2019,0.0,789.6,4.761904762,39.48,8.5
715,0.0,1.0,0.0,5.0,35.68,5,8.92,187.32,2019,2.0,178.4,4.761904762,8.92,6.6
716,0.0,0.0,0.0,0.0,71.46,7,25.011,525.231,2019,0.0,500.22,4.761904762,25.011,4.5
717,0.0,0.0,1.0,2.0,11.94,3,1.791,37.611,2019,2.0,35.82,4.761904762,1.791,8.1
718,0.0,1.0,1.0,0.0,45.38,3,6.807,142.947,2019,2.0,136.14,4.761904762,6.807,7.2
719,1.0,0.0,0.0,0.0,17.48,6,5.244,110.124,2019,2.0,104.88,4.761904762,5.244,6.1
720,1.0,1.0,0.0,0.0,25.56,7,8.946,187.866,2019,1.0,178.92,4.761904762,8.946,7.1
721,2.0,0.0,0.0,3.0,90.63,9,40.7835,856.4535,2019,1.0,815.67,4.761904762,40.7835,5.1
722,1.0,1.0,1.0,4.0,44.12,3,6.618,138.978,2019,2.0,132.36,4.761904762,6.618,7.9
723,2.0,0.0,0.0,1.0,36.77,7,12.8695,270.2595,2019,1.0,257.39,4.761904762,12.8695,7.4
724,1.0,0.0,1.0,1.0,23.34,4,4.668,98.028,2019,0.0,93.36,4.761904762,4.668,7.4
725,2.0,0.0,0.0,5.0,28.5,8,11.4,239.4,2019,1.0,228.0,4.761904762,11.4,6.6
726,2.0,0.0,1.0,4.0,55.57,3,8.3355,175.0455,2019,2.0,166.71,4.761904762,8.3355,5.9
727,1.0,1.0,1.0,3.0,69.74,10,34.87,732.27,2019,2.0,697.4,4.761904762,34.87,8.9
728,2.0,1.0,1.0,0.0,97.26,4,19.452,408.492,2019,0.0,389.04,4.761904762,19.452,6.8
729,1.0,0.0,0.0,4.0,52.18,7,18.263,383.523,2019,1.0,365.26,4.761904762,18.263,9.3
730,0.0,0.0,0.0,0.0,22.32,4,4.464,93.744,2019,2.0,89.28,4.761904762,4.464,4.4
731,0.0,1.0,1.0,5.0,56.0,3,8.4,176.4,2019,0.0,168.0,4.761904762,8.4,4.8
732,0.0,0.0,1.0,0.0,19.7,1,0.985,20.685,2019,0.0,19.7,4.761904762,0.985,9.5
733,1.0,1.0,1.0,2.0,75.88,7,26.558,557.718,2019,0.0,531.16,4.761904762,26.558,8.9
734,1.0,0.0,1.0,1.0,53.72,1,2.686,56.406,2019,0.0,53.72,4.761904762,2.686,6.4
735,2.0,0.0,1.0,5.0,81.95,10,40.975,860.475,2019,2.0,819.5,4.761904762,40.975,6.0
736,2.0,0.0,0.0,4.0,81.2,7,28.42,596.82,2019,2.0,568.4,4.761904762,28.42,8.1
737,2.0,1.0,1.0,2.0,58.76,10,29.38,616.98,2019,0.0,587.6,4.761904762,29.38,9.0
738,1.0,0.0,1.0,2.0,91.56,8,36.624,769.104,2019,0.0,732.48,4.761904762,36.624,6.0
739,0.0,1.0,1.0,4.0,93.96,9,42.282,887.922,2019,1.0,845.64,4.761904762,42.282,9.8
740,2.0,1.0,1.0,4.0,55.61,7,19.4635,408.7335,2019,1.0,389.27,4.761904762,19.4635,8.5
741,2.0,1.0,1.0,1.0,84.83,1,4.2415,89.0715,2019,0.0,84.83,4.761904762,4.2415,8.8
742,0.0,0.0,0.0,3.0,71.63,2,7.163,150.423,2019,0.0,143.26,4.761904762,7.163,8.8
743,0.0,0.0,1.0,4.0,37.69,2,3.769,79.149,2019,0.0,75.38,4.761904762,3.769,9.5
744,2.0,0.0,0.0,3.0,31.67,8,12.668,266.028,2019,2.0,253.36,4.761904762,12.668,5.6
745,2.0,0.0,0.0,1.0,38.42,1,1.921,40.341,2019,1.0,38.42,4.761904762,1.921,8.6
746,1.0,0.0,1.0,0.0,65.23,10,32.615,684.915,2019,2.0,652.3,4.761904762,32.615,5.2
747,2.0,0.0,0.0,4.0,10.53,5,2.6325,55.2825,2019,2.0,52.65,4.761904762,2.6325,5.8
748,1.0,0.0,0.0,4.0,12.29,9,5.5305,116.1405,2019,2.0,110.61,4.761904762,5.5305,8.0
749,2.0,0.0,1.0,5.0,81.23,7,28.4305,597.0405,2019,1.0,568.61,4.761904762,28.4305,9.0
750,1.0,0.0,0.0,0.0,22.32,4,4.464,93.744,2019,0.0,89.28,4.761904762,4.464,4.1
751,0.0,1.0,0.0,1.0,27.28,5,6.82,143.22,2019,2.0,136.4,4.761904762,6.82,8.6
752,0.0,0.0,0.0,2.0,17.42,10,8.71,182.91,2019,0.0,174.2,4.761904762,8.71,7.0
753,1.0,1.0,1.0,4.0,73.28,5,18.32,384.72,2019,0.0,366.4,4.761904762,18.32,8.4
754,2.0,0.0,0.0,0.0,84.87,3,12.7305,267.3405,2019,0.0,254.61,4.761904762,12.7305,7.4
755,0.0,1.0,0.0,0.0,97.29,8,38.916,817.236,2019,2.0,778.32,4.761904762,38.916,6.2
756,1.0,0.0,0.0,2.0,35.74,8,14.296,300.216,2019,0.0,285.92,4.761904762,14.296,4.9
757,0.0,1.0,0.0,4.0,96.52,6,28.956,608.076,2019,1.0,579.12,4.761904762,28.956,4.5
758,0.0,0.0,1.0,1.0,18.85,10,9.425,197.925,2019,0.0,188.5,4.761904762,9.425,5.6
759,0.0,1.0,0.0,1.0,55.39,4,11.078,232.638,2019,0.0,221.56,4.761904762,11.078,8.0
760,1.0,0.0,0.0,1.0,77.2,10,38.6,810.6,2019,2.0,772.0,4.761904762,38.6,5.6
761,1.0,1.0,1.0,2.0,72.13,10,36.065,757.365,2019,2.0,721.3,4.761904762,36.065,4.2
762,0.0,0.0,0.0,0.0,63.88,8,25.552,536.592,2019,0.0,511.04,4.761904762,25.552,9.9
763,0.0,0.0,0.0,5.0,10.69,5,2.6725,56.1225,2019,0.0,53.45,4.761904762,2.6725,7.6
764,0.0,0.0,1.0,5.0,55.5,4,11.1,233.1,2019,2.0,222.0,4.761904762,11.1,6.6
765,1.0,1.0,0.0,4.0,95.46,8,38.184,801.864,2019,0.0,763.68,4.761904762,38.184,4.7
766,2.0,1.0,0.0,0.0,76.06,3,11.409,239.589,2019,2.0,228.18,4.761904762,11.409,9.8
767,1.0,1.0,1.0,3.0,13.69,6,4.107,86.247,2019,1.0,82.14,4.761904762,4.107,6.3
768,1.0,1.0,0.0,2.0,95.64,4,19.128,401.688,2019,1.0,382.56,4.761904762,19.128,7.9
769,0.0,1.0,0.0,4.0,11.43,6,3.429,72.009,2019,1.0,68.58,4.761904762,3.429,7.7
770,1.0,0.0,0.0,3.0,95.54,4,19.108,401.268,2019,0.0,382.16,4.761904762,19.108,4.5
771,2.0,0.0,0.0,5.0,85.87,7,30.0545,631.1445,2019,2.0,601.09,4.761904762,30.0545,8.0
772,2.0,0.0,0.0,3.0,67.99,7,23.7965,499.7265,2019,0.0,475.93,4.761904762,23.7965,5.7
773,2.0,1.0,0.0,1.0,52.42,1,2.621,55.041,2019,2.0,52.42,4.761904762,2.621,6.3
774,2.0,0.0,1.0,1.0,65.65,2,6.565,137.865,2019,1.0,131.3,4.761904762,6.565,6.0
775,1.0,1.0,0.0,1.0,28.86,5,7.215,151.515,2019,2.0,144.3,4.761904762,7.215,8.0
776,2.0,0.0,1.0,5.0,65.31,7,22.8585,480.0285,2019,2.0,457.17,4.761904762,22.8585,4.2
777,1.0,1.0,1.0,3.0,93.38,1,4.669,98.049,2019,1.0,93.38,4.761904762,4.669,9.6
778,2.0,0.0,1.0,3.0,25.25,5,6.3125,132.5625,2019,1.0,126.25,4.761904762,6.3125,6.1
779,1.0,0.0,1.0,2.0,87.87,9,39.5415,830.3715,2019,0.0,790.83,4.761904762,39.5415,5.6
780,2.0,1.0,1.0,5.0,21.8,8,8.72,183.12,2019,1.0,174.4,4.761904762,8.72,8.3
781,0.0,1.0,0.0,3.0,94.76,4,18.952,397.992,2019,0.0,379.04,4.761904762,18.952,7.8
782,0.0,0.0,0.0,0.0,30.62,1,1.531,32.151,2019,2.0,30.62,4.761904762,1.531,4.1
783,2.0,1.0,0.0,4.0,44.01,8,17.604,369.684,2019,1.0,352.08,4.761904762,17.604,8.8
784,2.0,0.0,0.0,5.0,10.16,5,2.54,53.34,2019,0.0,50.8,4.761904762,2.54,4.1
785,0.0,1.0,1.0,2.0,74.58,7,26.103,548.163,2019,2.0,522.06,4.761904762,26.103,9.0
786,2.0,1.0,1.0,2.0,71.89,8,28.756,603.876,2019,0.0,575.12,4.761904762,28.756,5.5
787,2.0,1.0,0.0,5.0,10.99,5,2.7475,57.6975,2019,2.0,54.95,4.761904762,2.7475,9.3
788,2.0,0.0,1.0,5.0,60.47,3,9.0705,190.4805,2019,2.0,181.41,4.761904762,9.0705,5.6
789,0.0,1.0,1.0,3.0,58.91,7,20.6185,432.9885,2019,0.0,412.37,4.761904762,20.6185,9.7
790,0.0,1.0,1.0,0.0,46.41,1,2.3205,48.7305,2019,2.0,46.41,4.761904762,2.3205,4.0
791,2.0,0.0,1.0,5.0,68.55,4,13.71,287.91,2019,2.0,274.2,4.761904762,13.71,9.2
792,1.0,1.0,0.0,4.0,97.37,10,48.685,1022.385,2019,2.0,973.7,4.761904762,48.685,4.9
793,0.0,0.0,1.0,2.0,92.6,7,32.41,680.61,2019,2.0,648.2,4.761904762,32.41,9.3
794,0.0,1.0,0.0,2.0,46.61,2,4.661,97.881,2019,2.0,93.22,4.761904762,4.661,6.6
795,1.0,1.0,1.0,0.0,27.18,2,2.718,57.078,2019,0.0,54.36,4.761904762,2.718,4.3
796,2.0,0.0,0.0,4.0,60.87,1,3.0435,63.9135,2019,1.0,60.87,4.761904762,3.0435,5.5
797,0.0,0.0,0.0,3.0,24.49,10,12.245,257.145,2019,1.0,244.9,4.761904762,12.245,8.1
798,1.0,1.0,1.0,5.0,92.78,1,4.639,97.419,2019,2.0,92.78,4.761904762,4.639,9.8
799,2.0,0.0,1.0,4.0,86.69,5,21.6725,455.1225,2019,0.0,433.45,4.761904762,21.6725,9.4
800,1.0,1.0,1.0,3.0,23.01,6,6.903,144.963,2019,0.0,138.06,4.761904762,6.903,7.9
801,2.0,0.0,0.0,2.0,30.2,8,12.08,253.68,2019,0.0,241.6,4.761904762,12.08,5.1
802,2.0,0.0,1.0,0.0,67.39,7,23.5865,495.3165,2019,0.0,471.73,4.761904762,23.5865,6.9
803,0.0,0.0,0.0,0.0,48.96,9,22.032,462.672,2019,1.0,440.64,4.761904762,22.032,8.0
804,1.0,0.0,0.0,2.0,75.59,9,34.0155,714.3255,2019,1.0,680.31,4.761904762,34.0155,8.0
805,0.0,1.0,0.0,4.0,77.47,4,15.494,325.374,2019,1.0,309.88,4.761904762,15.494,4.2
806,0.0,1.0,0.0,3.0,93.18,2,9.318,195.678,2019,2.0,186.36,4.761904762,9.318,8.5
807,0.0,1.0,0.0,2.0,50.23,4,10.046,210.966,2019,1.0,200.92,4.761904762,10.046,9.0
808,1.0,1.0,0.0,5.0,17.75,1,0.8875,18.6375,2019,1.0,17.75,4.761904762,0.8875,8.6
809,2.0,1.0,0.0,0.0,62.18,10,31.09,652.89,2019,0.0,621.8,4.761904762,31.09,6.0
810,1.0,1.0,1.0,5.0,10.75,8,4.3,90.3,2019,0.0,86.0,4.761904762,4.3,6.2
811,0.0,1.0,0.0,2.0,40.26,10,20.13,422.73,2019,2.0,402.6,4.761904762,20.13,5.0
812,2.0,0.0,0.0,3.0,64.97,5,16.2425,341.0925,2019,2.0,324.85,4.761904762,16.2425,6.5
813,0.0,1.0,1.0,2.0,95.15,1,4.7575,99.9075,2019,1.0,95.15,4.761904762,4.7575,6.0
814,0.0,0.0,0.0,2.0,48.62,8,19.448,408.408,2019,1.0,388.96,4.761904762,19.448,5.0
815,1.0,1.0,0.0,1.0,53.21,8,21.284,446.964,2019,0.0,425.68,4.761904762,21.284,5.0
816,2.0,1.0,0.0,0.0,45.44,7,15.904,333.984,2019,1.0,318.08,4.761904762,15.904,9.2
817,0.0,1.0,1.0,1.0,33.88,8,13.552,284.592,2019,0.0,271.04,4.761904762,13.552,9.6
818,1.0,0.0,1.0,5.0,96.16,4,19.232,403.872,2019,2.0,384.64,4.761904762,19.232,8.4
819,1.0,0.0,1.0,1.0,47.16,5,11.79,247.59,2019,2.0,235.8,4.761904762,11.79,6.0
820,1.0,1.0,1.0,2.0,52.89,4,10.578,222.138,2019,0.0,211.56,4.761904762,10.578,6.7
821,0.0,0.0,0.0,4.0,47.68,2,4.768,100.128,2019,2.0,95.36,4.761904762,4.768,4.1
822,2.0,0.0,1.0,3.0,10.17,1,0.5085,10.6785,2019,1.0,10.17,4.761904762,0.5085,5.9
823,0.0,1.0,0.0,5.0,68.71,3,10.3065,216.4365,2019,1.0,206.13,4.761904762,10.3065,8.7
824,1.0,0.0,0.0,3.0,60.08,7,21.028,441.588,2019,2.0,420.56,4.761904762,21.028,4.5
825,0.0,0.0,0.0,3.0,22.01,4,4.402,92.442,2019,2.0,88.04,4.761904762,4.402,6.6
826,1.0,0.0,0.0,5.0,72.11,9,32.4495,681.4395,2019,2.0,648.99,4.761904762,32.4495,7.7
827,0.0,0.0,1.0,0.0,41.28,3,6.192,130.032,2019,2.0,123.84,4.761904762,6.192,8.5
828,2.0,1.0,1.0,2.0,64.95,10,32.475,681.975,2019,1.0,649.5,4.761904762,32.475,5.2
829,0.0,0.0,0.0,2.0,74.22,10,37.11,779.31,2019,2.0,742.2,4.761904762,37.11,4.3
830,0.0,1.0,1.0,2.0,10.56,8,4.224,88.704,2019,1.0,84.48,4.761904762,4.224,7.6
831,1.0,1.0,1.0,5.0,62.57,4,12.514,262.794,2019,1.0,250.28,4.761904762,12.514,9.5
832,1.0,0.0,0.0,3.0,11.85,8,4.74,99.54,2019,1.0,94.8,4.761904762,4.74,4.1
833,0.0,0.0,1.0,5.0,91.3,1,4.565,95.865,2019,0.0,91.3,4.761904762,4.565,9.2
834,1.0,0.0,0.0,4.0,40.73,7,14.2555,299.3655,2019,0.0,285.11,4.761904762,14.2555,5.4
835,0.0,1.0,1.0,0.0,52.38,1,2.619,54.999,2019,1.0,52.38,4.761904762,2.619,5.8
836,0.0,0.0,1.0,0.0,38.54,5,9.635,202.335,2019,0.0,192.7,4.761904762,9.635,5.6
837,1.0,1.0,1.0,3.0,44.63,6,13.389,281.169,2019,2.0,267.78,4.761904762,13.389,5.1
838,2.0,1.0,1.0,2.0,55.87,10,27.935,586.635,2019,1.0,558.7,4.761904762,27.935,5.8
839,2.0,0.0,0.0,3.0,29.22,6,8.766,184.086,2019,0.0,175.32,4.761904762,8.766,5.0
840,0.0,1.0,1.0,0.0,51.94,3,7.791,163.611,2019,1.0,155.82,4.761904762,7.791,7.9
841,1.0,1.0,1.0,2.0,60.3,1,3.015,63.315,2019,1.0,60.3,4.761904762,3.015,6.0
842,0.0,0.0,0.0,3.0,39.47,2,3.947,82.887,2019,2.0,78.94,4.761904762,3.947,5.0
843,2.0,0.0,0.0,1.0,14.87,2,1.487,31.227,2019,2.0,29.74,4.761904762,1.487,8.9
844,0.0,1.0,1.0,0.0,21.32,1,1.066,22.386,2019,1.0,21.32,4.761904762,1.066,5.9
845,0.0,0.0,1.0,2.0,93.78,3,14.067,295.407,2019,2.0,281.34,4.761904762,14.067,5.9
846,0.0,0.0,1.0,2.0,73.26,1,3.663,76.923,2019,0.0,73.26,4.761904762,3.663,9.7
847,2.0,1.0,0.0,3.0,22.38,1,1.119,23.499,2019,2.0,22.38,4.761904762,1.119,8.6
848,2.0,0.0,0.0,1.0,72.88,9,32.796,688.716,2019,1.0,655.92,4.761904762,32.796,4.0
849,0.0,1.0,0.0,0.0,99.1,6,29.73,624.33,2019,1.0,594.6,4.761904762,29.73,4.2
850,0.0,1.0,1.0,0.0,74.1,1,3.705,77.805,2019,1.0,74.1,4.761904762,3.705,9.2
851,0.0,1.0,0.0,0.0,98.48,2,9.848,206.808,2019,0.0,196.96,4.761904762,9.848,9.2
852,2.0,1.0,1.0,5.0,53.19,7,18.6165,390.9465,2019,0.0,372.33,4.761904762,18.6165,5.0
853,1.0,1.0,0.0,2.0,52.79,10,26.395,554.295,2019,0.0,527.9,4.761904762,26.395,10.0
854,0.0,0.0,0.0,5.0,95.95,5,23.9875,503.7375,2019,0.0,479.75,4.761904762,23.9875,8.8
855,1.0,1.0,0.0,0.0,36.51,9,16.4295,345.0195,2019,1.0,328.59,4.761904762,16.4295,4.2
856,1.0,1.0,1.0,1.0,21.12,8,8.448,177.408,2019,1.0,168.96,4.761904762,8.448,6.3
857,0.0,0.0,0.0,4.0,28.31,4,5.662,118.902,2019,1.0,113.24,4.761904762,5.662,8.2
858,1.0,1.0,1.0,5.0,57.59,6,17.277,362.817,2019,1.0,345.54,4.761904762,17.277,5.1
859,0.0,0.0,0.0,1.0,47.63,9,21.4335,450.1035,2019,1.0,428.67,4.761904762,21.4335,5.0
860,2.0,0.0,0.0,4.0,86.27,1,4.3135,90.5835,2019,0.0,86.27,4.761904762,4.3135,7.0
861,0.0,0.0,1.0,3.0,12.76,2,1.276,26.796,2019,0.0,25.52,4.761904762,1.276,7.8
862,1.0,1.0,0.0,4.0,11.28,9,5.076,106.596,2019,2.0,101.52,4.761904762,5.076,4.3
863,1.0,1.0,0.0,4.0,51.07,7,17.8745,375.3645,2019,1.0,357.49,4.761904762,17.8745,7.0
864,0.0,0.0,0.0,2.0,79.59,3,11.9385,250.7085,2019,1.0,238.77,4.761904762,11.9385,6.6
865,2.0,0.0,1.0,5.0,33.81,3,5.0715,106.5015,2019,0.0,101.43,4.761904762,5.0715,7.3
866,1.0,0.0,1.0,3.0,90.53,8,36.212,760.452,2019,2.0,724.24,4.761904762,36.212,6.5
867,2.0,0.0,0.0,5.0,62.82,2,6.282,131.922,2019,0.0,125.64,4.761904762,6.282,4.9
868,2.0,0.0,1.0,1.0,24.31,3,3.6465,76.5765,2019,2.0,72.93,4.761904762,3.6465,4.3
869,0.0,1.0,1.0,3.0,64.59,4,12.918,271.278,2019,0.0,258.36,4.761904762,12.918,9.3
870,0.0,0.0,1.0,1.0,24.82,7,8.687,182.427,2019,2.0,173.74,4.761904762,8.687,7.1
871,2.0,1.0,1.0,0.0,56.5,1,2.825,59.325,2019,0.0,56.5,4.761904762,2.825,9.6
872,1.0,0.0,0.0,2.0,21.43,10,10.715,225.015,2019,1.0,214.3,4.761904762,10.715,6.2
873,0.0,0.0,1.0,3.0,89.06,6,26.718,561.078,2019,1.0,534.36,4.761904762,26.718,9.9
874,0.0,0.0,1.0,4.0,23.29,4,4.658,97.818,2019,2.0,93.16,4.761904762,4.658,5.9
875,2.0,1.0,1.0,4.0,65.26,8,26.104,548.184,2019,0.0,522.08,4.761904762,26.104,6.3
876,2.0,0.0,1.0,0.0,52.35,1,2.6175,54.9675,2019,1.0,52.35,4.761904762,2.6175,4.0
877,1.0,0.0,1.0,2.0,39.75,1,1.9875,41.7375,2019,1.0,39.75,4.761904762,1.9875,6.1
878,0.0,1.0,0.0,2.0,90.02,8,36.008,756.168,2019,2.0,720.16,4.761904762,36.008,4.5
879,1.0,0.0,0.0,2.0,12.1,8,4.84,101.64,2019,0.0,96.8,4.761904762,4.84,8.6
880,1.0,0.0,0.0,1.0,33.21,10,16.605,348.705,2019,0.0,332.1,4.761904762,16.605,6.0
881,2.0,0.0,0.0,0.0,10.18,8,4.072,85.512,2019,2.0,81.44,4.761904762,4.072,9.5
882,1.0,0.0,1.0,3.0,31.99,10,15.995,335.895,2019,2.0,319.9,4.761904762,15.995,9.9
883,0.0,0.0,0.0,4.0,34.42,6,10.326,216.846,2019,0.0,206.52,4.761904762,10.326,7.5
884,0.0,0.0,0.0,1.0,83.34,2,8.334,175.014,2019,1.0,166.68,4.761904762,8.334,7.6
885,0.0,1.0,1.0,3.0,45.58,7,15.953,335.013,2019,1.0,319.06,4.761904762,15.953,5.0
886,0.0,0.0,1.0,1.0,87.9,1,4.395,92.295,2019,0.0,87.9,4.761904762,4.395,6.7
887,0.0,0.0,0.0,2.0,73.47,10,36.735,771.435,2019,0.0,734.7,4.761904762,36.735,9.5
888,2.0,1.0,0.0,0.0,12.19,8,4.876,102.396,2019,0.0,97.52,4.761904762,4.876,6.8
889,0.0,0.0,1.0,3.0,76.92,10,38.46,807.66,2019,0.0,769.2,4.761904762,38.46,5.6
890,2.0,1.0,0.0,5.0,83.66,5,20.915,439.215,2019,1.0,418.3,4.761904762,20.915,7.2
891,1.0,1.0,0.0,2.0,57.91,8,23.164,486.444,2019,1.0,463.28,4.761904762,23.164,8.1
892,2.0,0.0,0.0,0.0,92.49,5,23.1225,485.5725,2019,2.0,462.45,4.761904762,23.1225,8.6
893,1.0,1.0,1.0,2.0,28.38,5,7.095,148.995,2019,1.0,141.9,4.761904762,7.095,9.4
894,1.0,0.0,1.0,2.0,50.45,6,15.135,317.835,2019,2.0,302.7,4.761904762,15.135,8.9
895,1.0,1.0,1.0,5.0,99.16,8,39.664,832.944,2019,2.0,793.28,4.761904762,39.664,4.2
896,2.0,1.0,1.0,0.0,60.74,7,21.259,446.439,2019,0.0,425.18,4.761904762,21.259,5.0
897,2.0,0.0,0.0,1.0,47.27,6,14.181,297.801,2019,1.0,283.62,4.761904762,14.181,8.8
898,2.0,0.0,1.0,5.0,85.6,7,29.96,629.16,2019,1.0,599.2,4.761904762,29.96,5.3
899,0.0,0.0,1.0,1.0,35.04,9,15.768,331.128,2019,0.0,315.36,4.761904762,15.768,4.6
900,2.0,0.0,0.0,2.0,44.84,9,20.178,423.738,2019,2.0,403.56,4.761904762,20.178,7.5
901,1.0,1.0,1.0,4.0,45.97,4,9.194,193.074,2019,0.0,183.88,4.761904762,9.194,5.1
902,0.0,0.0,0.0,5.0,27.73,5,6.9325,145.5825,2019,2.0,138.65,4.761904762,6.9325,4.2
903,0.0,1.0,1.0,1.0,11.53,7,4.0355,84.7455,2019,1.0,80.71,4.761904762,4.0355,8.1
904,2.0,1.0,0.0,5.0,58.32,2,5.832,122.472,2019,0.0,116.64,4.761904762,5.832,6.0
905,2.0,0.0,0.0,4.0,78.38,4,15.676,329.196,2019,1.0,313.52,4.761904762,15.676,7.9
906,2.0,1.0,1.0,5.0,84.61,10,42.305,888.405,2019,2.0,846.1,4.761904762,42.305,8.8
907,1.0,1.0,0.0,5.0,82.88,5,20.72,435.12,2019,2.0,414.4,4.761904762,20.72,6.6
908,0.0,0.0,0.0,1.0,79.54,2,7.954,167.034,2019,0.0,159.08,4.761904762,7.954,6.2
909,1.0,1.0,0.0,4.0,49.01,10,24.505,514.605,2019,2.0,490.1,4.761904762,24.505,4.2
910,1.0,0.0,0.0,1.0,29.15,3,4.3725,91.8225,2019,2.0,87.45,4.761904762,4.3725,7.3
911,2.0,1.0,0.0,2.0,56.13,4,11.226,235.746,2019,0.0,224.52,4.761904762,11.226,8.6
912,0.0,1.0,0.0,4.0,93.12,8,37.248,782.208,2019,1.0,744.96,4.761904762,37.248,6.8
913,0.0,0.0,1.0,0.0,51.34,8,20.536,431.256,2019,0.0,410.72,4.761904762,20.536,7.6
914,0.0,0.0,0.0,1.0,99.6,3,14.94,313.74,2019,1.0,298.8,4.761904762,14.94,5.8
915,2.0,1.0,0.0,2.0,35.49,6,10.647,223.587,2019,1.0,212.94,4.761904762,10.647,4.1
916,2.0,0.0,1.0,3.0,42.85,1,2.1425,44.9925,2019,2.0,42.85,4.761904762,2.1425,9.3
917,0.0,1.0,0.0,0.0,94.67,4,18.934,397.614,2019,1.0,378.68,4.761904762,18.934,6.8
918,1.0,1.0,1.0,4.0,68.97,3,10.3455,217.2555,2019,0.0,206.91,4.761904762,10.3455,8.7
919,1.0,0.0,0.0,2.0,26.26,3,3.939,82.719,2019,0.0,78.78,4.761904762,3.939,6.3
920,2.0,0.0,0.0,4.0,35.79,9,16.1055,338.2155,2019,2.0,322.11,4.761904762,16.1055,5.1
921,1.0,1.0,0.0,4.0,16.37,6,4.911,103.131,2019,1.0,98.22,4.761904762,4.911,7.0
922,2.0,0.0,0.0,4.0,12.73,2,1.273,26.733,2019,2.0,25.46,4.761904762,1.273,5.2
923,2.0,1.0,0.0,3.0,83.14,7,29.099,611.079,2019,2.0,581.98,4.761904762,29.099,6.6
924,2.0,0.0,0.0,3.0,35.22,6,10.566,221.886,2019,0.0,211.32,4.761904762,10.566,6.5
925,1.0,1.0,0.0,2.0,13.78,4,2.756,57.876,2019,0.0,55.12,4.761904762,2.756,9.0
926,1.0,0.0,1.0,3.0,88.31,1,4.4155,92.7255,2019,2.0,88.31,4.761904762,4.4155,5.2
927,0.0,0.0,0.0,5.0,39.62,9,17.829,374.409,2019,2.0,356.58,4.761904762,17.829,6.8
928,1.0,1.0,0.0,2.0,88.25,9,39.7125,833.9625,2019,2.0,794.25,4.761904762,39.7125,7.6
929,1.0,1.0,1.0,3.0,25.31,2,2.531,53.151,2019,0.0,50.62,4.761904762,2.531,7.2
930,1.0,1.0,1.0,4.0,99.92,6,29.976,629.496,2019,0.0,599.52,4.761904762,29.976,7.1
931,2.0,0.0,0.0,0.0,83.35,2,8.335,175.035,2019,2.0,166.7,4.761904762,8.335,9.5
932,0.0,1.0,0.0,1.0,74.44,10,37.22,781.62,2019,0.0,744.4,4.761904762,37.22,5.1
933,2.0,1.0,1.0,5.0,64.08,7,22.428,470.988,2019,0.0,448.56,4.761904762,22.428,7.6
934,1.0,1.0,0.0,4.0,63.15,6,18.945,397.845,2019,0.0,378.9,4.761904762,18.945,9.8
935,2.0,0.0,1.0,4.0,85.72,3,12.858,270.018,2019,0.0,257.16,4.761904762,12.858,5.1
936,2.0,1.0,0.0,5.0,78.89,7,27.6115,579.8415,2019,0.0,552.23,4.761904762,27.6115,7.5
937,0.0,1.0,0.0,3.0,89.48,5,22.37,469.77,2019,1.0,447.4,4.761904762,22.37,7.4
938,0.0,0.0,0.0,5.0,92.09,3,13.8135,290.0835,2019,1.0,276.27,4.761904762,13.8135,4.2
939,2.0,1.0,0.0,1.0,57.29,6,17.187,360.927,2019,0.0,343.74,4.761904762,17.187,5.9
940,0.0,1.0,1.0,1.0,66.52,4,13.304,279.384,2019,0.0,266.08,4.761904762,13.304,6.9
941,2.0,0.0,1.0,0.0,99.82,9,44.919,943.299,2019,1.0,898.38,4.761904762,44.919,6.6
942,0.0,1.0,0.0,4.0,45.68,10,22.84,479.64,2019,0.0,456.8,4.761904762,22.84,5.7
943,0.0,1.0,1.0,5.0,50.79,5,12.6975,266.6475,2019,2.0,253.95,4.761904762,12.6975,5.3
944,0.0,0.0,1.0,5.0,10.08,7,3.528,74.088,2019,1.0,70.56,4.761904762,3.528,4.2
945,0.0,1.0,0.0,2.0,93.88,7,32.858,690.018,2019,2.0,657.16,4.761904762,32.858,7.3
946,2.0,0.0,1.0,2.0,84.25,2,8.425,176.925,2019,2.0,168.5,4.761904762,8.425,5.3
947,1.0,0.0,1.0,0.0,53.78,1,2.689,56.469,2019,0.0,53.78,4.761904762,2.689,4.7
948,2.0,0.0,1.0,4.0,35.81,5,8.9525,188.0025,2019,0.0,179.05,4.761904762,8.9525,7.9
949,1.0,1.0,0.0,1.0,26.43,8,10.572,222.012,2019,0.0,211.44,4.761904762,10.572,8.9
950,1.0,0.0,1.0,5.0,39.91,3,5.9865,125.7165,2019,0.0,119.73,4.761904762,5.9865,9.3
951,1.0,0.0,0.0,4.0,21.9,3,3.285,68.985,2019,0.0,65.7,4.761904762,3.285,4.7
952,1.0,0.0,0.0,1.0,62.85,4,12.57,263.97,2019,0.0,251.4,4.761904762,12.57,8.7
953,2.0,0.0,0.0,1.0,21.04,4,4.208,88.368,2019,1.0,84.16,4.761904762,4.208,7.6
954,1.0,0.0,1.0,4.0,65.91,6,19.773,415.233,2019,1.0,395.46,4.761904762,19.773,5.7
955,0.0,1.0,0.0,0.0,42.57,7,14.8995,312.8895,2019,1.0,297.99,4.761904762,14.8995,6.8
956,2.0,0.0,1.0,1.0,50.49,9,22.7205,477.1305,2019,1.0,454.41,4.761904762,22.7205,5.4
957,1.0,1.0,1.0,2.0,46.02,6,13.806,289.926,2019,1.0,276.12,4.761904762,13.806,7.1
958,2.0,1.0,0.0,4.0,15.8,10,7.9,165.9,2019,1.0,158.0,4.761904762,7.9,7.8
959,0.0,0.0,0.0,1.0,98.66,9,44.397,932.337,2019,1.0,887.94,4.761904762,44.397,8.4
960,2.0,0.0,1.0,0.0,91.98,1,4.599,96.579,2019,1.0,91.98,4.761904762,4.599,9.8
961,0.0,0.0,1.0,2.0,20.89,2,2.089,43.869,2019,1.0,41.78,4.761904762,2.089,9.8
962,0.0,1.0,0.0,0.0,15.5,1,0.775,16.275,2019,2.0,15.5,4.761904762,0.775,7.4
963,2.0,0.0,1.0,2.0,96.82,3,14.523,304.983,2019,1.0,290.46,4.761904762,14.523,6.7
964,1.0,1.0,1.0,1.0,33.33,2,3.333,69.993,2019,2.0,66.66,4.761904762,3.333,6.4
965,1.0,1.0,0.0,2.0,38.27,2,3.827,80.367,2019,2.0,76.54,4.761904762,3.827,5.8
966,0.0,1.0,0.0,4.0,33.3,9,14.985,314.685,2019,0.0,299.7,4.761904762,14.985,7.2
967,0.0,0.0,1.0,4.0,81.01,3,12.1515,255.1815,2019,2.0,243.03,4.761904762,12.1515,9.3
968,0.0,1.0,0.0,5.0,15.8,3,2.37,49.77,2019,1.0,47.4,4.761904762,2.37,9.5
969,1.0,0.0,0.0,2.0,34.49,5,8.6225,181.0725,2019,2.0,172.45,4.761904762,8.6225,9.0
970,1.0,0.0,0.0,1.0,84.63,10,42.315,888.615,2019,2.0,846.3,4.761904762,42.315,9.0
971,1.0,0.0,1.0,4.0,36.91,7,12.9185,271.2885,2019,0.0,258.37,4.761904762,12.9185,6.7
972,1.0,1.0,1.0,2.0,87.08,7,30.478,640.038,2019,1.0,609.56,4.761904762,30.478,5.5
973,0.0,1.0,1.0,4.0,80.08,3,12.012,252.252,2019,1.0,240.24,4.761904762,12.012,5.4
974,2.0,1.0,1.0,0.0,86.13,2,8.613,180.873,2019,1.0,172.26,4.761904762,8.613,8.2
975,1.0,0.0,1.0,0.0,49.92,2,4.992,104.832,2019,2.0,99.84,4.761904762,4.992,7.0
976,0.0,1.0,0.0,1.0,74.66,4,14.932,313.572,2019,1.0,298.64,4.761904762,14.932,8.5
977,1.0,0.0,1.0,1.0,26.6,6,7.98,167.58,2019,0.0,159.6,4.761904762,7.98,4.9
978,1.0,1.0,0.0,2.0,25.45,1,1.2725,26.7225,2019,2.0,25.45,4.761904762,1.2725,5.1
979,1.0,1.0,0.0,1.0,67.77,1,3.3885,71.1585,2019,2.0,67.77,4.761904762,3.3885,6.5
980,2.0,0.0,1.0,1.0,59.59,4,11.918,250.278,2019,1.0,238.36,4.761904762,11.918,9.8
981,0.0,1.0,1.0,5.0,58.15,4,11.63,244.23,2019,1.0,232.6,4.761904762,11.63,8.4
982,0.0,0.0,0.0,3.0,97.48,9,43.866,921.186,2019,0.0,877.32,4.761904762,43.866,7.4
983,2.0,1.0,1.0,5.0,99.96,7,34.986,734.706,2019,1.0,699.72,4.761904762,34.986,6.1
984,2.0,1.0,1.0,2.0,96.37,7,33.7295,708.3195,2019,1.0,674.59,4.761904762,33.7295,6.0
985,1.0,1.0,0.0,0.0,63.71,5,15.9275,334.4775,2019,0.0,318.55,4.761904762,15.9275,8.5
986,1.0,1.0,0.0,5.0,14.76,2,1.476,30.996,2019,0.0,29.52,4.761904762,1.476,4.3
987,1.0,0.0,1.0,5.0,62.0,8,24.8,520.8,2019,2.0,496.0,4.761904762,24.8,6.2
988,2.0,0.0,1.0,2.0,82.34,10,41.17,864.57,2019,0.0,823.4,4.761904762,41.17,4.3
989,1.0,0.0,1.0,5.0,75.37,8,30.148,633.108,2019,2.0,602.96,4.761904762,30.148,8.4
990,0.0,1.0,0.0,1.0,56.56,5,14.14,296.94,2019,2.0,282.8,4.761904762,14.14,4.5
991,1.0,1.0,0.0,3.0,76.6,10,38.3,804.3,2019,0.0,766.0,4.761904762,38.3,6.0
992,0.0,1.0,1.0,2.0,58.03,2,5.803,121.863,2019,0.0,116.06,4.761904762,5.803,8.8
993,1.0,1.0,1.0,0.0,17.49,10,8.745,183.645,2019,0.0,174.9,4.761904762,8.745,6.6
994,2.0,0.0,0.0,2.0,60.95,1,3.0475,63.9975,2019,0.0,60.95,4.761904762,3.0475,5.9
995,2.0,1.0,1.0,5.0,40.35,1,2.0175,42.3675,2019,0.0,40.35,4.761904762,2.0175,6.2
996,1.0,1.0,0.0,4.0,97.38,10,48.69,1022.49,2019,0.0,973.8,4.761904762,48.69,4.4
997,0.0,0.0,1.0,1.0,31.84,1,1.592,33.432,2019,1.0,31.84,4.761904762,1.592,7.7
998,0.0,1.0,1.0,4.0,65.82,1,3.291,69.111,2019,1.0,65.82,4.761904762,3.291,4.1
999,0.0,0.0,0.0,0.0,88.34,7,30.919,649.299,2019,1.0,618.38,4.761904762,30.919,6.6
