,work_year,experience_level,employment_type,salary,salary_currency,salary_in_usd,company_size,best_indication
0,2022,2,2,130000,10,130000,1,0.0
1,2022,2,2,90000,10,90000,1,0.0
2,2022,2,2,120000,10,120000,1,0.0
3,2022,2,2,100000,10,100000,1,0.0
4,2022,2,2,85000,10,85000,1,0.0
5,2022,2,2,78000,10,78000,1,0.0
6,2022,1,2,161000,10,161000,1,1.0
7,2022,1,2,110000,10,110000,1,0.0
8,2022,1,2,136000,10,136000,1,0.0
9,2022,1,2,104000,10,104000,1,0.0
10,2022,1,2,45000,20,47379,1,1.0
11,2022,1,2,36000,20,37903,1,1.0
12,2022,4,2,205000,10,205000,1,1.0
13,2022,4,2,160000,10,160000,1,1.0
14,2022,1,2,169000,10,169000,1,1.0
15,2022,1,2,110600,10,110600,1,0.0
16,2022,3,2,50000,30,61927,1,0.0
17,2022,3,2,40000,30,49542,1,0.0
18,2022,1,2,160000,10,160000,1,1.0
19,2022,1,2,130000,10,130000,1,0.0
20,2022,1,2,245000,10,245000,1,1.0
21,2022,1,2,180000,10,180000,1,1.0
22,2022,1,2,135000,10,135000,1,0.0
23,2022,1,2,100000,10,100000,1,0.0
24,2022,1,2,220000,10,220000,1,1.0
25,2022,1,2,150000,10,150000,1,1.0
26,2022,1,2,198440,10,198440,2,1.0
27,2022,1,2,144000,10,144000,2,0.0
28,2022,1,2,240000,10,240000,1,1.0
29,2022,1,2,170000,10,170000,1,1.0
30,2022,1,2,198440,10,198440,1,1.0
31,2022,1,2,144000,10,144000,1,0.0
32,2022,2,2,150000,10,150000,1,1.0
33,2022,2,2,100000,10,100000,1,0.0
34,2022,1,2,120000,10,120000,1,0.0
35,2022,1,2,95000,10,95000,1,0.0
36,2022,2,2,47000,30,58211,1,0.0
37,2022,3,2,64000,10,64000,2,0.0
38,2022,3,2,38000,20,40009,2,1.0
39,2022,1,2,187200,10,187200,1,1.0
40,2022,1,2,116100,10,116100,1,0.0
41,2022,1,2,150000,10,150000,1,1.0
42,2022,1,2,127000,10,127000,1,0.0
43,2022,1,2,275000,10,275000,1,1.0
44,2022,1,2,166000,10,166000,1,1.0
45,2022,1,2,159699,10,159699,1,1.0
46,2022,1,2,138938,10,138938,1,0.0
47,2022,3,2,76000,10,76000,2,0.0
48,2022,1,2,166700,10,166700,1,1.0
49,2022,1,2,119000,10,119000,1,0.0
50,2022,1,2,130000,10,130000,1,0.0
51,2022,1,2,100000,10,100000,1,0.0
52,2022,1,2,84000,30,104038,1,0.0
53,2022,1,2,75000,30,92891,1,0.0
54,2022,1,2,80000,10,80000,1,0.0
55,2022,1,2,52500,10,52500,1,0.0
56,2022,1,2,236000,10,236000,1,1.0
57,2022,1,2,182000,10,182000,1,1.0
58,2022,1,2,180000,10,180000,1,1.0
59,2022,1,2,140000,10,140000,1,0.0
60,2022,1,2,225000,10,225000,1,1.0
61,2022,1,2,156400,10,156400,1,1.0
62,2022,1,2,135000,10,135000,1,0.0
63,2022,1,2,100000,10,100000,1,0.0
64,2022,1,2,204500,10,204500,1,1.0
65,2022,1,2,142200,10,142200,1,0.0
66,2022,2,2,240000,10,240000,1,1.0
67,2022,3,1,125404,10,125404,0,0.0
68,2022,1,2,300000,10,300000,1,1.0
69,2022,1,2,130000,10,130000,1,0.0
70,2022,1,2,195000,10,195000,1,1.0
71,2022,1,2,175000,10,175000,1,1.0
72,2022,1,2,155000,10,155000,1,1.0
73,2022,1,2,110000,10,110000,1,0.0
74,2022,1,2,123000,10,123000,1,0.0
75,2022,1,2,92250,10,92250,1,0.0
76,2022,1,2,170000,10,170000,1,1.0
77,2022,1,2,150000,10,150000,1,1.0
78,2022,2,2,180000,10,180000,1,1.0
79,2022,2,2,100000,10,100000,1,0.0
80,2022,1,2,97000,10,97000,1,0.0
81,2022,1,2,90000,10,90000,1,0.0
82,2022,1,2,200000,10,200000,1,1.0
83,2022,1,2,160000,10,160000,1,1.0
84,2022,1,2,210000,10,210000,1,1.0
85,2022,1,2,180000,10,180000,1,1.0
86,2022,1,2,260000,10,260000,1,1.0
87,2022,1,2,180000,10,180000,1,1.0
88,2022,4,2,210000,10,210000,1,1.0
89,2022,4,2,157000,10,157000,1,1.0
90,2022,3,2,180000,10,180000,1,1.0
91,2022,3,2,100000,10,100000,1,0.0
92,2022,2,2,80000,10,80000,1,0.0
93,2022,2,2,52500,10,52500,1,0.0
94,2022,1,2,128000,10,128000,1,0.0
95,2022,1,2,81500,10,81500,1,0.0
96,2022,1,2,105000,10,105000,1,0.0
97,2022,1,2,70000,10,70000,1,0.0
98,2022,1,2,175000,10,175000,1,1.0
99,2022,1,2,122500,10,122500,1,0.0
100,2022,1,2,171000,10,171000,1,1.0
101,2022,1,2,117000,10,117000,1,0.0
102,2022,1,2,202800,10,202800,2,1.0
103,2022,1,2,104300,10,104300,2,0.0
104,2022,1,2,48000,20,50537,1,1.0
105,2022,1,2,35000,20,36850,1,1.0
106,2022,1,2,197000,10,197000,1,1.0
107,2022,1,2,99000,10,99000,1,0.0
108,2022,1,2,160000,10,160000,1,1.0
109,2022,1,2,110000,10,110000,1,0.0
110,2022,1,2,185900,10,185900,1,1.0
111,2022,1,2,129300,10,129300,1,0.0
112,2021,1,2,5000,10,5000,2,0.0
113,2022,2,2,30000,10,30000,2,0.0
114,2022,2,2,78000,10,78000,1,0.0
115,2022,2,2,48000,10,48000,1,0.0
116,2022,1,2,170000,10,170000,1,1.0
117,2022,1,2,130000,10,130000,1,0.0
118,2022,1,2,150000,10,150000,1,1.0
119,2022,1,2,95000,10,95000,1,0.0
120,2022,2,2,78000,10,78000,1,0.0
121,2022,2,2,42000,10,42000,1,0.0
122,2022,1,2,345600,10,345600,1,1.0
123,2022,1,2,230400,10,230400,1,1.0
124,2022,1,2,145000,10,145000,1,0.0
125,2022,1,2,115000,10,115000,1,0.0
126,2022,2,2,78000,10,78000,1,0.0
127,2022,2,2,48000,10,48000,1,0.0
128,2022,1,2,175950,10,175950,1,1.0
129,2022,1,2,130050,10,130050,1,0.0
130,2022,1,2,205600,10,205600,2,1.0
131,2022,1,2,105700,10,105700,2,0.0
132,2022,1,2,236600,10,236600,1,1.0
133,2022,1,2,89200,10,89200,1,0.0
134,2022,2,2,84000,10,84000,1,0.0
135,2022,2,2,54000,10,54000,1,0.0
136,2022,3,2,80000,10,80000,2,0.0
137,2022,1,2,200000,10,200000,0,1.0
138,2022,3,2,96000,50,74286,2,0.0
139,2022,1,2,165000,10,165000,0,1.0
140,2022,3,2,27000,30,33440,2,0.0
141,2022,1,2,185900,10,185900,1,1.0
142,2022,1,2,129300,10,129300,1,0.0
143,2022,1,2,169000,10,169000,1,1.0
144,2022,1,2,110600,10,110600,1,0.0
145,2021,3,2,400000,40,5409,2,0.0
146,2021,2,2,100000,60,75050,2,0.0
147,2022,1,2,225000,10,225000,1,1.0
148,2022,1,2,184100,10,184100,1,1.0
149,2022,1,2,185900,10,185900,1,1.0
150,2022,1,2,129300,10,129300,1,0.0
151,2022,1,2,225000,10,225000,1,1.0
152,2022,1,2,156400,10,156400,1,1.0
153,2022,1,2,185900,10,185900,1,1.0
154,2022,1,2,129300,10,129300,1,0.0
155,2022,3,2,108000,10,108000,0,0.0
156,2022,1,2,8000,10,8000,2,0.0
157,2022,1,2,155000,10,155000,1,1.0
158,2022,1,2,38000,10,38000,1,0.0
159,2022,2,2,85000,10,85000,1,0.0
160,2022,2,2,65000,10,65000,1,0.0
161,2022,1,2,155000,10,155000,1,1.0
162,2022,1,2,38000,10,38000,1,0.0
163,2022,2,2,90000,30,111469,1,0.0
164,2022,2,2,75000,30,92891,1,0.0
165,2022,1,2,153600,10,153600,1,1.0
166,2022,1,2,106800,10,106800,1,0.0
167,2022,1,2,185000,10,185000,1,1.0
168,2022,1,2,50000,10,50000,1,0.0
169,2022,1,2,185900,10,185900,1,1.0
170,2022,1,2,129300,10,129300,1,0.0
171,2022,1,2,155000,10,155000,1,1.0
172,2022,1,2,38000,10,38000,1,0.0
173,2022,1,2,168000,10,168000,1,1.0
174,2022,1,2,130000,10,130000,1,0.0
175,2022,1,2,123400,10,123400,1,0.0
176,2022,1,2,88100,10,88100,1,0.0
177,2022,1,2,120000,10,120000,0,0.0
178,2022,1,2,55000,10,55000,0,0.0
179,2022,1,2,185900,10,185900,1,1.0
180,2022,1,2,129300,10,129300,1,0.0
181,2022,1,2,191200,10,191200,1,1.0
182,2022,1,2,130000,10,130000,1,0.0
183,2022,1,2,169000,10,169000,1,1.0
184,2022,1,2,110600,10,110600,1,0.0
185,2022,1,2,150000,10,150000,1,1.0
186,2022,1,2,120000,10,120000,1,0.0
187,2022,1,2,139000,10,139000,1,0.0
188,2022,1,2,122000,10,122000,1,0.0
189,2022,1,2,185900,10,185900,1,1.0
190,2022,1,2,129300,10,129300,1,0.0
191,2022,1,2,139600,10,139600,1,0.0
192,2022,1,2,85700,10,85700,1,0.0
193,2022,1,2,185000,10,185000,1,1.0
194,2022,1,2,50000,10,50000,1,0.0
195,2022,1,2,185900,10,185900,1,1.0
196,2022,1,2,129300,10,129300,1,0.0
197,2022,1,2,225000,10,225000,1,1.0
198,2022,1,2,156400,10,156400,1,1.0
199,2022,1,2,200000,10,200000,1,1.0
200,2022,1,2,175000,10,175000,1,1.0
201,2022,1,2,185900,10,185900,1,1.0
202,2022,1,2,129300,10,129300,1,0.0
203,2022,2,2,148500,10,148500,2,0.0
204,2022,2,2,98200,10,98200,2,0.0
205,2022,1,2,115000,10,115000,1,0.0
206,2022,1,2,95000,10,95000,1,0.0
207,2022,1,2,225000,10,225000,1,1.0
208,2022,1,2,66000,10,66000,1,0.0
209,2022,1,2,185000,10,185000,1,1.0
210,2022,1,2,50000,10,50000,1,0.0
211,2022,1,2,45000,20,47379,1,1.0
212,2022,1,2,36000,20,37903,1,1.0
213,2022,2,2,134000,10,134000,1,0.0
214,2022,2,2,98000,10,98000,1,0.0
215,2022,2,2,105000,10,105000,1,0.0
216,2022,2,2,62000,10,62000,1,0.0
217,2022,3,2,57000,10,57000,2,0.0
218,2022,1,2,210000,50,162502,1,0.0
219,2022,2,2,144200,10,144200,1,0.0
220,2022,2,2,115360,10,115360,1,0.0
221,2022,2,2,120000,60,83793,2,0.0
222,2022,1,2,3000000,40,38483,2,0.0
223,2022,1,2,70000,20,73701,1,1.0
224,2022,1,2,40000,20,42114,1,1.0
225,2022,1,2,170000,10,170000,1,1.0
226,2022,1,2,150000,10,150000,1,1.0
227,2022,1,2,180000,10,180000,1,1.0
228,2022,1,2,160000,10,160000,1,1.0
229,2022,2,2,108000,10,108000,2,0.0
230,2022,1,2,200000,10,200000,1,1.0
231,2022,1,2,150000,10,150000,1,1.0
232,2022,4,2,164000,50,126906,2,0.0
233,2022,1,2,188700,10,188700,1,1.0
234,2022,1,2,160395,10,160395,1,1.0
235,2022,1,2,115934,10,115934,1,0.0
236,2022,1,2,81666,10,81666,1,0.0
237,2022,1,2,300000,10,300000,1,1.0
238,2022,1,2,225000,10,225000,1,1.0
239,2022,1,2,198440,10,198440,1,1.0
240,2022,1,2,144000,10,144000,1,0.0
241,2022,1,2,191475,10,191475,1,1.0
242,2022,1,2,141525,10,141525,1,0.0
243,2022,1,2,48000,20,50537,1,1.0
244,2022,1,2,35000,20,36850,1,1.0
245,2022,2,2,72000,20,75806,0,1.0
246,2022,1,2,156868,10,156868,2,1.0
247,2022,1,2,200000,10,200000,0,1.0
248,2022,1,2,198440,10,198440,2,1.0
249,2022,1,2,144000,10,144000,2,0.0
250,2022,1,2,66000,20,69489,2,1.0
251,2022,2,2,120000,170,5132,1,0.0
252,2022,1,3,90000,10,90000,1,0.0
253,2022,2,2,120000,20,126344,0,1.0
254,2022,2,2,80000,20,84229,0,1.0
255,2022,1,2,200000,10,200000,1,1.0
256,2022,1,2,180000,10,180000,1,1.0
257,2022,2,2,108000,10,108000,1,0.0
258,2022,2,2,85000,10,85000,1,0.0
259,2022,1,2,210000,10,210000,1,1.0
260,2022,1,2,180000,10,180000,1,1.0
261,2022,1,2,165000,10,165000,1,1.0
262,2022,1,2,132000,10,132000,1,0.0
263,2022,1,2,130000,10,130000,1,0.0
264,2022,1,2,110000,10,110000,1,0.0
265,2022,2,2,65000,60,45388,2,0.0
266,2021,3,2,56000,60,42028,2,0.0
267,2022,2,2,135000,10,135000,2,0.0
268,2022,1,2,178800,10,178800,2,1.0
269,2022,1,2,132100,10,132100,2,0.0
270,2022,3,2,20000,10,20000,1,0.0
271,2022,1,2,140000,10,140000,1,0.0
272,2022,1,2,110000,10,110000,1,0.0
273,2022,1,2,160000,10,160000,1,1.0
274,2022,1,2,85000,10,85000,1,0.0
275,2022,1,2,250000,10,250000,1,1.0
276,2022,1,2,63000,10,63000,1,0.0
277,2022,4,2,187200,10,187200,1,1.0
278,2022,4,2,116100,10,116100,1,0.0
279,2022,2,2,10000,10,10000,1,0.0
280,2022,1,2,200000,10,200000,1,1.0
281,2022,1,2,145000,10,145000,1,0.0
282,2022,1,2,229998,10,229998,2,1.0
283,2022,1,2,154545,10,154545,2,1.0
284,2022,1,2,215000,10,215000,2,1.0
285,2022,1,2,159000,10,159000,2,1.0
286,2022,1,2,229998,10,229998,2,1.0
287,2022,1,2,154545,10,154545,2,1.0
288,2022,3,2,50000,10,50000,1,0.0
289,2022,1,2,183000,10,183000,2,1.0
290,2022,1,2,99750,10,99750,1,0.0
291,2022,1,2,68400,10,68400,1,0.0
292,2022,1,2,236900,10,236900,2,1.0
293,2022,1,2,159200,10,159200,2,1.0
294,2022,1,2,243225,10,243225,1,1.0
295,2022,1,2,179775,10,179775,1,1.0
296,2022,1,2,175000,10,175000,1,1.0
297,2022,1,2,150000,10,150000,1,1.0
298,2022,1,2,210000,10,210000,1,1.0
299,2022,1,2,180000,10,180000,1,1.0
300,2022,1,2,148000,10,148000,1,0.0
301,2022,1,2,128000,10,128000,1,0.0
302,2022,1,2,190000,10,190000,1,1.0
303,2022,1,2,135000,10,135000,1,0.0
304,2022,1,2,130000,10,130000,1,0.0
305,2022,1,2,110000,10,110000,1,0.0
306,2022,1,2,191475,10,191475,1,1.0
307,2022,1,2,141525,10,141525,1,0.0
308,2022,1,2,160000,10,160000,1,1.0
309,2022,1,2,85000,10,85000,1,0.0
310,2022,1,2,218000,10,218000,1,1.0
311,2022,1,2,145300,10,145300,1,0.0
312,2022,1,2,195400,10,195400,2,1.0
313,2022,1,2,131300,10,131300,2,0.0
314,2022,3,2,105000,10,105000,2,0.0
315,2022,1,2,191475,10,191475,1,1.0
316,2022,1,2,141525,10,141525,1,0.0
317,2022,1,2,207000,10,207000,1,1.0
318,2022,1,2,153000,10,153000,1,1.0
319,2022,1,2,191475,10,191475,1,1.0
320,2022,1,2,141525,10,141525,1,0.0
321,2022,1,2,110000,10,110000,1,0.0
322,2022,1,2,99000,10,99000,1,0.0
323,2022,1,2,191475,10,191475,1,1.0
324,2022,1,2,141525,10,141525,1,0.0
325,2022,1,2,191475,10,191475,1,1.0
326,2022,1,2,141525,10,141525,1,0.0
327,2022,1,2,191475,10,191475,1,1.0
328,2022,1,2,141525,10,141525,1,0.0
329,2022,1,2,200000,10,200000,1,1.0
330,2022,1,2,135000,10,135000,1,0.0
331,2022,1,2,207000,10,207000,1,1.0
332,2022,1,2,153000,10,153000,1,1.0
333,2022,1,2,191475,10,191475,1,1.0
334,2022,1,2,141525,10,141525,1,0.0
335,2022,1,2,191475,10,191475,1,1.0
336,2022,1,2,141525,10,141525,1,0.0
337,2022,1,2,191475,10,191475,1,1.0
338,2022,1,2,141525,10,141525,1,0.0
339,2022,1,2,195700,10,195700,1,1.0
340,2022,1,2,130500,10,130500,1,0.0
341,2022,1,2,130000,10,130000,1,0.0
342,2022,1,2,84000,10,84000,1,0.0
343,2022,2,2,100000,10,100000,1,0.0
344,2022,2,2,60000,10,60000,1,0.0
345,2022,2,2,65000,30,80505,1,0.0
346,2022,2,2,55000,30,68120,1,0.0
347,2022,1,2,141300,10,141300,1,0.0
348,2022,1,2,102100,10,102100,1,0.0
349,2022,1,2,48000,20,50537,1,1.0
350,2022,1,2,35000,20,36850,1,1.0
351,2022,2,2,150000,10,150000,2,1.0
352,2022,2,2,83000,30,102799,1,0.0
353,2022,3,2,1800000,40,23090,1,0.0
354,2022,1,2,144000,10,144000,1,0.0
355,2022,1,2,113000,10,113000,1,0.0
356,2022,3,2,30000,20,31586,1,1.0
357,2022,1,2,195400,10,195400,2,1.0
358,2022,1,2,131300,10,131300,2,0.0
359,2022,1,2,195400,10,195400,2,1.0
360,2022,1,2,131300,10,131300,2,0.0
361,2022,1,2,195400,10,195400,2,1.0
362,2022,1,2,131300,10,131300,2,0.0
363,2022,1,2,190000,10,190000,1,1.0
364,2022,1,2,135000,10,135000,1,0.0
365,2022,1,2,135000,10,135000,1,0.0
366,2022,1,2,80000,10,80000,1,0.0
367,2022,3,2,633000,40,8120,1,0.0
368,2022,1,2,160000,10,160000,1,1.0
369,2022,1,2,85000,10,85000,1,0.0
370,2022,1,2,178800,10,178800,2,1.0
371,2022,1,2,132100,10,132100,2,0.0
372,2022,2,3,60000,10,60000,0,0.0
373,2022,1,2,60000,20,63172,0,1.0
374,2022,3,2,50000,10,50000,2,0.0
375,2022,1,2,140000,10,140000,1,0.0
376,2022,1,2,105000,10,105000,1,0.0
377,2022,2,2,65000,30,80505,1,0.0
378,2022,2,2,55000,30,68120,1,0.0
379,2022,1,2,190000,10,190000,1,1.0
380,2022,1,2,140000,10,140000,1,0.0
381,2022,2,2,100000,10,100000,1,0.0
382,2022,2,2,60000,10,60000,1,0.0
383,2022,1,2,180000,10,180000,2,1.0
384,2022,1,2,165000,10,165000,2,1.0
385,2022,1,2,108000,10,108000,2,0.0
386,2021,3,2,20000,10,20000,1,0.0
387,2022,1,2,190000,10,190000,1,1.0
388,2022,1,2,135000,10,135000,1,0.0
389,2022,1,2,179400,10,179400,1,1.0
390,2022,1,2,154000,10,154000,1,1.0
391,2022,1,2,193900,10,193900,1,1.0
392,2022,1,2,129300,10,129300,1,0.0
393,2022,4,2,222640,10,222640,1,1.0
394,2022,4,2,182160,10,182160,1,1.0
395,2022,2,2,150000,10,150000,1,1.0
396,2022,2,2,100000,10,100000,1,0.0
397,2022,1,2,122500,10,122500,1,0.0
398,2022,1,2,100000,10,100000,1,0.0
399,2022,4,2,297500,10,297500,1,1.0
400,2022,4,2,260000,10,260000,1,1.0
401,2021,3,2,15000,10,15000,2,0.0
402,2022,1,2,193000,10,193000,1,1.0
403,2022,3,2,93000,10,93000,1,0.0
404,2022,3,2,73000,10,73000,1,0.0
405,2022,2,2,100000,10,100000,1,0.0
406,2022,2,2,60000,10,60000,1,0.0
407,2022,3,2,40300,70,7828,2,0.0
408,2022,1,2,136994,10,136994,1,0.0
409,2022,1,2,101570,10,101570,1,0.0
410,2022,1,2,250000,10,250000,1,1.0
411,2022,1,2,63000,10,63000,1,0.0
412,2022,2,2,134000,10,134000,1,0.0
413,2022,2,2,98000,10,98000,1,0.0
414,2022,1,2,191475,10,191475,1,1.0
415,2022,1,2,141525,10,141525,1,0.0
416,2022,1,2,55000,20,57908,2,1.0
417,2022,2,2,136000,10,136000,1,0.0
418,2022,2,2,112000,10,112000,1,0.0
419,2022,1,2,172000,10,172000,1,1.0
420,2022,1,2,140000,10,140000,1,0.0
421,2022,1,2,215000,10,215000,1,1.0
422,2022,1,2,164000,10,164000,1,1.0
423,2022,1,2,300000,10,300000,1,1.0
424,2022,1,2,130000,10,130000,1,0.0
425,2022,1,2,250000,10,250000,1,1.0
426,2022,1,2,63000,10,63000,1,0.0
427,2022,1,2,180000,10,180000,1,1.0
428,2022,1,2,150000,10,150000,1,1.0
429,2021,3,2,33000,30,45390,2,0.0
430,2022,1,2,250000,10,250000,1,1.0
431,2022,1,2,63000,10,63000,1,0.0
432,2022,1,2,191475,10,191475,1,1.0
433,2022,1,2,141525,10,141525,1,0.0
434,2022,2,2,97500,10,97500,2,0.0
435,2022,1,2,212800,10,212800,1,1.0
436,2022,1,2,142800,10,142800,1,0.0
437,2022,2,2,70000,20,73701,2,1.0
438,2022,3,2,50000,10,50000,1,0.0
439,2022,3,2,500000,40,6413,2,0.0
440,2022,1,2,151800,10,151800,1,1.0
441,2022,1,2,130240,10,130240,1,0.0
442,2022,1,2,165000,10,165000,1,1.0
443,2022,1,2,140250,10,140250,1,0.0
444,2022,1,2,135000,10,135000,1,0.0
445,2022,1,2,115000,10,115000,1,0.0
446,2022,1,2,179400,10,179400,1,1.0
447,2022,1,2,154000,10,154000,1,1.0
448,2022,1,2,191475,10,191475,1,1.0
449,2022,1,2,141525,10,141525,1,0.0
450,2022,1,2,191475,10,191475,1,1.0
451,2022,1,2,141525,10,141525,1,0.0
452,2022,1,2,191475,10,191475,1,1.0
453,2022,1,2,141525,10,141525,1,0.0
454,2022,2,2,75000,10,75000,1,0.0
455,2022,2,2,80000,20,84229,1,1.0
456,2022,2,2,70000,20,73701,1,1.0
457,2022,2,2,80000,30,99084,1,0.0
458,2022,2,2,70000,30,86698,1,0.0
459,2022,2,2,80000,20,84229,1,1.0
460,2022,2,2,70000,20,73701,1,1.0
461,2022,1,2,191475,10,191475,1,1.0
462,2022,1,2,141525,10,141525,1,0.0
463,2022,1,2,191475,10,191475,1,1.0
464,2022,1,2,141525,10,141525,1,0.0
465,2022,1,2,83376,30,103265,1,0.0
466,2022,1,2,65004,30,80510,1,0.0
467,2022,1,2,191475,10,191475,1,1.0
468,2022,1,2,141525,10,141525,1,0.0
469,2022,1,2,84958,30,105224,1,0.0
470,2022,1,2,66822,30,82762,1,0.0
471,2022,1,2,191475,10,191475,1,1.0
472,2022,1,2,141525,10,141525,1,0.0
473,2022,1,2,191475,10,191475,1,1.0
474,2022,1,2,141525,10,141525,1,0.0
475,2022,1,2,115000,10,115000,2,0.0
476,2022,3,2,30000,20,31586,1,1.0
477,2022,1,2,81000,10,81000,1,0.0
478,2022,1,2,66000,10,66000,1,0.0
479,2022,3,2,46000,10,46000,2,0.0
480,2022,3,2,80000,10,80000,2,0.0
481,2022,4,2,200000,10,200000,0,1.0
482,2022,4,2,180000,10,180000,0,1.0
483,2022,4,2,200000,10,200000,0,1.0
484,2022,1,2,204100,10,204100,1,1.0
485,2022,1,2,136100,10,136100,1,0.0
486,2022,1,2,250000,10,250000,1,1.0
487,2022,1,2,63000,10,63000,1,0.0
488,2022,2,2,96000,30,118900,1,0.0
489,2022,2,2,90000,30,111469,1,0.0
490,2021,3,1,120000,120,19073,2,0.0
491,2022,1,2,191475,10,191475,1,1.0
492,2022,1,2,141525,10,141525,1,0.0
493,2022,1,2,191475,10,191475,1,1.0
494,2022,1,2,141525,10,141525,1,0.0
495,2022,1,2,191475,10,191475,1,1.0
496,2022,1,2,141525,10,141525,1,0.0
497,2022,1,2,95000,10,95000,1,0.0
498,2022,1,2,70000,10,70000,1,0.0
499,2022,2,2,75000,10,75000,1,0.0
500,2022,2,3,7500,10,7500,1,0.0
501,2022,2,2,113000,10,113000,2,0.0
502,2022,1,2,170000,10,170000,1,1.0
503,2022,1,2,130000,10,130000,1,0.0
504,2022,2,2,113000,10,113000,2,0.0
505,2022,2,2,140000,10,140000,1,0.0
506,2021,1,2,50000,10,50000,0,0.0
507,2022,2,2,77000,60,53767,1,0.0
508,2022,1,2,175000,10,175000,1,1.0
509,2022,1,2,140000,10,140000,1,0.0
510,2022,3,2,2324,10,2324,2,0.0
511,2022,1,2,28500,20,30006,0,1.0
512,2022,1,2,250000,10,250000,1,1.0
513,2022,1,2,63000,10,63000,1,0.0
514,2022,1,2,160000,10,160000,2,1.0
515,2022,1,2,119300,10,119300,2,0.0
516,2022,2,2,145000,10,145000,2,0.0
517,2022,1,2,105000,10,105000,1,0.0
518,2022,1,2,90000,10,90000,1,0.0
519,2022,1,2,146200,10,146200,1,0.0
520,2022,1,2,124270,10,124270,1,0.0
521,2022,2,2,225000,10,225000,1,1.0
522,2022,2,2,160000,10,160000,1,1.0
523,2022,2,2,52000,20,54749,0,1.0
524,2022,1,2,185800,10,185800,1,1.0
525,2022,1,2,137400,10,137400,1,0.0
526,2022,1,2,245000,10,245000,1,1.0
527,2022,1,2,180000,10,180000,1,1.0
528,2022,1,2,203500,10,203500,1,1.0
529,2022,1,2,152000,10,152000,1,1.0
530,2022,1,2,250000,10,250000,1,1.0
531,2022,1,2,63000,10,63000,1,0.0
532,2022,1,2,186000,10,186000,1,1.0
533,2022,1,2,148800,10,148800,1,0.0
534,2022,1,2,7500000,40,96209,2,0.0
535,2022,2,2,104000,30,128809,2,0.0
536,2022,3,2,82000,10,82000,2,0.0
537,2022,3,1,110000,10,110000,1,0.0
538,2022,2,2,173000,10,173000,1,1.0
539,2022,1,2,203500,10,203500,1,1.0
540,2022,1,2,152000,10,152000,1,1.0
541,2022,1,2,186000,10,186000,1,1.0
542,2022,1,2,148800,10,148800,1,0.0
543,2022,3,2,32400,70,6294,2,0.0
544,2022,2,2,158000,10,158000,1,1.0
545,2022,2,2,134000,10,134000,1,0.0
546,2022,1,2,170000,10,170000,1,1.0
547,2022,1,2,120000,10,120000,1,0.0
548,2022,4,2,200000,10,200000,1,1.0
549,2022,4,2,150000,10,150000,1,1.0
550,2022,1,2,216200,10,216200,1,1.0
551,2022,1,2,144100,10,144100,1,0.0
552,2022,2,2,110000,20,115816,1,1.0
553,2022,2,2,85000,20,89494,1,1.0
554,2022,1,2,250000,10,250000,1,1.0
555,2022,1,2,63000,10,63000,1,0.0
556,2022,1,2,135000,10,135000,1,0.0
557,2022,1,2,85000,10,85000,1,0.0
558,2022,1,2,135000,10,135000,1,0.0
559,2022,1,2,85000,10,85000,1,0.0
560,2022,1,2,206000,10,206000,1,1.0
561,2022,1,2,175100,10,175100,1,1.0
562,2022,1,2,189650,10,189650,1,1.0
563,2022,1,2,164996,10,164996,1,1.0
564,2022,1,2,149040,10,149040,1,0.0
565,2022,1,2,113900,10,113900,1,0.0
566,2022,1,2,154000,10,154000,1,1.0
567,2022,1,2,126000,10,126000,1,0.0
568,2022,1,2,200000,10,200000,2,1.0
569,2022,1,2,150000,10,150000,2,1.0
570,2022,1,2,195700,10,195700,1,1.0
571,2022,1,2,130500,10,130500,1,0.0
572,2022,1,2,170000,10,170000,1,1.0
573,2022,1,2,135000,10,135000,1,0.0
574,2022,2,2,80000,30,99084,1,0.0
575,2022,2,2,60000,30,74313,1,0.0
576,2022,1,2,117000,10,117000,1,0.0
577,2022,1,2,99450,10,99450,1,0.0
578,2022,1,2,200000,10,200000,1,1.0
579,2022,1,2,135000,10,135000,1,0.0
580,2022,1,2,193900,10,193900,1,1.0
581,2022,1,2,129300,10,129300,1,0.0
582,2022,3,2,45000,30,55734,0,0.0
583,2022,1,2,70000,30,86698,1,0.0
584,2022,1,2,50000,30,61927,1,0.0
585,2022,1,2,175000,10,175000,1,1.0
586,2022,1,2,130000,10,130000,1,0.0
587,2022,1,2,188100,10,188100,1,1.0
588,2022,1,2,139860,10,139860,1,0.0
589,2022,1,2,248700,10,248700,1,1.0
590,2022,1,2,167100,10,167100,1,1.0
591,2022,2,2,450000,40,5772,0,0.0
592,2022,1,2,123400,10,123400,1,0.0
593,2022,1,2,88100,10,88100,1,0.0
594,2022,2,2,48000,20,50537,0,1.0
595,2022,1,2,245000,10,245000,1,1.0
596,2022,1,2,205000,10,205000,1,1.0
597,2022,1,2,141300,10,141300,1,0.0
598,2022,1,2,102100,10,102100,1,0.0
599,2022,1,2,141300,10,141300,1,0.0
600,2022,1,2,102100,10,102100,1,0.0
601,2022,3,2,50000,10,50000,2,0.0
602,2022,3,2,80000,20,84229,2,1.0
603,2022,1,2,12500,70,2428,2,0.0
604,2022,2,2,50000,30,61927,0,0.0
605,2022,1,2,250000,10,250000,1,1.0
606,2022,1,2,63000,10,63000,1,0.0
607,2022,1,2,189500,10,189500,2,1.0
608,2022,1,2,140100,10,140100,2,0.0
609,2022,1,2,177600,10,177600,2,1.0
610,2022,1,2,131300,10,131300,2,0.0
611,2022,2,2,24000,10,24000,1,0.0
612,2022,2,2,24000,10,24000,1,0.0
613,2022,1,2,250000,10,250000,1,1.0
614,2022,1,2,63000,10,63000,1,0.0
615,2022,1,2,202900,10,202900,2,1.0
616,2022,1,2,131300,10,131300,2,0.0
617,2022,1,2,145000,10,145000,1,0.0
618,2022,1,2,115000,10,115000,1,0.0
619,2022,3,2,115000,10,115000,2,0.0
620,2022,2,2,193900,10,193900,1,1.0
621,2022,2,2,129300,10,129300,1,0.0
622,2022,1,2,180000,10,180000,2,1.0
623,2022,1,2,140000,10,140000,2,0.0
624,2022,2,2,216200,10,216200,1,1.0
625,2022,2,2,144100,10,144100,1,0.0
626,2022,1,2,216000,10,216000,1,1.0
627,2022,1,2,144000,10,144000,1,0.0
628,2022,3,2,150000,10,150000,2,1.0
629,2021,3,2,900000,40,12171,1,0.0
630,2022,2,2,4200000,40,53877,2,0.0
631,2022,3,2,50000,10,50000,1,0.0
632,2021,1,2,250000,10,250000,2,1.0
633,2022,4,2,80000,20,84229,2,1.0
634,2022,2,2,107000,30,132524,1,0.0
635,2022,1,2,48000,10,48000,0,0.0
636,2022,4,2,260500,10,260500,1,1.0
637,2022,4,2,175100,10,175100,1,1.0
638,2022,1,2,210000,10,210000,1,1.0
639,2022,1,2,100000,10,100000,1,0.0
640,2022,3,2,55000,10,55000,0,0.0
641,2022,2,2,130000,10,130000,1,0.0
642,2022,1,2,73400,20,77280,2,1.0
643,2022,3,2,49500,20,52117,0,1.0
644,2022,2,4,2400000,40,30787,0,0.0
645,2022,1,2,206699,10,206699,1,1.0
646,2022,1,2,99100,10,99100,1,0.0
647,2022,2,2,200000,10,200000,1,1.0
648,2022,2,2,54000,10,54000,1,0.0
649,2022,1,2,250000,10,250000,1,1.0
650,2022,1,2,63000,10,63000,1,0.0
651,2022,1,2,250000,10,250000,1,1.0
652,2022,1,2,63000,10,63000,1,0.0
653,2022,1,2,250000,10,250000,1,1.0
654,2022,1,2,63000,10,63000,1,0.0
655,2022,3,2,130000,10,130000,2,0.0
656,2022,1,2,100000,10,100000,2,0.0
657,2022,1,2,80000,10,80000,2,0.0
658,2022,1,2,160000,10,160000,2,1.0
659,2022,1,2,100000,10,100000,2,0.0
660,2022,1,2,221300,10,221300,2,1.0
661,2022,1,2,148700,10,148700,2,0.0
662,2022,3,2,30000,10,30000,2,0.0
663,2022,3,2,27000,20,28427,1,1.0
664,2022,2,2,74000,30,91652,1,0.0
665,2022,2,2,50000,30,61927,1,0.0
666,2022,2,2,58000,20,61066,0,1.0
667,2022,1,2,249260,10,249260,1,1.0
668,2022,1,2,185400,10,185400,1,1.0
669,2022,1,2,170000,10,170000,1,1.0
670,2022,1,2,130000,10,130000,1,0.0
671,2022,2,2,65000,30,80505,1,0.0
672,2022,1,2,128875,10,128875,1,0.0
673,2022,1,2,93700,10,93700,1,0.0
674,2022,1,2,180000,10,180000,1,1.0
675,2022,1,2,100000,10,100000,1,0.0
676,2022,1,2,136260,10,136260,1,0.0
677,2022,1,2,109280,10,109280,1,0.0
678,2022,1,2,160000,10,160000,2,1.0
679,2022,1,2,92000,10,92000,2,0.0
680,2022,1,2,200000,10,200000,1,1.0
681,2022,1,2,160000,10,160000,1,1.0
682,2022,2,2,110000,30,136240,1,0.0
683,2022,2,2,85000,30,105276,1,0.0
684,2022,1,2,117000,10,117000,1,0.0
685,2022,1,2,99450,10,99450,1,0.0
686,2022,3,2,240000,40,3078,0,0.0
687,2022,3,2,129000,10,129000,2,0.0
688,2022,3,2,86000,10,86000,2,0.0
689,2020,3,2,1000000,40,13493,2,0.0
690,2020,3,2,1000000,40,13493,2,0.0
691,2022,1,2,160000,10,160000,2,1.0
692,2022,1,2,119300,10,119300,2,0.0
693,2022,1,2,100000,10,100000,2,0.0
694,2022,2,2,25000,10,25000,1,0.0
695,2022,2,2,90000,110,65161,1,0.0
696,2022,2,2,200000,10,200000,1,1.0
697,2022,3,2,180000,10,180000,2,1.0
698,2022,2,2,153000,10,153000,2,1.0
699,2022,1,2,210000,10,210000,1,1.0
700,2022,1,2,100000,10,100000,1,0.0
701,2022,1,2,150075,10,150075,1,1.0
702,2022,1,2,110925,10,110925,1,0.0
703,2022,2,2,22800,10,22800,1,0.0
704,2022,1,2,160000,10,160000,2,1.0
705,2022,1,2,92000,10,92000,2,0.0
706,2022,1,2,202900,10,202900,2,1.0
707,2022,1,2,131300,10,131300,2,0.0
708,2020,3,2,20000,20,22809,1,1.0
709,2022,3,2,15000,10,15000,2,0.0
710,2022,1,2,175000,10,175000,1,1.0
711,2022,1,2,135000,10,135000,1,0.0
712,2022,1,2,193000,60,134768,2,0.0
713,2022,3,2,83000,10,83000,2,0.0
714,2022,2,2,75000,30,92891,1,0.0
715,2022,2,2,55000,30,68120,1,0.0
716,2022,1,2,186000,10,186000,1,1.0
717,2022,1,2,148800,10,148800,1,0.0
718,2022,1,2,112900,10,112900,1,0.0
719,2022,1,2,90320,10,90320,1,0.0
720,2022,1,2,240000,10,240000,1,1.0
721,2022,1,2,160000,10,160000,1,1.0
722,2022,1,2,300000,10,300000,1,1.0
723,2022,1,2,200000,10,200000,1,1.0
724,2022,2,2,62500,20,65804,0,1.0
725,2022,2,2,200000,10,200000,2,1.0
726,2022,2,2,95000,30,117662,1,0.0
727,2022,2,2,75000,30,92891,1,0.0
728,2022,2,2,120000,10,120000,1,0.0
729,2022,1,2,112900,10,112900,1,0.0
730,2022,1,2,90320,10,90320,1,0.0
731,2022,1,2,145000,10,145000,1,0.0
732,2022,1,2,105400,10,105400,1,0.0
733,2020,3,2,43200,20,49268,0,1.0
734,2022,2,2,90000,30,111469,1,0.0
735,2022,2,2,75000,30,92891,1,0.0
736,2022,1,2,215300,10,215300,2,1.0
737,2022,1,2,158200,10,158200,2,1.0
738,2022,1,2,209100,10,209100,2,1.0
739,2022,1,2,154600,10,154600,2,1.0
740,2022,1,2,115934,10,115934,1,0.0
741,2022,1,2,81666,10,81666,1,0.0
742,2022,1,2,175000,10,175000,1,1.0
743,2022,1,2,155000,10,155000,1,1.0
744,2022,2,2,80000,20,84229,1,1.0
745,2022,1,2,164000,10,164000,1,1.0
746,2022,1,2,132000,10,132000,1,0.0
747,2022,1,2,170000,10,170000,1,1.0
748,2022,1,2,123000,10,123000,1,0.0
749,2022,1,2,189650,10,189650,1,1.0
750,2022,1,2,164996,10,164996,1,1.0
751,2022,2,2,50000,20,52643,1,1.0
752,2022,2,2,50000,20,52643,1,1.0
753,2022,4,2,150000,50,116073,0,0.0
754,2022,1,2,165400,10,165400,1,1.0
755,2022,1,2,132320,10,132320,1,0.0
756,2022,1,2,208775,10,208775,1,1.0
757,2022,1,2,147800,10,147800,1,0.0
758,2022,1,2,136994,10,136994,1,0.0
759,2022,1,2,101570,10,101570,1,0.0
760,2022,1,2,128875,10,128875,1,0.0
761,2022,1,2,93700,10,93700,1,0.0
762,2022,4,2,6000000,40,76967,2,0.0
763,2022,3,2,28500,30,35298,2,0.0
764,2022,1,2,183600,10,183600,2,1.0
765,2022,1,2,100800,10,100800,2,0.0
766,2022,2,2,40000,30,49542,1,0.0
767,2022,2,2,30000,30,37156,1,0.0
768,2022,2,2,40000,20,42114,1,1.0
769,2022,2,2,30000,20,31586,1,1.0
770,2022,2,2,80000,20,84229,1,1.0
771,2022,2,2,70000,20,73701,1,1.0
772,2022,2,2,80000,30,99084,1,0.0
773,2022,2,2,70000,30,86698,1,0.0
774,2022,2,2,80000,20,84229,1,1.0
775,2022,2,2,70000,20,73701,1,1.0
776,2022,1,2,189650,10,189650,1,1.0
777,2022,1,2,164996,10,164996,1,1.0
778,2022,2,2,40000,20,42114,1,1.0
779,2022,2,2,30000,20,31586,1,1.0
780,2022,2,2,75000,30,92891,1,0.0
781,2022,2,2,60000,30,74313,1,0.0
782,2022,1,2,215300,10,215300,2,1.0
783,2022,1,2,140400,10,140400,2,0.0
784,2022,2,2,60000,20,63172,1,1.0
785,2022,2,2,45000,20,47379,1,1.0
786,2022,1,2,260000,10,260000,1,1.0
787,2022,1,2,180000,10,180000,1,1.0
788,2022,2,2,55000,30,68120,1,0.0
789,2022,2,2,35000,30,43349,1,0.0
790,2022,2,2,60000,20,63172,1,1.0
791,2022,2,2,45000,20,47379,1,1.0
792,2022,2,2,60000,30,74313,1,0.0
793,2022,2,2,45000,30,55734,1,0.0
794,2021,2,2,43200,20,51064,2,1.0
795,2022,1,2,60000,10,60000,2,0.0
796,2022,2,2,82900,10,82900,1,0.0
797,2022,2,2,63900,10,63900,1,0.0
798,2022,2,2,160000,10,160000,2,1.0
799,2022,2,2,112300,10,112300,2,0.0
800,2022,2,2,241000,10,241000,1,1.0
801,2022,2,2,159000,10,159000,1,1.0
802,2022,1,2,180000,10,180000,1,1.0
803,2022,1,2,80000,10,80000,1,0.0
804,2022,2,2,58000,10,58000,0,0.0
805,2022,2,2,58000,10,58000,0,0.0
806,2022,1,2,136000,10,136000,1,0.0
807,2022,1,2,108800,10,108800,1,0.0
808,2022,4,2,242000,10,242000,1,1.0
809,2022,4,2,200000,10,200000,1,1.0
810,2022,2,2,50000,30,61927,1,0.0
811,2022,2,2,30000,30,37156,1,0.0
812,2022,2,2,60000,30,74313,1,0.0
813,2022,2,2,40000,30,49542,1,0.0
814,2022,1,2,165220,10,165220,1,1.0
815,2022,1,2,120160,10,120160,1,0.0
816,2022,1,2,124190,10,124190,1,0.0
817,2022,1,2,90320,10,90320,1,0.0
818,2022,1,2,181940,10,181940,1,1.0
819,2022,1,2,132320,10,132320,1,0.0
820,2022,1,2,220110,10,220110,1,1.0
821,2022,1,2,160080,10,160080,1,1.0
822,2022,1,2,180000,10,180000,2,1.0
823,2022,1,2,120000,10,120000,2,0.0
824,2022,2,2,126500,10,126500,1,0.0
825,2022,2,2,106260,10,106260,1,0.0
826,2022,1,2,116000,10,116000,1,0.0
827,2022,1,2,99000,10,99000,1,0.0
828,2022,1,2,155000,10,155000,1,1.0
829,2022,1,2,120600,10,120600,1,0.0
830,2022,2,2,130000,10,130000,1,0.0
831,2022,2,2,90000,10,90000,1,0.0
832,2022,2,2,170000,10,170000,1,1.0
833,2022,2,2,150000,10,150000,1,1.0
834,2022,1,2,102100,10,102100,1,0.0
835,2022,1,2,84900,10,84900,1,0.0
836,2022,1,2,136620,10,136620,1,0.0
837,2022,1,2,99360,10,99360,1,0.0
838,2022,1,2,90000,30,111469,1,0.0
839,2022,1,2,80000,30,99084,1,0.0
840,2022,1,2,146000,10,146000,1,0.0
841,2022,1,2,123000,10,123000,1,0.0
842,2022,3,2,40000,30,49542,1,0.0
843,2022,3,2,35000,30,43349,1,0.0
844,2022,4,2,130000,10,130000,1,0.0
845,2022,4,2,110000,10,110000,1,0.0
846,2022,1,2,170000,10,170000,1,1.0
847,2022,1,2,135000,10,135000,1,0.0
848,2022,1,2,161342,10,161342,1,1.0
849,2022,1,2,137141,10,137141,1,0.0
850,2022,1,2,167000,10,167000,1,1.0
851,2022,1,2,123000,10,123000,1,0.0
852,2022,1,2,60000,30,74313,1,0.0
853,2022,1,2,50000,30,61927,1,0.0
854,2022,1,2,211500,10,211500,1,1.0
855,2022,1,2,138600,10,138600,1,0.0
856,2022,1,2,192400,10,192400,1,1.0
857,2022,1,2,90700,10,90700,1,0.0
858,2022,1,2,130000,10,130000,1,0.0
859,2022,1,2,61300,10,61300,1,0.0
860,2022,1,2,130000,10,130000,1,0.0
861,2022,1,2,61300,10,61300,1,0.0
862,2022,1,2,160000,10,160000,2,1.0
863,2022,1,2,113000,10,113000,2,0.0
864,2022,1,2,150000,10,150000,1,1.0
865,2022,1,2,95550,10,95550,1,0.0
866,2022,2,2,167000,10,167000,1,1.0
867,2022,2,2,115500,10,115500,1,0.0
868,2022,1,2,112900,10,112900,1,0.0
869,2022,1,2,90320,10,90320,1,0.0
870,2022,1,2,112900,10,112900,1,0.0
871,2022,1,2,90320,10,90320,1,0.0
872,2022,1,2,165400,10,165400,1,1.0
873,2022,1,2,132320,10,132320,1,0.0
874,2022,1,2,243900,10,243900,1,1.0
875,2022,1,2,156600,10,156600,1,1.0
876,2022,1,2,136600,10,136600,1,0.0
877,2022,1,2,109280,10,109280,1,0.0
878,2022,1,2,128875,10,128875,1,0.0
879,2022,1,2,93700,10,93700,1,0.0
880,2022,4,2,224000,10,224000,1,1.0
881,2022,4,2,167875,10,167875,1,1.0
882,2022,4,2,175000,10,175000,1,1.0
883,2022,4,2,135000,10,135000,1,0.0
884,2022,1,2,209100,10,209100,2,1.0
885,2022,1,2,154600,10,154600,2,1.0
886,2022,1,2,180000,10,180000,1,1.0
887,2022,1,2,160000,10,160000,1,1.0
888,2022,1,2,205300,10,205300,2,1.0
889,2022,1,2,140400,10,140400,2,0.0
890,2022,1,2,176000,10,176000,1,1.0
891,2022,1,2,144000,10,144000,1,0.0
892,2022,1,2,200100,10,200100,1,1.0
893,2022,1,2,160000,10,160000,1,1.0
894,2022,1,2,70500,10,70500,1,0.0
895,2022,1,2,54000,10,54000,1,0.0
896,2022,1,2,205300,10,205300,1,1.0
897,2022,1,2,140400,10,140400,1,0.0
898,2022,1,2,205300,10,205300,1,1.0
899,2022,1,2,184700,10,184700,1,1.0
900,2022,1,2,175100,10,175100,1,1.0
901,2022,1,2,140250,10,140250,1,0.0
902,2022,1,2,116150,10,116150,1,0.0
903,2022,1,2,99050,10,99050,1,0.0
904,2022,1,2,145000,10,145000,1,0.0
905,2022,1,2,130000,10,130000,1,0.0
906,2022,1,2,112900,10,112900,1,0.0
907,2022,1,2,90320,10,90320,1,0.0
908,2022,2,2,85000,10,85000,1,0.0
909,2022,2,2,75000,10,75000,1,0.0
910,2022,1,2,214000,10,214000,1,1.0
911,2022,1,2,192600,10,192600,1,1.0
912,2022,1,2,266400,10,266400,1,1.0
913,2022,1,2,213120,10,213120,1,1.0
914,2022,1,2,155000,10,155000,1,1.0
915,2022,1,2,115000,10,115000,1,0.0
916,2022,2,2,141300,10,141300,1,0.0
917,2022,2,2,102100,10,102100,1,0.0
918,2022,1,2,115934,10,115934,1,0.0
919,2022,1,2,81666,10,81666,1,0.0
920,2022,2,2,206699,10,206699,1,1.0
921,2022,2,2,99100,10,99100,1,0.0
922,2022,1,2,130000,10,130000,1,0.0
923,2022,1,2,110500,10,110500,1,0.0
924,2022,2,2,50000,30,61927,1,0.0
925,2022,2,2,35000,30,43349,1,0.0
926,2022,1,2,80000,10,80000,1,0.0
927,2022,1,2,60000,10,60000,1,0.0
928,2022,1,2,192564,10,192564,1,1.0
929,2022,1,2,144854,10,144854,1,0.0
930,2022,1,2,230000,10,230000,1,1.0
931,2022,1,2,150000,10,150000,1,1.0
932,2022,1,2,150260,10,150260,1,1.0
933,2022,1,2,109280,10,109280,1,0.0
934,2022,1,2,170000,10,170000,1,1.0
935,2022,1,2,150000,10,150000,1,1.0
936,2022,2,2,160000,10,160000,1,1.0
937,2022,2,2,130000,10,130000,1,0.0
938,2022,3,2,67000,10,67000,1,0.0
939,2022,3,2,52000,10,52000,1,0.0
940,2022,1,2,154000,10,154000,1,1.0
941,2022,1,2,126000,10,126000,1,0.0
942,2022,1,2,129000,10,129000,1,0.0
943,2022,1,2,99000,10,99000,1,0.0
944,2022,1,2,210000,10,210000,1,1.0
945,2022,1,2,140000,10,140000,1,0.0
946,2022,1,2,210000,10,210000,1,1.0
947,2022,1,2,140000,10,140000,1,0.0
948,2022,1,2,210000,10,210000,1,1.0
949,2022,1,2,140000,10,140000,1,0.0
950,2022,1,2,100000,10,100000,1,0.0
951,2022,1,2,69000,10,69000,1,0.0
952,2022,1,2,210000,10,210000,1,1.0
953,2022,1,2,140000,10,140000,1,0.0
954,2022,1,2,150075,10,150075,1,1.0
955,2022,1,2,110925,10,110925,1,0.0
956,2022,1,2,100000,10,100000,1,0.0
957,2022,1,2,25000,10,25000,1,0.0
958,2022,1,2,126500,10,126500,1,0.0
959,2022,1,2,106260,10,106260,1,0.0
960,2022,1,2,220110,10,220110,1,1.0
961,2022,1,2,160080,10,160080,1,1.0
962,2022,1,2,105000,10,105000,1,0.0
963,2022,1,2,100000,10,100000,1,0.0
964,2022,1,2,170000,10,170000,1,1.0
965,2022,1,2,135000,10,135000,1,0.0
966,2022,1,2,230000,10,230000,1,1.0
967,2022,1,2,140000,10,140000,1,0.0
968,2022,2,2,135000,10,135000,1,0.0
969,2022,2,2,50000,10,50000,1,0.0
970,2022,1,2,220000,10,220000,1,1.0
971,2022,1,2,140000,10,140000,1,0.0
972,2022,2,2,140000,30,173397,1,0.0
973,2022,2,2,70000,30,86698,1,0.0
974,2022,1,2,220000,10,220000,1,1.0
975,2022,1,2,120000,10,120000,1,0.0
976,2022,2,2,200000,10,200000,1,1.0
977,2022,2,2,120000,10,120000,1,0.0
978,2022,1,2,120000,10,120000,0,0.0
979,2022,1,2,65000,10,65000,0,0.0
980,2022,4,2,324000,10,324000,1,1.0
981,2022,4,2,216000,10,216000,1,1.0
982,2022,1,2,210000,10,210000,1,1.0
983,2022,1,2,100000,10,100000,1,0.0
984,2022,1,2,185100,10,185100,1,1.0
985,2022,1,2,104890,10,104890,1,0.0
986,2022,1,2,105000,10,105000,1,0.0
987,2022,1,2,80000,10,80000,1,0.0
988,2022,2,2,100000,50,77382,1,0.0
989,2020,1,2,157000,50,117104,2,0.0
990,2022,4,2,250000,50,193455,2,0.0
991,2022,2,2,120000,10,120000,0,0.0
992,2022,2,2,240000,130,35988,2,0.0
993,2022,2,2,1400000,40,17959,1,0.0
994,2022,2,2,2400000,40,30787,2,0.0
995,2022,2,2,53000,20,55802,2,1.0
996,2022,2,1,50000,20,52643,2,1.0
997,2022,3,2,1400000,40,17959,1,0.0
998,2022,2,2,75000,10,75000,2,0.0
999,2022,2,2,157000,10,157000,2,1.0
1000,2022,2,2,90000,50,69643,2,0.0
1001,2022,3,2,65000,10,65000,0,0.0
1002,2022,1,2,65000,20,68436,0,1.0
1003,2021,2,2,109000,10,109000,2,0.0
1004,2022,2,2,88000,50,68096,1,0.0
1005,2022,3,2,10000,10,10000,1,0.0
1006,2022,2,2,20000,10,20000,0,0.0
1007,2021,1,2,87000,20,102839,2,1.0
1008,2022,1,2,200000,10,200000,1,1.0
1009,2022,3,2,66500,50,51459,2,0.0
1010,2022,2,2,78000,10,78000,1,0.0
1011,2022,1,2,135000,10,135000,1,0.0
1012,2022,1,2,115000,10,115000,1,0.0
1013,2022,2,2,121000,60,84491,2,0.0
1014,2022,3,2,40000,10,40000,2,0.0
1015,2022,2,2,30000,20,31586,0,1.0
1016,2022,1,2,57000,20,60013,2,1.0
1017,2020,3,2,48000,20,54742,2,1.0
1018,2022,1,2,85000,20,89494,2,1.0
1019,2022,3,2,120000,60,83793,1,0.0
1020,2022,1,2,165000,10,165000,1,1.0
1021,2022,2,2,153000,10,153000,1,1.0
1022,2022,1,2,100000,10,100000,1,0.0
1023,2022,1,2,100000,50,77382,1,0.0
1024,2022,2,2,150000,80,33681,2,0.0
1025,2022,2,2,75000,10,75000,0,0.0
1026,2020,2,2,20000,10,20000,0,0.0
1027,2022,3,3,29000,20,30533,1,1.0
1028,2021,2,2,69999,10,69999,2,0.0
1029,2022,3,2,52800,20,55591,1,1.0
1030,2022,2,2,59000,20,62119,2,1.0
1031,2022,1,2,152500,10,152500,1,1.0
1032,2022,3,2,120000,10,120000,2,0.0
1033,2022,2,2,135000,10,135000,2,0.0
1034,2022,1,2,405000,10,405000,2,1.0
1035,2021,1,2,150000,10,150000,2,1.0
1036,2021,1,2,240000,10,240000,2,1.0
1037,2021,2,2,135000,10,135000,2,0.0
1038,2021,3,2,80000,10,80000,1,0.0
1039,2022,1,2,380000,10,380000,2,1.0
1040,2022,2,2,115000,160,120221,2,0.0
1041,2022,1,2,177000,10,177000,2,1.0
1042,2022,2,2,62000,20,65278,1,1.0
1043,2022,2,2,48000,10,48000,0,0.0
1044,2022,3,2,20000,10,20000,1,0.0
1045,2021,1,2,220000,10,220000,2,1.0
1046,2021,2,2,8500000,100,77364,0,0.0
1047,2021,2,2,7000000,100,63711,0,0.0
1048,2022,3,2,150000,10,150000,0,1.0
1049,2021,2,2,90000,10,90000,1,0.0
1050,2022,2,4,100000,10,100000,1,0.0
1051,2021,3,2,100000,10,100000,0,0.0
1052,2022,3,1,100000,10,100000,1,0.0
1053,2022,1,2,144000,10,144000,2,0.0
1054,2022,1,2,148000,20,155825,1,1.0
1055,2021,1,2,24000,10,24000,1,0.0
1056,2021,2,2,38400,10,38400,1,0.0
1057,2022,3,2,100000,10,100000,2,0.0
1058,2021,2,2,82500,10,82500,0,0.0
1059,2021,3,2,42000,20,49646,1,1.0
1060,2021,1,2,3000000,40,40570,2,0.0
1061,2022,3,2,120000,10,120000,1,0.0
1062,2022,1,2,80000,20,84229,1,1.0
1063,2021,3,2,20000,10,20000,0,0.0
1064,2022,3,2,125000,10,125000,1,0.0
1065,2021,2,2,700000,40,9466,0,0.0
1066,2021,1,2,120000,10,120000,0,0.0
1067,2021,3,1,8760,20,10354,1,1.0
1068,2021,3,2,80000,30,110037,2,0.0
1069,2022,3,2,20000,20,21057,2,1.0
1070,2021,3,2,50000,10,50000,1,0.0
1071,2021,1,2,200000,10,200000,1,1.0
1072,2021,2,2,60000,10,60000,1,0.0
1073,2021,2,2,200000,10,200000,2,1.0
1074,2021,3,2,100000,10,100000,0,0.0
1075,2021,2,2,100000,10,100000,2,0.0
1076,2021,1,2,70000,20,82744,1,1.0
1077,2020,2,2,51999,20,59303,0,1.0
1078,2021,2,2,53000,20,62649,1,1.0
1079,2021,2,2,60000,30,82528,2,0.0
1080,2021,2,2,170000,10,170000,2,1.0
1081,2021,2,2,150000,10,150000,2,1.0
1082,2021,3,2,55000,10,55000,0,0.0
1083,2021,4,2,250000,10,250000,2,1.0
1084,2021,3,2,80000,10,80000,2,0.0
1085,2020,3,2,70000,10,70000,2,0.0
1086,2021,4,2,110000,20,130026,1,1.0
1087,2021,3,2,54000,20,63831,2,1.0
1088,2020,1,2,60000,20,68428,2,1.0
1089,2021,4,2,85000,10,85000,1,0.0
1090,2021,4,2,230000,10,230000,2,1.0
1091,2021,3,2,125000,10,125000,0,0.0
1092,2021,1,2,120000,10,120000,1,0.0
1093,2020,2,2,450000,10,450000,1,1.0
1094,2020,2,2,41000,20,46759,2,1.0
1095,2020,2,2,65000,20,74130,2,1.0
1096,2021,1,2,159500,50,127221,2,0.0
1097,2021,1,2,144000,10,144000,2,0.0
1098,2021,3,2,13400,10,13400,2,0.0
1099,2021,2,2,95000,50,75774,2,0.0
1100,2021,2,2,150000,10,150000,1,1.0
1101,2020,2,2,103000,10,103000,2,0.0
1102,2021,1,2,153000,10,153000,2,1.0
1103,2021,2,2,90000,10,90000,2,0.0
1104,2021,3,2,90000,10,90000,0,0.0
1105,2021,3,2,60000,10,60000,0,0.0
1106,2021,2,2,50000,10,50000,2,0.0
1107,2021,3,1,12000,10,12000,1,0.0
1108,2021,2,1,400000,40,5409,1,0.0
1109,2021,2,3,270000,10,270000,2,1.0
1110,2021,2,2,68000,50,54238,2,0.0
1111,2021,2,2,40000,20,47282,0,1.0
1112,2021,4,2,130000,20,153667,2,1.0
1113,2021,2,2,110000,80,28476,2,0.0
1114,2021,2,2,110000,10,110000,2,0.0
1115,2021,3,2,60000,30,82528,2,0.0
1116,2020,3,2,250000,10,250000,2,1.0
1117,2021,3,2,50000,20,59102,1,1.0
1118,2021,1,2,80000,10,80000,0,0.0
1119,2020,3,2,10000,10,10000,0,0.0
1120,2020,3,2,138000,10,138000,0,0.0
1121,2021,2,2,140000,10,140000,2,0.0
1122,2021,1,2,67000,20,79197,2,1.0
1123,2021,1,2,170000,10,170000,2,1.0
1124,2021,3,2,80000,10,80000,1,0.0
1125,2020,2,2,45760,10,45760,0,0.0
1126,2021,2,2,100000,10,100000,1,0.0
1127,2021,1,2,45000,20,53192,2,1.0
1128,2021,4,2,235000,10,235000,2,1.0
1129,2021,4,2,150000,10,150000,2,1.0
1130,2020,4,2,70000,20,79833,2,1.0
1131,2021,3,2,225000,10,225000,2,1.0
1132,2021,3,2,65000,20,76833,0,1.0
1133,2020,2,2,44000,20,50180,1,1.0
1134,2021,1,2,75000,20,88654,2,1.0
1135,2021,1,2,75000,30,103160,0,0.0
1136,2021,1,2,82500,30,113476,1,0.0
1137,2021,1,2,80000,20,94564,2,1.0
1138,2021,3,2,2250000,40,30428,2,0.0
1139,2021,1,2,150000,10,150000,1,1.0
1140,2021,1,2,115000,10,115000,0,0.0
1141,2021,2,2,235000,50,187442,2,0.0
1142,2021,2,2,37456,30,51519,2,0.0
1143,2020,2,2,106000,10,106000,2,0.0
1144,2020,2,2,88000,30,112872,2,0.0
1145,2021,2,2,11000000,140,36259,2,0.0
1146,2021,1,2,150000,10,150000,2,1.0
1147,2020,3,1,14000,20,15966,0,1.0
1148,2021,2,2,81000,20,95746,0,1.0
1149,2021,3,2,70000,10,70000,1,0.0
1150,2021,2,2,450000,10,450000,2,1.0
1151,2020,2,2,60000,30,76958,0,0.0
1152,2021,2,2,120000,110,89294,2,0.0
1153,2021,3,2,2200000,40,29751,2,0.0
1154,2021,1,2,276000,10,276000,2,1.0
1155,2020,1,2,188000,10,188000,2,1.0
1156,2021,1,2,160000,10,160000,0,1.0
1157,2020,2,2,105000,10,105000,2,0.0
1158,2021,2,2,200000,10,200000,2,1.0
1159,2021,1,2,174000,10,174000,2,1.0
1160,2021,2,2,93000,10,93000,2,0.0
1161,2021,3,2,2100000,40,28399,1,0.0
1162,2021,1,2,51400,20,60757,2,1.0
1163,2021,3,2,90000,10,90000,0,0.0
1164,2020,2,2,61500,20,70139,2,1.0
1165,2020,3,2,450000,40,6072,0,0.0
1166,2020,1,2,720000,150,33511,0,0.0
1167,2021,1,2,170000,10,170000,1,1.0
1168,2021,1,2,70000,30,96282,2,0.0
1169,2021,2,2,108000,90,12103,1,0.0
1170,2021,3,2,31000,20,36643,2,1.0
1171,2021,2,2,52500,30,72212,2,0.0
1172,2020,3,2,91000,10,91000,2,0.0
1173,2021,1,2,125000,50,99703,1,0.0
1174,2021,1,2,165000,10,165000,2,1.0
1175,2021,2,2,80000,10,80000,2,0.0
1176,2021,1,2,130000,50,103691,2,0.0
1177,2021,3,2,1600000,40,21637,1,0.0
1178,2020,3,2,42000,10,42000,2,0.0
1179,2020,2,2,115000,10,115000,2,0.0
1180,2021,2,2,80000,50,63810,1,0.0
1181,2020,1,2,260000,10,260000,0,1.0
1182,2021,2,2,110000,10,110000,0,0.0
1183,2021,2,2,180000,10,180000,2,1.0
1184,2021,1,2,200000,10,200000,2,1.0
1185,2020,1,2,85000,30,109024,1,0.0
1186,2021,1,2,200000,10,200000,2,1.0
1187,2021,1,2,256000,10,256000,0,1.0
1188,2021,2,2,110000,10,110000,2,0.0
1189,2020,2,2,70000,20,79833,2,1.0
1190,2021,3,2,72500,10,72500,2,0.0
1191,2021,1,2,185000,10,185000,2,1.0
1192,2021,2,1,59000,20,69741,2,1.0
1193,2021,3,2,100000,10,100000,2,0.0
1194,2021,2,2,112000,10,112000,2,0.0
1195,2020,1,2,150000,10,150000,2,1.0
1196,2021,1,2,180000,90,20171,2,0.0
1197,2021,1,2,55000,10,55000,2,0.0
1198,2021,3,2,58000,10,58000,2,0.0
1199,2021,3,2,100000,10,100000,1,0.0
1200,2021,1,2,65720,20,77684,1,1.0
1201,2021,3,2,85000,10,85000,0,0.0
1202,2021,3,2,65000,20,76833,2,1.0
1203,2021,1,3,105000,10,105000,1,0.0
1204,2020,3,2,72000,10,72000,2,0.0
1205,2021,3,2,55000,20,65013,1,1.0
1206,2021,2,2,250000,90,28016,1,0.0
1207,2021,2,2,111775,10,111775,1,0.0
1208,2021,2,2,93150,10,93150,1,0.0
1209,2021,1,2,160000,10,160000,0,1.0
1210,2021,2,2,21600,20,25532,0,1.0
1211,2021,1,2,4900000,40,66265,2,0.0
1212,2021,2,2,1250000,40,16904,0,0.0
1213,2021,1,2,54000,20,63831,2,1.0
1214,2020,1,2,190000,10,190000,0,1.0
1215,2021,4,2,120000,20,141846,2,1.0
1216,2021,3,2,1200000,40,16228,2,0.0
1217,2021,1,2,90000,50,71786,1,0.0
1218,2020,2,2,11000000,140,35735,2,0.0
1219,2021,1,2,135000,10,135000,2,0.0
1220,2021,3,2,21000,20,24823,1,1.0
1221,2021,1,2,4000000,40,54094,2,0.0
1222,2021,1,2,1799997,40,24342,2,0.0
1223,2021,3,2,9272,10,9272,0,0.0
1224,2021,2,2,147000,10,147000,2,0.0
1225,2021,1,2,120500,50,96113,2,0.0
1226,2021,1,2,174000,10,174000,2,1.0
1227,2020,2,2,135000,10,135000,2,0.0
1228,2021,3,2,21844,10,21844,1,0.0
1229,2020,1,2,125000,10,125000,0,0.0
1230,2020,3,2,45000,20,51321,0,1.0
1231,2020,2,2,3000000,40,40481,2,0.0
1232,2021,4,2,59000,20,69741,0,1.0
1233,2021,1,2,50000,10,50000,1,0.0
1234,2021,2,2,4000,10,4000,1,0.0
1235,2020,3,2,35000,20,39916,1,1.0
1236,2020,2,2,87000,10,87000,2,0.0
1237,2021,2,2,22000,20,26005,2,1.0
1238,2021,2,2,76760,20,90734,2,1.0
1239,2021,2,2,1672000,40,22611,2,0.0
1240,2021,2,2,420000,40,5679,0,0.0
1241,2021,3,2,81000,10,81000,0,0.0
1242,2021,2,2,30400000,180,40038,2,0.0
1243,2021,2,2,58000,150,2859,0,0.0
1244,2021,3,2,90000,10,90000,0,0.0
1245,2021,2,2,52000,20,61467,1,1.0
1246,2021,1,2,195000,10,195000,1,1.0
1247,2021,2,2,32000,20,37825,2,1.0
1248,2020,2,2,85000,10,85000,2,0.0
1249,2021,4,3,416000,10,416000,0,1.0
1250,2021,1,2,225000,10,225000,2,1.0
1251,2021,2,2,40900,30,56256,2,0.0
1252,2021,2,2,2500000,40,33808,1,0.0
1253,2021,2,2,85000,30,116914,2,0.0
1254,2021,2,2,180000,80,46597,2,0.0
1255,2020,2,2,8000,10,8000,2,0.0
1256,2020,3,2,4450000,100,41689,0,0.0
1257,2020,1,2,100000,20,114047,0,1.0
1258,2021,2,2,75000,20,88654,1,1.0
1259,2020,3,2,423000,40,5707,1,0.0
1260,2020,2,2,56000,10,56000,1,0.0
1261,2021,3,1,180000,120,28609,0,0.0
1262,2021,2,2,75000,20,88654,2,1.0
1263,2020,2,2,299000,130,43331,1,0.0
1264,2020,2,2,450000,40,6072,2,0.0
1265,2020,1,2,42000,20,47899,2,1.0
1266,2020,2,2,98000,10,98000,1,0.0
1267,2021,2,2,48000,30,66022,0,0.0
1268,2021,2,2,48000,20,56738,0,1.0
1269,2021,2,2,21000,20,24823,2,1.0
1270,2021,1,2,120000,10,120000,2,0.0
1271,2021,2,4,20000,10,20000,2,0.0
1272,2020,4,2,325000,10,325000,2,1.0
1273,2021,1,2,200000,10,200000,2,1.0
1274,2020,3,2,300000,120,45896,0,0.0
1275,2021,2,2,160000,10,160000,2,1.0
1276,2021,1,2,50000,10,50000,0,0.0
1277,2021,2,2,34000,20,40189,1,1.0
1278,2021,4,2,600000,10,600000,2,1.0
1279,2021,2,2,69600,70,12901,0,0.0
1280,2021,1,2,165000,10,165000,1,1.0
1281,2021,3,2,435000,40,5882,2,0.0
1282,2020,2,2,37000,20,42197,0,1.0
1283,2021,1,2,185000,10,185000,2,1.0
1284,2020,3,2,55000,20,62726,0,1.0
1285,2021,2,2,76760,20,90734,2,1.0
1286,2020,3,1,19000,20,21669,0,1.0
1287,2020,2,2,110000,10,110000,2,0.0
1288,2021,1,2,140000,10,140000,2,0.0
1289,2020,1,2,120000,10,120000,2,0.0
1290,2021,1,2,110000,50,87738,0,0.0
1291,2021,1,2,45000,30,61896,2,0.0
1292,2021,2,4,12000,10,12000,1,0.0
1293,2021,1,2,65000,20,76833,0,1.0
1294,2021,2,2,74000,10,74000,0,0.0
1295,2021,1,2,152000,10,152000,2,1.0
1296,2021,2,2,18000,10,18000,0,0.0
1297,2020,1,4,60000,10,60000,0,0.0
1298,2021,2,2,130000,10,130000,2,0.0
1299,2021,1,2,102000,70,18907,1,0.0
1300,2021,3,2,50000,20,59102,2,1.0
1301,2021,1,2,147000,20,173762,1,1.0
1302,2020,1,2,130000,20,148261,1,1.0
1303,2020,2,2,34000,20,38776,1,1.0
1304,2021,2,2,39600,20,46809,1,1.0
1305,2021,3,2,4000,10,4000,1,0.0
1306,2021,3,2,1335000,40,18053,0,0.0
1307,2020,1,2,80000,20,91237,0,1.0
1308,2020,2,2,55000,20,62726,0,1.0
1309,2021,2,2,115000,10,115000,2,0.0
1310,2021,1,2,235000,10,235000,2,1.0
1311,2021,2,2,1450000,40,19609,2,0.0
1312,2021,3,1,12000,10,12000,0,0.0
1313,2021,2,2,75000,10,75000,2,0.0
1314,2021,2,2,62000,10,62000,2,0.0
1315,2021,2,2,73000,10,73000,2,0.0
1316,2021,2,2,38400,20,45391,2,1.0
1317,2020,1,2,190200,10,190200,1,1.0
1318,2020,2,2,118000,10,118000,1,0.0
1319,2020,2,2,138350,10,138350,1,0.0
1320,2020,2,2,130800,10,130800,1,0.0
1321,2020,1,2,40000,20,45618,0,1.0
1322,2021,1,2,168000,10,168000,0,1.0
1323,2021,2,2,160000,110,119059,1,0.0
1324,2021,2,2,423000,10,423000,2,1.0
1325,2021,2,2,24000,20,28369,2,1.0
1326,2021,1,2,165000,10,165000,2,1.0
1327,2020,1,2,412000,10,412000,2,1.0
1328,2021,2,2,151000,10,151000,2,1.0
1329,2020,3,2,105000,10,105000,0,0.0
1330,2020,3,3,100000,10,100000,2,0.0
1331,2021,1,2,7000000,40,94665,2,0.0
